ticker,trade_date,close,avg_turnover20,trading_days,ret20,ret60,distance_120d_high,volume_ratio20,realized_vol20_pct,market_cap,per,pbr,coarse_multiple_source,coarse_mlp,coarse_velocity_pct,coarse_acceleration_pct,coarse_curvature_pct,company_name,company_name_en,market_name,market_code,sector33_name,sector17_name,liquidity_ok,history_ok,liquidity_score,coarse_shape_score,coarse_score,prefilter_state,eligible
4704,2026-10-08,7232.0,9050040705.0,74,0.25294525294525294,0.15582547546747638,0.0,2.856926437991357,29.80619288157222,,,,PRICE ONLY,,,,,トレンドマイクロ,Trend Micro Incorporated,プライム,,情報･通信業,情報通信・サービスその他,True,True,96.11898016997166,35.0,69.97379603399433,BASE,True
3692,2026-10-08,9960.0,4807287400.0,74,0.5935999999999999,0.8935361216730038,0.0,4.881507665920642,100.91032967544142,,,,PRICE ONLY,,,,,ＦＦＲＩセキュリティ,"FFRI Security,Inc.",グロース,,情報･通信業,情報通信・サービスその他,True,True,93.25779036827196,35.0,69.4015580736544,BASE,True
3132,2026-10-08,4529.0,4259384337.1936035,74,0.25302775788365994,0.44100167055914863,0.0,1.9388372307597674,34.15122475897316,,,,PRICE ONLY,,,,,マクニカホールディングス,"MACNICA HOLDINGS,INC.",プライム,,卸売業,商社・卸売,True,True,92.80453257790369,35.0,68.90315472064586,BASE,True
4417,2026-10-08,6610.0,1230593214.3823242,74,0.4954628879456717,0.6916828397090247,0.0,9.882019820670127,83.62394922880762,,,,PRICE ONLY,,,,,グローバルセキュリティエキスパート,Global Security Experts Inc.,グロース,,情報･通信業,情報通信・サービスその他,True,True,84.27762039660055,35.0,67.6055240793201,BASE,True
3762,2026-10-08,2969.0,918055295.345459,74,0.26707241521800884,0.6112744737250224,0.0,5.254963701565643,40.149951286227456,,,,PRICE ONLY,,,,,テクマトリックス,TECHMATRIX CORPORATION,プライム,,情報･通信業,情報通信・サービスその他,True,True,81.95467422096317,35.0,67.14093484419263,BASE,True
4258,2026-10-08,6150.0,897085100.0,74,0.3666666666666667,0.45047169811320753,0.0,9.728173666823974,55.32371353533464,,,,PRICE ONLY,,,,,網屋,AMIYA Corporation,グロース,,情報･通信業,情報通信・サービスその他,True,True,81.55807365439094,35.0,67.06161473087819,BASE,True
2326,2026-10-08,5650.0,845895374.6704102,74,0.2685261528824405,0.45621626281411354,0.0,3.994710835827128,33.756988021727416,,,,PRICE ONLY,,,,,デジタルアーツ,Digital Arts Inc.,プライム,,情報･通信業,情報通信・サービスその他,True,True,80.87818696883853,35.0,66.92563739376772,BASE,True
4288,2026-10-08,614.0,914108355.0,74,0.31196581196581197,0.4481132075471699,-0.014446227929374,2.1612926339925482,97.78092632364735,,,,PRICE ONLY,,,,,アズジェント,"Asgent,Inc.",スタンダード,,情報･通信業,情報通信・サービスその他,True,True,81.89801699716713,35.0,66.66010099172877,BASE,True
3040,2026-10-08,2904.0,565606690.0,74,0.23469387755102034,0.48012232415902134,0.0,5.307683187099834,44.11100658773451,,,,PRICE ONLY,,,,,ソリトンシステムズ,SOLITON SYSTEMS K.K.,プライム,,情報･通信業,情報通信・サービスその他,True,True,77.39376770538243,35.0,66.22875354107649,BASE,True
3927,2026-10-08,1300.0,514563357.9968262,74,0.5042414492844309,0.41042853076962116,0.0,44.30397887987932,111.6775926990887,,,,PRICE ONLY,,,,,フーバーブレイン,Fuva Brain Limited,スタンダード,,情報･通信業,情報通信・サービスその他,True,True,76.03399433427762,35.0,65.95679886685552,BASE,True
4382,2026-10-08,1050.0,510310195.0,74,0.39813581890812255,0.5151515151515151,0.0,7.6827573667874445,65.45117033539296,,,,PRICE ONLY,,,,,ＨＥＲＯＺ,"HEROZ,Inc.",スタンダード,,情報･通信業,情報通信・サービスその他,True,True,75.92067988668555,35.0,65.9341359773371,BASE,True
4768,2026-10-08,3842.0,4471019220.0,74,0.08931102920328882,0.31215846994535523,0.0,2.1846379873164072,16.00840449507137,,,,PRICE ONLY,,,,,大塚商会,OTSUKA CORPORATION,プライム,,情報･通信業,情報通信・サービスその他,True,True,93.0028328611898,35.0,65.55551614492215,BASE,True
3968,2026-10-08,780.0,374085170.0,74,0.2264150943396226,0.32879045996592837,0.0,4.326425769724739,42.029931432924094,,,,PRICE ONLY,,,,,セグエグループ,"Segue Group Co.,Ltd.",プライム,,情報･通信業,情報通信・サービスその他,True,True,72.12464589235128,35.0,65.17492917847025,BASE,True
5133,2026-10-08,395.0,353459380.0,74,0.3210702341137124,0.28664495114006505,0.0,14.784702575512036,56.35659987294057,,,,PRICE ONLY,,,,,テリロジーホールディングス,Terilogy Holdings Corporation,スタンダード,,情報･通信業,情報通信・サービスその他,True,True,71.44475920679886,35.0,65.03895184135978,BASE,True
6807,2026-10-08,2837.0,832980505.501709,74,0.14596046871716384,0.21910696091086557,0.0,2.7187597544480284,23.917843135013207,,,,PRICE ONLY,,,,,日本航空電子工業,"Japan Aviation Electronics Industry,Limited",プライム,,電気機器,電機・精密,True,True,80.6515580736544,35.0,65.02752768503365,BASE,True
6871,2026-10-08,16320.0,17664557200.0,74,0.26315789473684204,-0.0018348623853210455,-0.07535410764872519,1.46010034886274,66.55091834240372,,,,PRICE ONLY,,,,,日本マイクロニクス,"MICRONICS JAPAN CO.,LTD.",プライム,,電気機器,電機・精密,True,True,98.01699716713881,35.0,64.30505992726246,BASE,True
6890,2026-10-08,11400.0,10786430250.0,74,0.18257261410788383,0.368547418967587,-0.06327033689400163,1.5302895789484183,67.6831590061606,,,,PRICE ONLY,,,,,フェローテック,Ferrotec Corporation,スタンダード,,電気機器,電機・精密,True,True,96.68555240793201,35.0,64.30191135207683,BASE,True
6857,2026-10-08,40930.0,414299772150.0,74,0.18706496519721583,0.4036351165980796,-0.0219832735961768,1.1250882479477171,57.32656993343754,,,,PRICE ONLY,,,,,アドバンテスト,ADVANTEST CORPORATION,プライム,,電気機器,電機・精密,True,True,99.97167138810198,35.0,63.75364596453874,BASE,True
5599,2026-10-08,1675.0,226416220.0,74,0.6405484818805094,0.5566914498141264,0.0,4.598075729360645,118.72531352451998,,,,PRICE ONLY,,,,,Ｓ＆Ｊ,S&J Corporation,グロース,,情報･通信業,情報通信・サービスその他,True,True,65.01416430594901,35.0,63.7528328611898,BASE,True
7701,2026-10-08,4223.0,5026622012.578125,74,0.10517988539547884,0.06290671491470534,-0.005234630153498565,1.6457412656532073,25.010789767382803,,,,PRICE ONLY,,,,,島津製作所,Shimadzu Corporation,プライム,,精密機器,電機・精密,True,True,93.51274787535411,35.0,63.669723841567546,BASE,True
4475,2026-10-08,1735.0,1424318198.4924316,74,0.1076762414297654,0.4531304713662716,-0.032887402452619896,2.7194840965067932,47.547157612780936,,,,PRICE ONLY,,,,,ＨＥＮＮＧＥ,HENNGE K.K.,グロース,,情報･通信業,情報通信・サービスその他,True,True,85.55240793201133,35.0,63.6262549985698,BASE,True
4398,2026-10-08,2822.0,210348770.0,74,1.1875968992248063,1.2739726027397262,0.0,6.443988394310382,129.92145011759868,,,,PRICE ONLY,,,,,ブロードバンドセキュリティ,"BroadBand Security,Inc.",スタンダード,,情報･通信業,情報通信・サービスその他,True,True,64.05099150141643,35.0,63.56019830028329,BASE,True
4307,2026-10-08,5341.0,11229951484.15039,74,0.08811732888418611,0.07337199684534634,-0.03404219957917165,1.754499809008362,32.962733794727434,,,,PRICE ONLY,,,,,野村総合研究所,"Nomura Research Institute,Ltd.",プライム,,情報･通信業,情報通信・サービスその他,True,True,96.79886685552408,35.0,63.53075664943816,BASE,True
3774,2026-10-08,3584.0,1574190649.3725586,74,0.12108617197402172,0.027502654486940337,-0.007011496429856656,1.7163443564558338,17.59563166436992,,,,PRICE ONLY,,,,,インターネットイニシアティブ,Internet Initiative Japan Inc.,プライム,,情報･通信業,情報通信・サービスその他,True,True,86.11898016997166,35.0,63.14926781550554,BASE,True
8766,2026-10-08,518.0999755859375,46790566579.48349,74,0.26983454999226963,0.2783861691434171,-0.036093068677325535,1.0429538077260179,94.18077730499972,,,,PRICE ONLY,,,,,東京海上ホールディングス,"Tokio Marine Holdings,Inc.",プライム,,保険業,金融（除く銀行）,True,True,99.37677053824363,35.0,63.07202142714244,BASE,True
6638,2026-10-08,2295.0,306871071.94885254,74,0.18212135018310316,0.15509476216148976,-0.003040834057341457,1.865434594282414,38.48021268075234,,,,PRICE ONLY,,,,,ミマキエンジニアリング,"MIMAKI ENGINEERING CO.,LTD.",プライム,,電気機器,電機・精密,True,True,69.63172804532579,35.0,63.0674335179812,BASE,True
2670,2026-10-08,2868.5,1829362427.5,74,0.06339202965708979,0.12285090452594116,-0.013748074713012759,3.488865143574348,22.21205481192931,,,,PRICE ONLY,,,,,エービーシー・マート,"ABC-MART,INC.",プライム,,小売業,小売,True,True,87.02549575070822,35.0,63.02458488164038,BASE,True
9889,2026-10-08,1838.0,325280640.9436035,74,0.14490967150058576,0.33151775678785156,0.0,3.1666474188705394,30.552991492646303,,,,PRICE ONLY,,,,,ＪＢＣＣホールディングス,JBCC Holdings Inc.,プライム,,情報･通信業,情報通信・サービスその他,True,True,70.48158640226629,35.0,62.9575060176162,BASE,True
4612,2026-10-08,1229.5,4175739632.5,74,0.07850877192982453,0.1389532190829088,-0.03150846790074835,1.792924357903838,26.40708708469343,,,,PRICE ONLY,,,,,日本ペイントホールディングス,"NIPPON PAINT HOLDINGS CO.,LTD.",プライム,,化学,素材・化学,True,True,92.69121813031161,35.0,62.71830060481234,BASE,True
5246,2026-10-08,915.0,586154990.0,74,0.10373944511459587,0.4142194744976817,-0.009740259740259716,4.230514500836587,40.31292880089117,,,,PRICE ONLY,,,,,ＥＬＥＭＥＮＴＳ,"ELEMENTS,Inc.",グロース,,情報･通信業,情報通信・サービスその他,True,True,77.76203966005666,35.0,62.68548760866761,BASE,True
6701,2026-10-08,5078.0,25552091998.310547,74,0.10614863600006808,0.16264144328495433,-0.01328464658733719,1.3608992749661344,29.712214721969048,,,,PRICE ONLY,,,,,日本電気,NEC Corporation,プライム,,電気機器,電機・精密,True,True,98.72521246458923,35.0,62.58485892717738,BASE,True
4203,2026-10-08,9237.0,7049581237.470703,74,0.29245034614735577,0.3023992185622313,-0.02077811936817553,0.9886960768737385,49.178477394721085,,,,PRICE ONLY,,,,,住友ベークライト,"Sumitomo Bakelite Company,Limited",プライム,,化学,素材・化学,True,True,95.35410764872522,35.0,62.403506496104264,BASE,True
5985,2026-10-08,2558.0,1841537453.8537598,74,0.17934133805719643,0.7799995939707545,-0.110879388251651,1.7737303354160923,73.50833479743928,,,,PRICE ONLY,,,,,サンコール,SUNCALL CORPORATION,スタンダード,,金属製品,建設・資材,True,True,87.08215297450424,35.0,62.34608906526668,BASE,True
4166,2026-10-08,792.0,121111555.0,74,0.2591414944356121,0.1945701357466063,0.0,14.845883940620782,41.650590106369386,,,,PRICE ONLY,,,,,かっこ,Cacco Inc.,グロース,,情報･通信業,情報通信・サービスその他,True,True,57.535410764872516,35.0,62.257082152974505,BASE,True
3909,2026-10-08,309.0,117264850.0,74,0.6349206349206349,0.5449999999999999,0.0,51.90454950936664,120.94338290915144,,,,PRICE ONLY,,,,,ショーケース,Showcase Inc.,スタンダード,,情報･通信業,情報通信・サービスその他,True,True,56.96883852691218,35.0,62.14376770538244,BASE,True
3967,2026-10-08,751.0,237636515.0,74,0.3315602836879432,0.30608695652173923,-0.06125000000000003,3.2648071171967574,93.88875388578926,,,,PRICE ONLY,,,,,エルテス,"Eltes Co.,Ltd.",グロース,,情報･通信業,情報通信・サービスその他,True,True,65.80736543909347,35.0,61.92084808781869,BASE,True
7740,2026-10-08,1510.0,735008190.0,74,0.08243727598566308,0.34461264470169195,-0.02580645161290318,2.3142815860631205,30.70878018468154,,,,PRICE ONLY,,,,,タムロン,"Tamron Co.,Ltd.",プライム,,精密機器,電機・精密,True,True,79.8300283286119,35.0,61.846574022097194,BASE,True
6227,2026-10-08,8490.0,8567538850.0,74,0.2883156297420333,0.46632124352331616,-0.05351170568561869,1.0435901193558368,74.60007145740589,,,,PRICE ONLY,,,,,ＡＩメカテック,"AIMECHATEC,Ltd.",スタンダード,,機械,機械,True,True,95.86402266288951,35.0,61.807608226834205,BASE,True
6794,2026-10-08,3540.0,491148257.2766113,74,0.18637706637460205,0.2364884432251113,0.0,1.462884321386105,28.30410693337741,,,,PRICE ONLY,,,,,フォスター電機,"Foster Electric Company,Limited",プライム,,電気機器,電機・精密,True,True,75.41076487252124,35.0,61.7843097737313,BASE,True
2760,2026-10-08,4820.0,574933317.5744629,74,0.16879863107188342,0.2993559728410151,0.0,1.4804087215383377,39.67637661265763,,,,PRICE ONLY,,,,,東京エレクトロン　デバイス,TOKYO ELECTRON DEVICE LIMITED,プライム,,卸売業,商社・卸売,True,True,77.56373937677054,35.0,61.72904479855046,BASE,True
7864,2026-10-08,3465.0,546862305.5078125,74,0.06838644637660041,0.18289496988096166,0.0,1.9878693015065545,16.49618026259006,,,,PRICE ONLY,,,,,フジシールインターナショナル,"FUJI SEAL INTERNATIONAL,INC.",プライム,,その他製品,情報通信・サービスその他,True,True,76.91218130311614,35.0,61.53910024167418,BASE,True
6855,2026-10-08,8560.0,4043556261.086426,74,0.2976408474760821,0.24521091983083876,-0.04012103613979168,1.0224733625099256,43.66299383320166,,,,PRICE ONLY,,,,,日本電子材料,JAPAN ELECTRONIC MATERIALS CORPORATION,スタンダード,,電気機器,電機・精密,True,True,92.37960339943344,35.0,61.40514275540963,BASE,True
9250,2026-10-08,1597.0,85457580.0,74,0.5749506903353057,0.7358695652173912,0.0,16.35376260667184,115.55637876851195,,,,PRICE ONLY,,,,,ＧＲＣＳ,GRCS Inc.,グロース,,サービス業,情報通信・サービスその他,True,True,53.25779036827195,35.0,61.40155807365439,BASE,True
6702,2026-10-08,4125.0,27524440003.30078,74,0.08355201896216036,0.2237877215036943,-0.0004846135207172697,1.220641885211618,30.63359188171782,,,,PRICE ONLY,,,,,富士通,Fujitsu Limited,プライム,,電気機器,電機・精密,True,True,98.83852691218131,35.0,61.31373247074543,BASE,True
6490,2026-10-08,12230.0,1290151100.0,74,0.24415055951169884,0.26473629782833497,-0.019246190858059342,1.1315778278810567,48.934112938219826,,,,PRICE ONLY,,,,,ＰＩＬＬＡＲ,PILLAR Corporation,プライム,,機械,機械,True,True,84.70254957507082,35.0,61.27552756466761,BASE,True
3064,2026-10-08,2147.5,3979354670.0,74,0.12966859547606524,0.08734177215189876,0.0,1.1586109473769792,35.03968771997123,,,,PRICE ONLY,,,,,ＭｏｎｏｔａＲＯ,"MonotaRO Co.,Ltd.",プライム,,小売業,小売,True,True,92.29461756373938,35.0,61.18830072110712,BASE,True
1980,2026-10-08,2966.0,1531115733.7158203,74,0.06363213095085296,0.07772749535176127,-0.029132569558101507,1.823319652829173,31.129082388817626,,,,PRICE ONLY,,,,,ダイダン,"DAI-DAN CO.,LTD.",プライム,,建設業,建設・資材,True,True,85.97733711048159,35.0,61.14532013434842,BASE,True
6323,2026-10-08,4434.0,5761586805.0,74,0.1534859521331946,-0.03314435237679891,-0.12716535433070864,1.5628121018771108,53.48230516042249,,,,PRICE ONLY,,,,,ローツェ,RORZE CORPORATION,プライム,,機械,機械,True,True,94.36260623229462,35.0,60.980293887791646,BASE,True
6834,2026-10-08,6810.0,4622456576.860352,74,0.24126437218422492,0.5030722880854066,-0.07598371777476254,1.1122360240385238,79.91222058543192,,,,PRICE ONLY,,,,,精工技研,"SEIKOH GIKEN Co.,Ltd.",スタンダード,,電気機器,電機・精密,True,True,93.05949008498584,35.0,60.974000682907544,BASE,True
3105,2026-10-08,2717.5,2238682875.0,74,0.1918859649122806,0.1853871319520175,-0.0336059743954481,1.078811185220264,35.03863870637544,,,,PRICE ONLY,,,,,日清紡ホールディングス,Nisshinbo Holdings Inc.,プライム,,電気機器,電機・精密,True,True,88.55524079320112,35.0,60.949399736868116,BASE,True
7552,2026-10-08,5210.0,1635506609.3737793,74,0.4304461819103673,0.6838263380499843,0.0,0.930246258984329,56.156559520783404,,,,PRICE ONLY,,,,,ハピネット,HAPPINET CORPORATION,プライム,,卸売業,商社・卸売,True,True,86.37393767705383,35.0,60.893095928639625,BASE,True
4073,2026-10-08,771.0,436394060.0,74,0.573469387755102,0.7764976958525345,-0.14428412874583796,4.051398030485887,157.016741190116,,,,PRICE ONLY,,,,,ジィ・シィ企画,"Global Communication Planning Co.,Ltd.",グロース,,情報･通信業,情報通信・サービスその他,True,True,74.10764872521246,35.0,60.88229556080276,BASE,True
3562,2026-10-08,1732.0,271634710.0,74,0.09898477157360408,0.1130751743310292,0.0,29.850607632169673,35.89805059920161,,,,PRICE ONLY,,,,,Ｎｏ．１,"No.1 Co.,Ltd",スタンダード,,卸売業,商社・卸売,True,True,67.5070821529745,35.0,60.788037170261326,BASE,True
4438,2026-10-08,319.0,87037455.0,74,0.22222222222222232,0.2914979757085021,-0.021472392638036797,6.35529963744935,140.34624229502654,,,,PRICE ONLY,,,,,Ｗｅｌｂｙ,Welby Inc.,グロース,,情報･通信業,情報通信・サービスその他,True,True,53.4844192634561,35.0,60.74903109195503,BASE,True
7867,2026-10-08,4210.0,3007978831.6870117,74,0.17332337564534228,0.29222685250061264,-0.009877704609595472,0.9515711046323291,29.51044509480069,,,,PRICE ONLY,,,,,タカラトミー,"TOMY COMPANY,LTD.",プライム,,その他製品,情報通信・サービスその他,True,True,90.6515580736544,35.0,60.65513312507011,BASE,True
4401,2026-10-08,4808.0,1232557248.2373047,74,0.06493913534389573,0.17809370040445138,0.0,1.6368109479511033,26.737707533747123,,,,PRICE ONLY,,,,,ＡＤＥＫＡ,ADEKA CORPORATION,プライム,,化学,素材・化学,True,True,84.3342776203966,35.0,60.564936960305964,BASE,True
4967,2026-10-08,7206.0,2351202360.0,74,0.2744959320834808,0.2662098049551924,0.0,0.7795568954239072,61.88531398698435,,,,PRICE ONLY,,,,,小林製薬,"KOBAYASHI PHARMACEUTICAL CO.,LTD.",プライム,,化学,素材・化学,True,True,88.89518413597733,35.0,60.39274946335485,BASE,True
6532,2026-10-08,8346.0,8586876420.0,74,0.1273807915709848,0.2615762218612341,0.0,0.9367806862587655,35.63636915182495,,,,PRICE ONLY,,,,,ベイカレント,"BayCurrent,Inc.",プライム,,サービス業,情報通信・サービスその他,True,True,95.89235127478753,35.0,60.35054006483066,BASE,True
4021,2026-10-08,9020.0,4634559586.416016,74,0.14375345988802168,0.11515259809446321,-0.0027639579878385723,0.9376744521078316,22.485331776834467,,,,PRICE ONLY,,,,,日産化学,Nissan Chemical Corporation,プライム,,化学,素材・化学,True,True,93.1444759206799,35.0,60.27844342641086,BASE,True
6301,2026-10-08,7397.0,25297689195.378418,74,-0.011026275307227662,0.17161293436099334,-0.05517946097841364,1.812152315587803,40.18315379425737,,,,PRICE ONLY,,,,,小松製作所,KOMATSU LTD.,プライム,,機械,機械,True,True,98.69688385269122,35.0,60.208539810696394,BASE,True
8012,2026-10-08,1199.0,1043781513.0108643,74,0.0630446134856184,0.04969902211844901,-0.04722795476029151,1.8588620165907233,22.333309348969898,,,,PRICE ONLY,,,,,長瀬産業,"NAGASE & CO.,LTD.",プライム,,卸売業,商社・卸売,True,True,82.88951841359773,35.0,60.15646201169325,BASE,True
7729,2026-10-08,20225.0,5707496481.875,74,0.15907041549773138,0.12674070187571784,-0.02487376102269223,0.9045067759218405,45.53284044352747,,,,PRICE ONLY,,,,,東京精密,"TOKYO SEIMITSU CO.,LTD.",プライム,,精密機器,電機・精密,True,True,94.30594900849857,35.0,60.09620436786337,BASE,True
7267,2026-10-08,1712.5,23531807095.615845,74,0.03133535388451536,0.16385714509711646,-0.00278752901528756,1.3118160561525691,25.21568622723862,,,,PRICE ONLY,,,,,本田技研工業,"HONDA MOTOR CO.,LTD.",プライム,,輸送用機器,自動車・輸送機,True,True,98.4985835694051,35.0,59.98844119508468,BASE,True
4493,2026-10-08,3360.0,8886266360.0,74,0.8594355285002766,0.7862838915470494,0.0,0.12651404408417907,107.36783602754313,,,,PRICE ONLY,,,,,サイバーセキュリティクラウド,"Cyber Security Cloud,Inc.",グロース,,情報･通信業,情報通信・サービスその他,True,True,96.03399433427762,35.0,59.95679886685552,BASE,True
5444,2026-10-08,12590.0,1922204787.3144531,74,0.03064574126827968,0.03523197918127119,-0.069082103383316,1.9624722577173985,20.44216683008729,,,,PRICE ONLY,,,,,大和工業,"YAMATO KOGYO CO.,LTD.",プライム,,鉄鋼,鉄鋼・非鉄,True,True,87.39376770538244,35.0,59.92696850462334,BASE,True
3106,2026-10-08,2496.0,440312440.4180908,74,0.2125171480250374,0.3354563323404771,-0.0016000000000000458,1.1553690835190769,38.72498075174184,,,,PRICE ONLY,,,,,倉敷紡績,KURABO INDUSTRIES LTD.,プライム,,繊維製品,素材・化学,True,True,74.22096317280453,35.0,59.911319858021415,BASE,True
6859,2026-10-08,4390.0,296261767.64404297,74,0.10857013918900837,0.11975373866916161,-0.05030518254176075,2.5853694986176494,31.985467509962284,,,,PRICE ONLY,,,,,エスペック,ESPEC CORP.,プライム,,電気機器,電機・精密,True,True,68.81019830028329,35.0,59.742383142501154,BASE,True
7806,2026-10-08,8950.0,1749603126.1035156,74,0.1005107009439501,0.20363752055766482,-0.04584221748400852,1.4677022716758783,62.745686272284765,,,,PRICE ONLY,,,,,ＭＴＧ,"MTG Co.,Ltd.",グロース,,その他製品,情報通信・サービスその他,True,True,86.91218130311614,35.0,59.682850988310435,BASE,True
6523,2026-10-08,1561.0,2137749145.3399658,74,0.14927544046964258,0.5242556153659106,-0.0730403800475059,1.3092547498578324,73.81834488500874,,,,PRICE ONLY,,,,,ＰＨＣホールディングス,PHC Holdings Corporation,プライム,,電気機器,電機・精密,True,True,88.24362606232295,35.0,59.68081677131299,BASE,True
7337,2026-10-08,2355.0,1668885750.1123047,74,-0.0029783268965709597,0.07147974724573336,-0.03740036787247092,1.9570654596836958,25.90436867242666,,,,PRICE ONLY,,,,,ひろぎんホールディングス,"Hirogin Holdings,Inc.",プライム,,銀行業,銀行,True,True,86.54390934844193,35.0,59.59778272288957,BASE,True
4046,2026-10-08,2124.0,768127739.6844482,74,0.05009364041789843,0.1996024721735692,-0.021198156682027625,1.7975959457761521,34.42142735207572,,,,PRICE ONLY,,,,,大阪ソーダ,"OSAKA SODA CO.,LTD.",プライム,,化学,素材・化学,True,True,80.08498583569406,35.0,59.58905009923711,BASE,True
8388,2026-10-08,2152.0,1468684427.1209717,74,0.13000143323888658,0.48043559571941996,-0.07041036717062632,1.4330070674512818,42.16923025159622,,,,PRICE ONLY,,,,,阿波銀行,"The Awa Bank,Ltd.",プライム,,銀行業,銀行,True,True,85.80736543909349,35.0,59.44323241073419,BASE,True
6832,2026-10-08,2848.0,95250909.94140625,74,0.1983926382536152,0.13367852061925345,-0.07071326018314072,2.256197120379991,40.53865811204428,,,,PRICE ONLY,,,,,アオイ電子,"AOI ELECTRONICS CO.,LTD.",スタンダード,,電気機器,電機・精密,True,True,54.900849858356935,35.0,59.37687947012898,BASE,True
4684,2026-10-08,5174.0,8013265159.020996,74,0.06531235607676877,0.2690054224946494,0.0,1.1132655210436981,19.456400695265476,,,,PRICE ONLY,,,,,オービック,"OBIC Co.,Ltd.",プライム,,情報･通信業,情報通信・サービスその他,True,True,95.72237960339943,35.0,59.36505065026995,BASE,True
6988,2026-10-08,3526.0,11032655020.731201,74,0.05319686630364884,0.13698157896456364,-0.02353918582110215,1.246949534492233,32.37298364083469,,,,PRICE ONLY,,,,,日東電工,NITTO DENKO CORPORATION,プライム,,化学,素材・化学,True,True,96.71388101983003,35.0,59.27416592990114,BASE,True
6724,2026-10-08,3387.0,4638292310.314941,74,0.08832466283917606,0.2313503895047102,0.0,1.047054940855639,26.460159049404318,,,,PRICE ONLY,,,,,セイコーエプソン,SEIKO EPSON CORPORATION,プライム,,電気機器,電機・精密,True,True,93.20113314447592,35.0,59.20839086527596,BASE,True
6941,2026-10-08,9710.0,2560070486.6503906,74,0.2658476988794307,0.14847453210506467,-0.12944816446332919,1.205990039736938,54.4497585332847,,,,PRICE ONLY,,,,,山一電機,"YAMAICHI ELECTRONICS CO.,LTD.",プライム,,電気機器,電機・精密,True,True,89.63172804532577,35.0,59.175880528919876,BASE,True
3900,2026-10-08,742.0,80774875.0,74,0.138036809815951,0.24288107202680065,0.0,3.438539006408712,44.152053324035506,,,,PRICE ONLY,,,,,クラウドワークス,CrowdWorks Inc.,グロース,,情報･通信業,情報通信・サービスその他,True,True,52.57790368271955,35.0,59.14112850166223,BASE,True
3156,2026-10-08,6220.0,594720799.1821289,74,0.19383189602779227,0.6448350601749713,-0.029641185647425905,1.0944088902118372,46.619018361649225,,,,PRICE ONLY,,,,,レスター,Restar Corporation,プライム,,卸売業,商社・卸売,True,True,77.87535410764872,35.0,59.11298037225829,BASE,True
5932,2026-10-08,729.0,107231005.0,74,0.11809815950920255,0.15714285714285725,0.0,11.122601846034891,57.05804048634482,,,,PRICE ONLY,,,,,三協立山,"Sankyo Tateyama,Inc.",プライム,,金属製品,建設・資材,True,True,55.77903682719547,35.0,59.09774426289747,BASE,True
5805,2026-10-08,2834.0,3734409357.1362305,74,0.0611088562976938,0.2967062747480691,-0.03801765105227428,1.3840899220469485,51.25837106978447,,,,PRICE ONLY,,,,,ＳＷＣＣ,SWCC Corporation,プライム,,非鉄金属,鉄鋼・非鉄,True,True,92.03966005665723,35.0,59.0543090959855,BASE,True
2160,2026-10-08,3150.0,4136080725.0,74,0.07398568019093088,0.21715610510046357,-0.13342503438789544,1.7667502745946655,62.78796719207047,,,,PRICE ONLY,,,,,ジーエヌアイグループ,GNI Group Ltd.,グロース,,医薬品,医薬品,True,True,92.54957507082153,35.0,59.04811226230645,BASE,True
6920,2026-10-08,46610.0,167136023850.0,74,0.3096375386344479,0.08344955834495593,-0.18604329915993456,1.1566343427723078,54.01409249023607,,,,PRICE ONLY,,,,,レーザーテック,Lasertec Corporation,プライム,,電気機器,電機・精密,True,True,99.8300283286119,35.0,59.047160728173225,BASE,True
6504,2026-10-08,14660.0,9178678074.941406,74,0.10305017344642198,0.13875582696916888,-0.047742773627801216,1.0871319840988467,36.2058023168152,,,,PRICE ONLY,,,,,富士電機,"FUJI ELECTRIC CO.,LTD.",プライム,,電気機器,電機・精密,True,True,96.17563739376772,35.0,59.02370650991012,BASE,True
8366,2026-10-08,3045.0,1905792899.2626953,74,0.06712681764971529,0.06195910932253046,-0.04245283018867929,1.5073650942103183,35.15000314887251,,,,PRICE ONLY,,,,,滋賀銀行,"THE SHIGA BANK,LTD.",プライム,,銀行業,銀行,True,True,87.30878186968839,35.0,58.992154721245576,BASE,True
6877,2026-10-08,6380.0,307058425.5395508,74,0.16516576822615825,0.06551343903680529,-0.018461538461538418,1.410269142913894,48.56848171840443,,,,PRICE ONLY,,,,,ＯＢＡＲＡ　ＧＲＯＵＰ,Obara Group Incorporated,スタンダード,,電気機器,電機・精密,True,True,69.6600566572238,35.0,58.95615576624377,BASE,True
4461,2026-10-08,15890.0,2232056203.955078,74,0.16520152613603556,0.5156464138769816,-0.05020920502092052,0.9992308875557606,74.75213278179773,,,,PRICE ONLY,,,,,第一工業製薬,DKS Co.Ltd.,プライム,,化学,素材・化学,True,True,88.47025495750708,35.0,58.947367212881126,BASE,True
9658,2026-10-08,1176.0,103179108.29101562,74,0.11348615260961181,0.16199240286135663,0.0,2.174557900741586,22.24236769184051,,,,PRICE ONLY,,,,,ビジネスブレイン太田昭和,BUSINESS BRAIN SHOWA・OTA INC.,プライム,,情報･通信業,情報通信・サービスその他,True,True,55.41076487252125,35.0,58.865963921119516,BASE,True
2531,2026-10-08,2502.0,2035709240.0,74,0.0212244897959184,0.15833333333333344,-0.06362275449101795,1.8119004450304927,32.728851410312906,,,,PRICE ONLY,,,,,宝ホールディングス,TAKARA HOLDINGS INC.,プライム,,食料品,食品,True,True,87.81869688385268,35.0,58.86255675854247,BASE,True
5381,2026-10-08,1188.0,275295765.0,74,0.1963746223564955,0.2885032537960954,-0.034930950446791176,1.3675915605873956,51.62562651400924,,,,PRICE ONLY,,,,,マイポックス,Mipox Corporation,スタンダード,,ガラス･土石製品,建設・資材,True,True,67.67705382436262,35.0,58.8097999505381,BASE,True
7832,2026-10-08,5721.0,13933872991.101074,74,0.07538610608267438,0.4214354345610716,-0.005907906168549082,0.9552499216226163,28.941054363319317,,,,PRICE ONLY,,,,,バンダイナムコホールディングス,Bandai Namco Holdings Inc.,プライム,,その他製品,情報通信・サービスその他,True,True,97.30878186968839,35.0,58.782272538064205,BASE,True
7752,2026-10-08,1709.5,3274373874.725952,74,0.047419741736331567,0.17174999786638478,-0.007486468502125865,1.268118966140834,28.132701361141578,,,,PRICE ONLY,,,,,リコー,"RICOH COMPANY,LTD.",プライム,,電気機器,電機・精密,True,True,91.30311614730878,35.0,58.65678297027959,BASE,True
4680,2026-10-08,1293.0,2787249655.5493164,74,0.039885497550899096,0.04828527555024742,-0.049943578309279535,1.5390869266263336,34.234408003068964,,,,PRICE ONLY,,,,,ラウンドワン,ROUND ONE Corporation,プライム,,サービス業,情報通信・サービスその他,True,True,90.16997167138811,35.0,58.59843413276576,BASE,True
5301,2026-10-08,2297.5,5398022237.5,74,0.22500666488936294,0.37123246792002385,-0.034663865546218475,0.5273133284592645,50.4694664977506,,,,PRICE ONLY,,,,,東海カーボン,"TOKAI CARBON CO.,LTD.",プライム,,ガラス･土石製品,建設・資材,True,True,93.93767705382436,35.0,58.593048636907874,BASE,True
4588,2026-10-08,6170.0,12327529350.0,74,0.2464646464646465,1.442596991290578,-0.09663250366032206,0.7347482031798273,100.67911575321524,,,,PRICE ONLY,,,,,オンコリスバイオファーマ,Oncolys BioPharma Inc.,グロース,,医薬品,医薬品,True,True,97.05382436260624,35.0,58.58519652475963,BASE,True
6524,2026-10-08,5770.0,1293657500.0,74,0.19585492227979273,0.262582056892779,-0.06292306189280505,0.9586454464341294,53.01580489868638,,,,PRICE ONLY,,,,,湖北工業,"KOHOKU KOGYO CO.,LTD.",スタンダード,,電気機器,電機・精密,True,True,84.78753541076487,35.0,58.57802692979057,BASE,True
4186,2026-10-08,9342.0,6810645025.0,74,0.10178087038565864,-0.07733333333333337,-0.18580384631654046,1.708136924066755,36.45683461519651,,,,PRICE ONLY,,,,,東京応化工業,"TOKYO OHKA KOGYO CO.,LTD.",プライム,,化学,素材・化学,True,True,95.15580736543909,35.0,58.42926961289644,BASE,True
3399,2026-10-08,4380.0,452000675.0,74,0.050359712230215736,0.2977777777777777,0.0,1.6824442550136838,43.283035552515386,,,,PRICE ONLY,,,,,丸千代山岡家,Maruchiyo Yamaokaya Corporation,スタンダード,,小売業,小売,True,True,74.53257790368272,35.0,58.40895312872088,BASE,True
6668,2026-10-08,4660.0,396585000.0,74,0.1352009744214373,0.28072186610009187,-0.07171314741035861,1.634796506649923,76.90451359466721,,,,PRICE ONLY,,,,,アドテック　プラズマ　テクノロジー,"ADTEC PLASMA TECHNOLOGY CO.,LTD.",スタンダード,,電気機器,電機・精密,True,True,72.91784702549575,35.0,58.34652128161602,BASE,True
5991,2026-10-08,3843.0,2551011732.3791504,74,0.13194907622508456,0.025454929222374467,-0.08547684574344783,1.2140289027853555,39.14742988056554,,,,PRICE ONLY,,,,,日本発條,"NHK SPRING CO.,LTD.",プライム,,金属製品,建設・資材,True,True,89.54674220963173,35.0,58.30836911107433,BASE,True
4746,2026-10-08,2034.0,380771860.0,74,0.1524079320113314,0.7421841541755889,0.0,1.2009355297945903,25.939877500464164,,,,PRICE ONLY,,,,,東計電算,"Toukei Computer Co.,Ltd.",スタンダード,,情報･通信業,情報通信・サービスその他,True,True,72.46458923512748,35.0,58.28409333366365,BASE,True
8361,2026-10-08,1818.0,1649358478.942871,74,0.1590582595606771,0.18362686130644312,-0.055584415584415625,1.0122386269165606,35.67852983213625,,,,PRICE ONLY,,,,,大垣共立銀行,"The Ogaki Kyoritsu Bank,Ltd.",プライム,,銀行業,銀行,True,True,86.43059490084985,35.0,58.240832838057706,BASE,True
6958,2026-10-08,812.0,548841945.0,74,0.07549668874172188,0.29299363057324834,-0.022864019253910906,1.5601235062038996,37.53965012193358,,,,PRICE ONLY,,,,,日本シイエムケイ,CMK CORPORATION,プライム,,電気機器,電機・精密,True,True,76.96883852691218,35.0,58.199492163562994,BASE,True
3788,2026-10-08,2237.0,109533365.0,74,0.1320850202429149,0.017743403093721577,-0.04564846416382251,3.271217122777127,35.006589292781655,,,,PRICE ONLY,,,,,ＧＭＯグローバルサイン・ホールディングス,GMO GlobalSign Holdings K.K.,プライム,,情報･通信業,情報通信・サービスその他,True,True,56.118980169971664,35.0,58.16170735699861,BASE,True
7746,2026-10-08,920.0,1183024990.0,74,0.1499999999999999,0.20893561103810776,-0.054470709146968166,1.100292036918464,36.19951302113205,,,,PRICE ONLY,,,,,岡本硝子,"OKAMOTO GLASS CO.,LTD.",スタンダード,,精密機器,電機・精密,True,True,83.96600566572238,35.0,58.06056428437206,BASE,True
4502,2026-10-08,5816.0,25048590040.268555,74,0.024370753169776993,0.09629304288496887,-0.008579317779681794,1.0633925253257084,19.014745013557402,,,,PRICE ONLY,,,,,武田薬品工業,Takeda Pharmaceutical Company Limited,プライム,,医薬品,医薬品,True,True,98.6685552407932,35.0,57.939259212120824,BASE,True
6134,2026-10-08,8182.0,5558026044.794922,74,0.15258381074684224,0.06669633967222488,-0.07207453556756627,0.8475589330635998,46.82840481342219,,,,PRICE ONLY,,,,,ＦＵＪＩ,FUJI CORPORATION,プライム,,機械,機械,True,True,94.13597733711048,35.0,57.926134697982405,BASE,True
7735,2026-10-08,15910.0,27981397645.95703,74,0.18229194900767998,-0.09979290392023821,-0.18016028798737838,1.0771883971581342,48.7862473163357,,,,PRICE ONLY,,,,,ＳＣＲＥＥＮホールディングス,"SCREEN Holdings Co.,Ltd.",プライム,,電気機器,電機・精密,True,True,98.86685552407933,35.0,57.90895121606742,BASE,True
6460,2026-10-08,3207.0,3583195690.0134277,74,0.03374450050593847,0.3389453521294443,-0.04752004752004757,1.3893177473900897,26.132800659013,,,,PRICE ONLY,,,,,セガサミーホールディングス,SEGA SAMMY HOLDINGS INC.,プライム,,機械,機械,True,True,91.86968838526911,35.0,57.808132561170765,BASE,True
3042,2026-10-08,533.0,818669195.0,74,0.8006756756756757,0.8067796610169491,0.0,0.6341042868184791,107.28771533910391,,,,PRICE ONLY,,,,,セキュアヴェイル,SecuAvail Inc.,スタンダード,,情報･通信業,情報通信・サービスその他,True,True,80.53824362606233,35.0,57.75167730400233,BASE,True
2587,2026-10-08,4618.0,3991083415.0,74,0.03635547576301623,0.003040834057341346,-0.06707070707070706,1.4466057597501412,15.082775414928065,,,,PRICE ONLY,,,,,サントリービバレッジ＆フード,Suntory Beverage & Food Limited,プライム,,食料品,食品,True,True,92.3229461756374,35.0,57.73482691791958,BASE,True
8848,2026-10-08,1001.0,4930080740.0,74,0.5665101721439749,0.503003003003003,-0.05566037735849061,0.5006148827482207,90.70535382147244,,,,PRICE ONLY,,,,,レオパレス２１,LEOPALACE21 CORPORATION,プライム,,不動産業,不動産,True,True,93.42776203966005,35.0,57.63068936210254,BASE,True
9962,2026-10-08,4027.0,5389627794.25415,74,0.09039812448205642,0.027474647783007455,-0.030438916669879967,0.9114549057134015,37.72840446644249,,,,PRICE ONLY,,,,,ミスミグループ本社,MISUMI Group Inc.,プライム,,卸売業,商社・卸売,True,True,93.90934844192634,35.0,57.52785901218355,BASE,True
4431,2026-10-08,3890.0,323606400.0,74,0.11621233859397417,0.35116359847169165,0.0,1.3303355999122615,40.056634154194256,,,,PRICE ONLY,,,,,スマレジ,"Smaregi,Inc.",グロース,,情報･通信業,情報通信・サービスその他,True,True,70.36827195467423,35.0,57.48650523738142,BASE,True
6951,2026-10-08,8041.0,2222204727.6049805,74,0.14829144597214805,0.1096432484633385,-0.0990466332355493,1.0945256715402925,45.548716776814835,,,,PRICE ONLY,,,,,日本電子,JEOL Ltd.,プライム,,電気機器,電機・精密,True,True,88.44192634560906,35.0,57.41000945637539,BASE,True
9766,2026-10-08,22330.0,11538761867.988281,74,0.08052587477726414,0.21209101326731705,-0.01132240004683549,0.748662116481067,27.65243747665414,,,,PRICE ONLY,,,,,コナミグループ,KONAMI GROUP CORPORATION,プライム,,情報･通信業,情報通信・サービスその他,True,True,96.8555240793201,35.0,57.314618535626614,BASE,True
6098,2026-10-08,17200.0,70508186295.94727,74,0.06651843145589931,0.37653803279516196,-0.05497618929321413,0.9458527729979362,44.149624570095106,,,,PRICE ONLY,,,,,リクルートホールディングス,"Recruit Holdings Co.,Ltd.",プライム,,サービス業,情報通信・サービスその他,True,True,99.54674220963173,35.0,57.26846318837111,BASE,True
6277,2026-10-08,6480.0,449234768.14453125,74,0.1790722982991504,0.34889746184225445,-0.02409638554216864,0.9652398735995403,39.873517584208486,,,,PRICE ONLY,,,,,ホソカワミクロン,HOSOKAWA MICRON CORPORATION,プライム,,機械,機械,True,True,74.44759206798867,35.0,57.24046383963554,BASE,True
3498,2026-10-08,7620.0,3069729150.0,74,0.03252032520325199,0.13889458531441234,-0.0432164900366625,1.3196327845474107,47.56216395079985,,,,PRICE ONLY,,,,,霞ヶ関キャピタル,"Kasumigaseki Capital Co.,Ltd.",プライム,,不動産業,不動産,True,True,90.8498583569405,35.0,57.23749403010033,BASE,True
6835,2026-10-08,287.0,78422155.0,74,0.09125475285171092,0.16194331983805665,-0.00692041522491349,3.9659362427757467,34.52638840870781,,,,PRICE ONLY,,,,,アライドテレシスホールディングス,ALLIED TELESIS HOLDINGS K.K.,スタンダード,,電気機器,電機・精密,True,True,52.124645892351275,35.0,57.22160721000495,BASE,True
1721,2026-10-08,5539.0,3416390282.338867,74,0.03433504061935344,0.05003028682885802,-0.04480885562447967,1.2858650319079443,28.977506184786588,,,,PRICE ONLY,,,,,コムシスホールディングス,COMSYS Holdings Corporation,プライム,,建設業,建設・資材,True,True,91.52974504249292,35.0,57.15881994894331,BASE,True
6337,2026-10-08,4090.0,142657310.06225586,74,0.12253541794956146,0.7755858430419609,0.0,1.57034078142554,47.03119332547815,,,,PRICE ONLY,,,,,テセック,TESEC Corporation,スタンダード,,機械,機械,True,True,59.490084985835686,35.0,57.127693679227136,BASE,True
8418,2026-10-08,3441.0,2236451268.6621094,74,0.07990195146977785,0.15042318304564462,-0.04522752497225302,1.136601767143639,35.76749090643415,,,,PRICE ONLY,,,,,山口フィナンシャルグループ,"Yamaguchi Financial Group,Inc.",プライム,,銀行業,銀行,True,True,88.4985835694051,35.0,57.10618655506134,BASE,True
6135,2026-10-08,3285.0,1967762886.94458,74,0.1094153574596477,0.16859413679333324,-0.02954209748892167,0.9102133312495116,33.94678728589188,,,,PRICE ONLY,,,,,牧野フライス製作所,"Makino Milling Machine Co.,Ltd.",プライム,,機械,機械,True,True,87.5070821529745,35.0,56.92029463105628,BASE,True
6255,2026-10-08,711.0,223934330.0,74,0.07727272727272738,0.044075040957610945,-0.08020698576972829,4.686956857595304,45.5999019814404,,,,PRICE ONLY,,,,,エヌ・ピー・シー,NPC Incorporated,グロース,,機械,機械,True,True,64.87252124645893,35.0,56.90998500398341,BASE,True
7269,2026-10-08,2049.5,14071275935.310059,74,0.010054338197238666,0.02375417661665402,-0.07952916553317668,1.3666545088612825,25.374472300315016,,,,PRICE ONLY,,,,,スズキ,SUZUKI MOTOR CORPORATION,プライム,,輸送用機器,自動車・輸送機,True,True,97.39376770538244,35.0,56.90932969660974,BASE,True
9104,2026-10-08,7118.0,18018680809.39453,74,0.007730559625489963,0.3178863393113909,-0.029392093684398102,1.107568455471014,25.927383348671484,,,,PRICE ONLY,,,,,商船三井,"Mitsui O.S.K.Lines,Ltd.",プライム,,海運業,運輸・物流,True,True,98.13031161473089,35.0,56.87918054945538,BASE,True
6768,2026-10-08,937.0,917053942.5234985,74,0.1875759069458589,0.04223861968731368,-0.06404906024521828,0.8331267283303138,44.73437901566849,,,,PRICE ONLY,,,,,タムラ製作所,TAMURA CORPORATION,プライム,,電気機器,電機・精密,True,True,81.92634560906515,35.0,56.848550614665456,BASE,True
8060,2026-10-08,3784.0,1133384815.0,74,0.04761904761904767,0.06741889985895622,0.0,1.1906942663491482,17.39458999666367,,,,PRICE ONLY,,,,,キヤノンマーケティングジャパン,Canon Marketing Japan Inc.,プライム,,卸売業,商社・卸売,True,True,83.54107648725211,35.0,56.83835394385971,BASE,True
9246,2026-10-08,2194.0,57710380.0,74,0.9801444043321299,1.1198067632850242,-0.0004555808656035998,1.4541120381406436,138.97113445265435,,,,PRICE ONLY,,,,,プロジェクトホールディングス,"ProjectHoldings,Inc.",グロース,,サービス業,情報通信・サービスその他,True,True,48.611898016997166,35.0,56.81832014620494,BASE,True
3131,2026-10-08,8520.0,292362450.0,74,0.2678571428571428,1.3899018232819076,-0.020689655172413834,0.9457984721716988,51.25911559658044,,,,PRICE ONLY,,,,,シンデン・ハイテックス,SHINDEN HIGHTEX CORPORATION,スタンダード,,卸売業,商社・卸売,True,True,68.55524079320114,35.0,56.76062418001477,BASE,True
8331,2026-10-08,2706.5,8402168088.026123,74,-0.027778900818455465,0.002853464644150039,-0.06349480968858134,1.5082415236143139,32.57645311506217,,,,PRICE ONLY,,,,,千葉銀行,"The Chiba Bank,Ltd.",プライム,,銀行業,銀行,True,True,95.77903682719547,35.0,56.75427389421334,BASE,True
8387,2026-10-08,4335.0,1439151405.7177734,74,0.14836917653824533,0.3630176182794398,-0.0978147762747138,1.0657589157891387,54.8703952748308,,,,PRICE ONLY,,,,,四国銀行,"The Shikoku Bank, Ltd.",プライム,,銀行業,銀行,True,True,85.72237960339943,35.0,56.71702213546674,BASE,True
2914,2026-10-08,6960.0,25980371805.0,74,0.03325415676959631,0.125121241513094,-0.02452697967764539,0.90313375257623,16.022589571929448,,,,PRICE ONLY,,,,,日本たばこ産業,JAPAN TOBACCO INC.,プライム,,食料品,食品,True,True,98.78186968838527,35.0,56.67980510933366,BASE,True
6501,2026-10-08,5597.0,55357125622.873535,74,0.049933853922458304,0.1823341211671492,-0.024528197197759782,0.7938830857799327,22.108050779200255,,,,PRICE ONLY,,,,,日立製作所,"Hitachi,Ltd.",プライム,,電気機器,電機・精密,True,True,99.43342776203966,35.0,56.6536147069741,BASE,True
3626,2026-10-08,4038.0,3557965731.119385,74,0.049744676224624085,0.17778451738682644,-0.0005978413179047459,0.9058884399872301,26.144594052350197,,,,PRICE ONLY,,,,,ＴＩＳＩ,TISI Inc.,プライム,,情報･通信業,情報通信・サービスその他,True,True,91.81303116147309,35.0,56.64748822184089,BASE,True
6814,2026-10-08,7990.0,2268311500.0,74,-0.0024968789013732895,0.2595080677768222,-0.0521945432977462,1.5191195932297834,42.86655681072716,,,,PRICE ONLY,,,,,古野電気,"FURUNO ELECTRIC CO.,LTD.",プライム,,電気機器,電機・精密,True,True,88.6685552407932,35.0,56.63876887875241,BASE,True
7751,2026-10-08,4635.0,13244825725.0,74,0.029542425588627186,0.0769052044609666,-0.02421052631578946,0.9601786881894473,18.592143986101867,,,,PRICE ONLY,,,,,キヤノン,CANON INC.,プライム,,電気機器,電機・精密,True,True,97.25212464589235,35.0,56.63718105107408,BASE,True
9101,2026-10-08,7226.0,18068057932.041016,74,-0.00987618340715013,0.3552330399300132,-0.028982470916253278,1.1556461427341718,23.798259663277385,,,,PRICE ONLY,,,,,日本郵船,Nippon Yusen Kabushiki Kaisha,プライム,,海運業,運輸・物流,True,True,98.15864022662889,35.0,56.61501716576831,BASE,True
5393,2026-10-08,3697.0,1685377627.96875,74,0.09697931591934661,0.004089918124057679,-0.0806757130450646,1.1994270649533971,24.00915136109985,,,,PRICE ONLY,,,,,ニチアス,NICHIAS CORPORATION,プライム,,ガラス･土石製品,建設・資材,True,True,86.657223796034,35.0,56.5901934450234,BASE,True
4849,2026-10-08,1774.0,571662205.0,74,0.13282247765006394,0.48950461796809397,0.0,0.8896634224867451,23.94880515538802,,,,PRICE ONLY,,,,,エン,en Inc.,プライム,,サービス業,情報通信・サービスその他,True,True,77.53541076487252,35.0,56.55160896517404,BASE,True
6104,2026-10-08,4810.0,905486951.1865234,74,0.10317789881413941,0.06700819432415339,-0.04940711462450598,1.1565877809170793,30.572238834189534,,,,PRICE ONLY,,,,,芝浦機械,"SHIBAURA MACHINE CO.,LTD.",プライム,,機械,機械,True,True,81.69971671388102,35.0,56.54184909245936,BASE,True
9069,2026-10-08,2352.0,858019517.1362305,74,0.0661095126377762,0.1655678687837936,-0.00017238421483656285,1.1200659023820965,16.981150561624357,,,,PRICE ONLY,,,,,センコーグループホールディングス,"SENKO Group Holdings Co.,Ltd.",プライム,,陸運業,運輸・物流,True,True,81.07648725212464,35.0,56.5029366507138,BASE,True
9432,2026-10-08,172.10000610351562,32818415670.943756,74,0.03555431177286228,0.17316498624342325,-0.028880164867642222,0.8775443653319548,15.3410869459119,,,,PRICE ONLY,,,,,ＮＴＴ,"NTT,Inc.",プライム,,情報･通信業,情報通信・サービスその他,True,True,99.03682719546742,35.0,56.49758463436819,BASE,True
4221,2026-10-08,5440.0,511111600.0,74,-0.021582733812949617,0.10344827586206895,-0.05719237435008662,3.5867881266654273,32.12730118458705,,,,PRICE ONLY,,,,,大倉工業,"Okura Industrial Co.,Ltd.",プライム,,化学,素材・化学,True,True,76.0056657223796,35.0,56.49525867593984,BASE,True
4205,2026-10-08,2408.5,2239033536.7578125,74,0.0004053251428652871,0.06899209526640293,-0.06493812755708706,1.5472581449787022,22.6181273038206,,,,PRICE ONLY,,,,,日本ゼオン,ZEON CORPORATION,プライム,,化学,素材・化学,True,True,88.58356940509915,35.0,56.49469970683742,BASE,True
2175,2026-10-08,2576.0,906295205.0,74,0.0031152647975076775,0.0938428874734607,-0.04451038575667654,1.6352273378820021,25.93004929650484,,,,PRICE ONLY,,,,,エス・エム・エス,"SMS CO.,LTD.",プライム,,サービス業,情報通信・サービスその他,True,True,81.75637393767705,35.0,56.47253572461895,BASE,True
7384,2026-10-08,5490.0,927564497.2045898,74,0.10776870252322723,0.3509373609422217,-0.08499999999999996,1.2857974210542436,41.53944034475758,,,,PRICE ONLY,,,,,プロクレアホールディングス,"Procrea Holdings,Inc.",プライム,,銀行業,銀行,True,True,82.03966005665723,35.0,56.47186557153705,BASE,True
9042,2026-10-08,4476.0,5304948246.286621,74,-0.02901397154170393,-0.03481097690920443,-0.11431488748607732,1.776405633802817,17.132477819026075,,,,PRICE ONLY,,,,,阪急阪神ホールディングス,"Hankyu Hanshin Holdings,Inc.",プライム,,陸運業,運輸・物流,True,True,93.73937677053824,35.0,56.44010480711336,BASE,True
6752,2026-10-08,4493.0,36600559680.85205,74,0.022463232981899228,0.01465995686049082,-0.05787376808555256,1.0733160279712148,43.069491607646924,,,,PRICE ONLY,,,,,パナソニック　ホールディングス,Panasonic Holdings Corporation,プライム,,電気機器,電機・精密,True,True,99.09348441926346,35.0,56.42293140502164,BASE,True
6191,2026-10-08,1404.0,1704395608.9990234,74,1.0302056953450904,0.9743749058544682,-0.05135135135135138,0.24018694353240452,208.95460837571466,,,,PRICE ONLY,,,,,エアトリ,AirTrip Corp.,プライム,,サービス業,情報通信・サービスその他,True,True,86.68555240793201,35.0,56.41819156266749,BASE,True
7550,2026-10-08,11315.0,6926012101.435547,74,-0.028799733783621217,0.2699225500864111,-0.053484370952474936,1.4261906706968386,35.009926633313995,,,,PRICE ONLY,,,,,ゼンショーホールディングス,"ZENSHO HOLDINGS CO.,LTD.",プライム,,小売業,小売,True,True,95.26912181303116,35.0,56.39562447681033,BASE,True
8876,2026-10-08,2394.0,1275427982.6184082,74,0.0820200482956388,0.1436315513618276,0.0,0.9116610925306577,21.692034667852926,,,,PRICE ONLY,,,,,リログループ,"Relo Group,Inc.",プライム,,サービス業,情報通信・サービスその他,True,True,84.58923512747876,35.0,56.36722739345537,BASE,True
6652,2026-10-08,4030.0,521525804.2175293,74,0.12163475700058535,0.24041605000475297,-0.03473053892215572,1.1206962363539201,31.334131217084217,,,,PRICE ONLY,,,,,ＩＤＥＣ,IDEC CORPORATION,プライム,,電気機器,電機・精密,True,True,76.34560906515581,35.0,56.34154587567873,BASE,True
8381,2026-10-08,2498.0,1236307144.3737793,74,-0.0376333613401828,0.033100006401463045,-0.05700264250660625,1.8053612154732654,29.112472535918226,,,,PRICE ONLY,,,,,山陰合同銀行,"The San-in Godo Bank,Ltd.",プライム,,銀行業,銀行,True,True,84.39093484419263,35.0,56.33057965886551,BASE,True
9632,2026-10-08,4925.0,339799500.0,74,0.3642659279778393,0.37934071332033903,-0.024752475247524774,0.827935792734441,96.56598153933406,,,,PRICE ONLY,,,,,スバル興業,"Subaru Enterprise Co.,Ltd.",スタンダード,,サービス業,情報通信・サービスその他,True,True,70.90651558073654,35.0,56.31308628883236,BASE,True
6762,2026-10-08,3353.0,39077300130.340576,74,0.13264499339037616,-0.00181896610306842,-0.16912422535054483,1.0264535182685324,56.00141796582106,,,,PRICE ONLY,,,,,ＴＤＫ,TDK Corporation,プライム,,電気機器,電機・精密,True,True,99.23512747875354,35.0,56.30086378131826,BASE,True
6432,2026-10-08,7270.0,1412535250.0,74,-0.04593175853018372,0.041620435264049904,-0.07002867185071848,1.874666381979289,25.401644604790874,,,,PRICE ONLY,,,,,竹内製作所,"TAKEUCHI MFG.CO.,LTD.",プライム,,機械,機械,True,True,85.46742209631728,35.0,56.30004912389455,BASE,True
7976,2026-10-08,3490.0,351401425.0,74,0.10443037974683533,0.2788567240747526,0.0,1.1748566949194061,17.290721604117394,,,,PRICE ONLY,,,,,三菱鉛筆,"MITSUBISHI PENCIL COMPANY,LIMITED",プライム,,その他製品,情報通信・サービスその他,True,True,71.38810198300283,35.0,56.249992335002396,BASE,True
2413,2026-10-08,1851.5,5465353512.5,74,0.08687995303786322,-0.012533333333333285,-0.06678427419354838,0.9095036127442888,30.34161589215958,,,,PRICE ONLY,,,,,エムスリー,"M3,Inc.",プライム,,サービス業,情報通信・サービスその他,True,True,94.02266288951841,35.0,56.23566614144489,BASE,True
7453,2026-10-08,4380.0,11352381595.0,74,0.03717736206488276,0.17174033857687254,-0.028641214787561875,0.8888466695651857,24.433793857489096,,,,PRICE ONLY,,,,,良品計画,"RYOHIN KEIKAKU CO.,LTD.",プライム,,小売業,小売,True,True,96.8271954674221,35.0,56.19442029983351,BASE,True
4686,2026-10-08,4690.0,515742336.3598633,74,0.1325999098648043,0.2113133360464059,0.0,0.8785928785928786,17.057391795669485,,,,PRICE ONLY,,,,,ジャストシステム,JUSTSYSTEMS CORPORATION,プライム,,情報･通信業,情報通信・サービスその他,True,True,76.09065155807365,35.0,56.18122260236054,BASE,True
9434,2026-10-08,241.3000030517578,20167408534.41429,74,0.029849063755048144,0.14609141764069866,-0.02336252818190765,0.8479275878475557,14.434867534886195,,,,PRICE ONLY,,,,,ソフトバンク,SoftBank Corp.,プライム,,情報･通信業,情報通信・サービスその他,True,True,98.30028328611898,35.0,56.13654535808764,BASE,True
6273,2026-10-08,71780.0,20585796452.890625,74,0.05405111778056204,0.003851259168032417,-0.0771334228359416,0.9803416602283458,32.54982020541007,,,,PRICE ONLY,,,,,ＳＭＣ,SMC CORPORATION,プライム,,機械,機械,True,True,98.32861189801699,35.0,56.10720219619592,BASE,True
2612,2026-10-08,2839.0,672845705.0,74,0.22953659592897369,0.5345945945945947,-0.014236111111111116,0.4456480020469956,55.57996081473786,,,,PRICE ONLY,,,,,かどや製油,KADOYA SESAME MILLS INCORPORATED,スタンダード,,食料品,食品,True,True,79.09348441926346,35.0,56.10602327274158,BASE,True
4816,2026-10-08,2829.0,1384768780.0,74,-0.04907563025210082,0.05717488789237679,-0.09760765550239237,2.499745085821107,22.93240410635366,,,,PRICE ONLY,,,,,東映アニメーション,"TOEI ANIMATION CO.,LTD.",スタンダード,,情報･通信業,情報通信・サービスその他,True,True,85.29745042492918,35.0,56.09750538680035,BASE,True
6627,2026-10-08,2677.0,1179450950.0,74,0.17618629173989464,0.13624787775891334,-0.0807005494505495,0.7979749038375967,65.78235289460993,,,,PRICE ONLY,,,,,テラプローブ,"Tera Probe,Inc.",スタンダード,,電気機器,電機・精密,True,True,83.93767705382437,35.0,56.084796915050006,BASE,True
4362,2026-10-08,2774.0,75339242.70019531,74,0.05230575397282955,0.09593104287751664,0.0,3.1666666666666665,22.009428884418885,,,,PRICE ONLY,,,,,日本精化,"Nippon Fine Chemical Co.,Ltd.",プライム,,化学,素材・化学,True,True,51.69971671388102,35.0,56.02614062184465,BASE,True
7282,2026-10-08,1054.5,2562991073.0056763,74,0.04663744284270743,0.12838349915943992,-0.018156424581005637,0.972807397774888,37.664682883968204,,,,PRICE ONLY,,,,,豊田合成,"TOYODA GOSEI CO.,LTD.",プライム,,輸送用機器,自動車・輸送機,True,True,89.66005665722379,35.0,55.98583203423987,BASE,True
2395,2026-10-08,1425.0,286170621.66503906,74,0.08356418880504513,0.16940845278674654,-0.03369525889353242,1.5034827823015795,41.79210631625127,,,,PRICE ONLY,,,,,新日本科学,"SHIN NIPPON BIOMEDICAL LABORATORIES,LTD.",プライム,,サービス業,情報通信・サービスその他,True,True,68.13031161473087,35.0,55.97876666899464,BASE,True
6947,2026-10-08,5560.0,408542528.1567383,74,0.15159600934959783,0.19551275354780828,0.0,0.8208485458894624,26.891845167843442,,,,PRICE ONLY,,,,,図研,ZUKEN INC.,プライム,,電気機器,電機・精密,True,True,73.37110481586402,35.0,55.90364587537448,BASE,True
5832,2026-10-08,3683.0,1620180303.1103516,74,0.05542046620053154,0.15039202221541825,-0.045112781954887216,1.142777539150927,33.69265322499775,,,,PRICE ONLY,,,,,ちゅうぎんフィナンシャルグループ,"Chugin Financial Group,Inc.",プライム,,銀行業,銀行,True,True,86.3172804532578,35.0,55.8754616840469,BASE,True
9531,2026-10-08,5899.0,6613637324.587402,74,-0.033399890099726326,-0.02165269698881589,-0.07640985817056989,1.4909140566322998,21.37891244778632,,,,PRICE ONLY,,,,,東京瓦斯,"TOKYO GAS CO.,LTD.",プライム,,電気･ガス業,電気・ガス,True,True,94.98583569405099,35.0,55.867658512872346,BASE,True
7741,2026-10-08,25025.0,29556588850.0,74,0.036446469248291535,0.009887005649717562,-0.07228915662650603,0.9926065503089919,26.609329413879458,,,,PRICE ONLY,,,,,ＨＯＹＡ,HOYA CORPORATION,プライム,,精密機器,電機・精密,True,True,98.89518413597733,35.0,55.85613327978777,BASE,True
4452,2026-10-08,3522.0,9635486985.0,74,0.019392185238784387,0.073780487804878,-0.057784911717496,1.085025229521748,13.921751464690072,,,,PRICE ONLY,,,,,花王,Kao Corporation,プライム,,化学,素材・化学,True,True,96.3172804532578,35.0,55.84334672197435,BASE,True
7483,2026-10-08,2986.0,203425222.60131836,74,0.00828929277287438,0.03759004937493016,-0.03191363391422786,2.4015525188000324,10.295417356725702,,,,PRICE ONLY,,,,,ドウシシャ,"DOSHISHA CO.,LTD.",プライム,,卸売業,商社・卸売,True,True,63.5127478753541,35.0,55.84241793935696,BASE,True
4676,2026-10-08,3965.0,2556868249.0039062,74,-0.006787823992125075,-0.002644362153564561,-0.04573274847987219,1.362071830417547,22.713661084365974,,,,PRICE ONLY,,,,,フジ・メディア・ホールディングス,"FUJI MEDIA HOLDINGS,INC.",プライム,,情報･通信業,情報通信・サービスその他,True,True,89.60339943342777,35.0,55.84164284604812,BASE,True
4716,2026-10-08,9856.0,2790673010.0,74,0.08978328173374606,0.132483051821211,-0.003437815975733116,0.6392245250724465,36.433236689501506,,,,PRICE ONLY,,,,,日本オラクル,ORACLE CORPORATION JAPAN,スタンダード,,情報･通信業,情報通信・サービスその他,True,True,90.19830028328612,35.0,55.827235625943025,BASE,True
2810,2026-10-08,4043.0,1093719627.3266602,74,0.06622774822101984,0.05468909171399727,-0.0038334071028294225,0.9701166180758017,13.010017038153165,,,,PRICE ONLY,,,,,ハウス食品グループ本社,House Foods Group Inc.,プライム,,食料品,食品,True,True,83.20113314447593,35.0,55.8132744813745,BASE,True
6777,2026-10-08,23300.0,2671252533.0859375,74,0.1666278103666523,0.1427262127768163,-0.223021985698045,1.3208093681466462,63.368568068534245,,,,PRICE ONLY,,,,,ｓａｎｔｅｃ　Ｈｏｌｄｉｎｇｓ,santec Holdings Corporation,スタンダード,,電気機器,電機・精密,True,True,89.85835694050992,35.0,55.80132994836886,BASE,True
6971,2026-10-08,3752.0,17855874744.604492,74,0.06675699651406375,0.014650182460451022,-0.03457950048656766,0.6684438282711411,33.07722813238642,,,,PRICE ONLY,,,,,京セラ,KYOCERA CORPORATION,プライム,,電気機器,電機・精密,True,True,98.04532577903683,35.0,55.789858697045624,BASE,True
5020,2026-10-08,1356.5,14809234976.258545,74,0.0028031694594132794,0.09302355089480807,-0.06863120120610411,1.179696421831966,33.2416061409768,,,,PRICE ONLY,,,,,ＥＮＥＯＳホールディングス,"ENEOS Holdings,Inc.",プライム,,石油･石炭製品,エネルギー資源,True,True,97.47875354107649,35.0,55.78551195793372,BASE,True
8377,2026-10-08,847.5999755859375,4636677624.203491,74,0.11173102200465745,0.23418730284619582,-0.07285061882717558,0.7692114244656009,51.9577256134787,,,,PRICE ONLY,,,,,ほくほくフィナンシャルグループ,"Hokuhoku Financial Group, Inc.",プライム,,銀行業,銀行,True,True,93.1728045325779,35.0,55.78529366456273,BASE,True
1969,2026-10-08,4412.0,2477860309.782715,74,0.004751672514890393,-0.06755521487523652,-0.13803694208067552,1.7483859380464888,25.050126434910265,,,,PRICE ONLY,,,,,高砂熱学工業,"Takasago Thermal Engineering Co.,Ltd.",プライム,,建設業,建設・資材,True,True,89.3201133144476,35.0,55.75616659465945,BASE,True
5310,2026-10-08,7800.0,695282950.0,74,0.09243697478991586,0.1190817790530847,-0.059107358262967424,1.2034509118707,34.778019137445874,,,,PRICE ONLY,,,,,東洋炭素,"TOYO TANSO CO.,LTD.",プライム,,ガラス･土石製品,建設・資材,True,True,79.46175637393767,35.0,55.72315972698573,BASE,True
9064,2026-10-08,2024.0,2393304952.7124023,74,0.060680875857421546,0.04818953707502627,-0.06095684422389003,1.08508708577571,18.746487396130334,,,,PRICE ONLY,,,,,ヤマトホールディングス,"YAMATO HOLDINGS CO.,LTD.",プライム,,陸運業,運輸・物流,True,True,89.06515580736544,35.0,55.705858611146326,BASE,True
7327,2026-10-08,2645.0,2981434923.286133,74,0.0133879697593966,0.18955124029255233,-0.06404812455767872,1.2974407975561193,34.6817415252069,,,,PRICE ONLY,,,,,第四北越フィナンシャルグループ,"Daishi Hokuetsu Financial Group,Inc.",プライム,,銀行業,銀行,True,True,90.53824362606233,35.0,55.69422990968897,BASE,True
4568,2026-10-08,2653.5,16980240288.289795,74,-0.012529792224643899,-0.01162651542460258,-0.08541569913796088,1.3115974530623196,27.83146908104575,,,,PRICE ONLY,,,,,第一三共,"DAIICHI SANKYO COMPANY,LIMITED",プライム,,医薬品,医薬品,True,True,97.93201133144476,35.0,55.684305997970995,BASE,True
5537,2026-10-08,4070.0,206681125.0,74,0.19882179675994105,0.430579964850615,0.0,0.8316694157478948,56.90138279004785,,,,PRICE ONLY,,,,,ＡｌｂａＬｉｎｋ,"AlbaLink Co.,Ltd.",グロース,,不動産業,不動産,True,True,63.767705382436255,35.0,55.674274975147384,BASE,True
4004,2026-10-08,17435.0,38315857496.32578,74,0.05156815440289497,0.10698412698412696,-0.09780077619663652,1.0000910693303815,76.52057330674697,,,,PRICE ONLY,,,,,レゾナック・ホールディングス,Resonac Holdings Corporation,プライム,,化学,素材・化学,True,True,99.15014164305948,35.0,55.646351715380156,BASE,True
4901,2026-10-08,3416.0,13077761421.56128,74,0.06656787605131775,-0.02960293295393912,-0.10917654225471551,1.0358411992982286,22.41742019054365,,,,PRICE ONLY,,,,,富士フイルムホールディングス,FUJIFILM Holdings Corporation,プライム,,化学,素材・化学,True,True,97.19546742209631,35.0,55.63831484488866,BASE,True
8031,2026-10-08,4764.0,30563039698.933105,74,-0.05248949589522944,0.04710803015154341,-0.08026726595375633,1.4529057277338053,23.870389733860172,,,,PRICE ONLY,,,,,三井物産,"MITSUI & CO.,LTD.",プライム,,卸売業,商社・卸売,True,True,98.95184135977337,35.0,55.62760426360843,BASE,True
7475,2026-10-08,3770.0,454343350.0,74,0.5073970411835267,0.49425287356321834,-0.0013245033112583293,0.23373394115209284,103.27641898382163,,,,PRICE ONLY,,,,,アルビス,"ALBIS Co.,Ltd.",プライム,,小売業,小売,True,True,74.56090651558074,35.0,55.61913494550025,BASE,True
4613,2026-10-08,2839.5,2637286884.5507812,74,0.032160868327026915,0.07027610797846084,-0.04314701894176298,1.1026110457259928,16.28038563440293,,,,PRICE ONLY,,,,,関西ペイント,"KANSAI PAINT CO.,LTD.",プライム,,化学,素材・化学,True,True,89.8300283286119,35.0,55.57665000711977,BASE,True
1878,2026-10-08,3111.0,5261777983.787842,74,-0.02003940097051249,0.007826745610876262,-0.11419836611309575,1.5956904205681037,15.689327647998189,,,,PRICE ONLY,,,,,大東建託,"DAITO TRUST CONSTRUCTION CO.,LTD.",プライム,,不動産業,不動産,True,True,93.71104815864022,35.0,55.54115750356508,BASE,True
4620,2026-10-08,1113.0,121283647.70996094,74,0.1336436762537434,0.1440335151012,-0.035673037627562354,1.4976202199245034,25.0722059340515,,,,PRICE ONLY,,,,,藤倉化成,"FUJIKURA KASEI CO.,LTD.",スタンダード,,化学,素材・化学,True,True,57.59206798866856,35.0,55.48476738398678,BASE,True
9928,2026-10-08,2174.0,94373765.0,74,0.07146377525874814,0.20376522702104105,0.0,1.7260656883298393,16.244206045230854,,,,PRICE ONLY,,,,,ミロク情報サービス,"MIROKU JYOHO SERVICE CO.,LTD.",プライム,,情報･通信業,情報通信・サービスその他,True,True,54.759206798866856,35.0,55.46865633846271,BASE,True
3916,2026-10-08,971.0,88298945.0,74,0.036286019210245435,0.05428881650380024,-0.013211382113821113,2.573641591362516,18.954908379341123,,,,PRICE ONLY,,,,,デジタル・インフォメーション・テクノロジー,Digital Information Technologies Corporation,プライム,,情報･通信業,情報通信・サービスその他,True,True,53.79603399433428,35.0,55.46678611023323,BASE,True
8697,2026-10-08,2251.5,7398636003.706055,74,0.02627841557194599,0.08020394944134113,-0.032445208422862026,0.8872859788877678,19.860251136399274,,,,PRICE ONLY,,,,,日本取引所グループ,"Japan Exchange Group,Inc.",プライム,,その他金融業,金融（除く銀行）,True,True,95.52407932011332,35.0,55.426084507236254,BASE,True
6960,2026-10-08,11310.0,880619272.9541016,74,-0.0592470688386314,-0.006892066705917244,-0.08487654955069701,2.7226039783001807,22.614108962789498,,,,PRICE ONLY,,,,,フクダ電子,"FUKUDA DENSHI CO.,LTD.",スタンダード,,電気機器,電機・精密,True,True,81.41643059490085,35.0,55.3863273269723,BASE,True
7713,2026-10-08,2600.0,67503540.0,74,0.08333333333333326,0.306532663316583,-0.04552129221732748,2.6511046269278866,31.889794033487252,,,,PRICE ONLY,,,,,シグマ光機,"SIGMA KOKI CO.,LTD.",スタンダード,,精密機器,電機・精密,True,True,50.39660056657224,35.0,55.349878116251304,BASE,True
8563,2026-10-08,1313.0,83562930.0,74,0.1155480033984706,0.34804928131416846,-0.027407407407407436,1.670739156994502,26.408869390874145,,,,PRICE ONLY,,,,,大東銀行,"THE DAITO BANK,LTD.",スタンダード,,銀行業,銀行,True,True,52.889518413597735,35.0,55.346593628937335,BASE,True
5033,2026-10-08,1295.0,70648905.0,74,0.11158798283261806,0.46992054483541423,0.0,1.6137473831123517,31.67254412456351,,,,PRICE ONLY,,,,,ヌーラボ,Nulab Inc.,グロース,,情報･通信業,情報通信・サービスその他,True,True,50.963172804532576,35.0,55.33634795496434,BASE,True
8508,2026-10-08,775.0,584835760.0,74,0.025132275132275117,-0.02638190954773867,-0.15300546448087426,2.2854910989598323,31.705242865274958,,,,PRICE ONLY,,,,,Ｊトラスト,"J Trust Co.,Ltd.",スタンダード,,その他金融業,金融（除く銀行）,True,True,77.73371104815864,35.0,55.32859976139561,BASE,True
5406,2026-10-08,1976.0,3467246152.993164,74,-0.02407257487877623,0.07084889396034555,-0.03515625,1.2609755520318084,20.619237829733873,,,,PRICE ONLY,,,,,神戸製鋼所,"Kobe Steel,Ltd.",プライム,,鉄鋼,鉄鋼・非鉄,True,True,91.61473087818696,35.0,55.32105011595807,BASE,True
2801,2026-10-08,1736.5,6424666027.247925,74,0.011869367392436603,0.053356902181382226,-0.05312063848923254,1.0681552376890693,23.62044848797704,,,,PRICE ONLY,,,,,キッコーマン,KIKKOMAN CORPORATION,プライム,,食料品,食品,True,True,94.75920679886686,35.0,55.31292907549351,BASE,True
9201,2026-10-08,3003.0,6678011777.362061,74,0.018023476726997112,0.022288696211835823,-0.021505376344086002,0.8669866042338761,15.640343771767947,,,,PRICE ONLY,,,,,日本航空,"Japan Airlines Co.,Ltd.",プライム,,空運業,運輸・物流,True,True,95.07082152974505,35.0,55.27262185267957,BASE,True
4544,2026-10-08,3585.0,713217048.8171387,74,0.046875470087164084,0.09003911523103736,-0.011284325243244075,1.1287867629007708,23.580652597663217,,,,PRICE ONLY,,,,,Ｈ．Ｕ．グループホールディングス,"H.U. Group Holdings,Inc.",プライム,,サービス業,情報通信・サービスその他,True,True,79.63172804532577,35.0,55.251532908605725,BASE,True
7380,2026-10-08,2731.0,1681803035.4614258,74,0.03548685167148058,0.09342775802451042,-0.06982288828337879,1.2626171824836265,38.947035019781914,,,,PRICE ONLY,,,,,十六フィナンシャルグループ,"Juroku Financial Group,Inc.",プライム,,銀行業,銀行,True,True,86.62889518413598,35.0,55.25019891767328,BASE,True
6788,2026-10-08,5240.0,60838400.0,74,0.05538771399798592,0.1696428571428572,-0.01132075471698113,2.0626987732848705,13.287883098501476,,,,PRICE ONLY,,,,,日本トリム,"NIHON TRIM CO.,LTD.",プライム,,電気機器,電機・精密,True,True,49.093484419263454,35.0,55.242636835481754,BASE,True
8056,2026-10-08,4700.0,2104908060.288086,74,0.0184242356528046,0.035670686504110094,-0.061703594411396834,1.2660483391967834,16.535137110520555,,,,PRICE ONLY,,,,,ＢＩＰＲＯＧＹ,BIPROGY Inc.,プライム,,情報･通信業,情報通信・サービスその他,True,True,88.01699716713881,35.0,55.2295667654178,BASE,True
4206,2026-10-08,4283.0,1024076571.4416504,74,0.03592327615762425,0.1766768423455265,-0.0064950127580607475,1.065222566055701,17.55035134584579,,,,PRICE ONLY,,,,,アイカ工業,"Aica Kogyo Company,Limited",プライム,,化学,素材・化学,True,True,82.71954674220963,35.0,55.22548419958056,BASE,True
5161,2026-10-08,3400.0,431890362.5390625,74,-0.023830031581969613,0.13305440351801412,-0.08162961153639492,2.505875817272766,23.81727787490469,,,,PRICE ONLY,,,,,西川ゴム工業,"NISHIKAWA RUBBER CO.,LTD.",スタンダード,,ゴム製品,自動車・輸送機,True,True,73.9943342776204,35.0,55.221731969209436,BASE,True
3923,2026-10-08,1083.5,1711426767.5,74,0.03833253473885967,0.05296404275996114,-0.07904802379940501,1.2823767330851497,37.03909796108729,,,,PRICE ONLY,,,,,ラクス,"RAKUS Co.,Ltd.",プライム,,情報･通信業,情報通信・サービスその他,True,True,86.74220963172804,35.0,55.202341516860194,BASE,True
4194,2026-10-08,9362.0,2438125455.0,74,0.054516783059247675,0.13740736241039975,-0.022143304783789453,0.8469998411213303,43.0753243287388,,,,PRICE ONLY,,,,,ビジョナル,"Visional,Inc.",プライム,,情報･通信業,情報通信・サービスその他,True,True,89.1784702549575,35.0,55.19137291026333,BASE,True
7287,2026-10-08,2608.0,621846349.0209961,74,-0.05532641097686686,0.09490047326523898,-0.07681415929203539,3.4820143884892087,46.22181563503784,,,,PRICE ONLY,,,,,日本精機,"NIPPON SEIKI CO.,LTD.",スタンダード,,輸送用機器,自動車・輸送機,True,True,78.38526912181302,35.0,55.17654527102174,BASE,True
8918,2026-10-08,11.0,2859659620.0,74,0.0,0.10000000000000009,0.0,0.9808832378250286,83.06191059526348,,,,PRICE ONLY,,,,,ランド,"LAND Co.,Ltd.",スタンダード,,不動産業,不動産,True,True,90.28328611898017,35.0,55.15540261882004,BASE,True
4914,2026-10-08,1267.0,209768790.7434082,74,-0.0035022945554628038,0.11322780014878409,-0.04404035246281601,2.6635093219491046,16.87274086969312,,,,PRICE ONLY,,,,,高砂香料工業,TAKASAGO INTERNATIONAL CORPORATION,プライム,,化学,素材・化学,True,True,63.9943342776204,35.0,55.1403338728667,BASE,True
7970,2026-10-08,2427.0,289187373.8989258,74,0.10671300295865893,0.02941428651311906,-0.03422204536410667,1.2565574786236524,26.966212951866442,,,,PRICE ONLY,,,,,信越ポリマー,"Shin-Etsu Polymer Co.,Ltd.",プライム,,化学,素材・化学,True,True,68.27195467422096,35.0,55.137479657536716,BASE,True
6508,2026-10-08,11850.0,2326636358.569336,74,0.06568725735973135,0.3188616210442248,-0.057211923988022106,0.9621910423335178,40.540930997732914,,,,PRICE ONLY,,,,,明電舎,MEIDENSHA CORPORATION,プライム,,電気機器,電機・精密,True,True,88.83852691218131,35.0,55.134583149287394,BASE,True
2664,2026-10-08,3785.0,218258818.3935547,74,0.008277726944856845,0.10881409854105262,-0.006561679790026198,1.7413238236061581,15.093201651756004,,,,PRICE ONLY,,,,,カワチ薬品,CAWACHI LIMITED,プライム,,小売業,小売,True,True,64.41926345609065,35.0,55.12275517924033,BASE,True
2124,2026-10-08,1061.0,458984505.0,74,0.09494324045407643,0.21674311926605494,0.0,0.9563216356153472,26.596408286279676,,,,PRICE ONLY,,,,,ジェイエイシーリクルートメント,"JAC Recruitment Co.,Ltd.",プライム,,サービス業,情報通信・サービスその他,True,True,74.6458923512748,35.0,55.11937666611609,BASE,True
4216,2026-10-08,7250.0,668095777.2998047,74,0.22438757738079196,0.10489023315877688,-0.06379527734907275,0.5957361020109874,49.2524439733041,,,,PRICE ONLY,,,,,旭有機材,ASAHI YUKIZAI CORPORATION,プライム,,化学,素材・化学,True,True,79.0084985835694,35.0,55.116593882942276,BASE,True
6178,2026-10-08,2374.5,12303674809.753418,74,-0.03789320720169076,0.017742246034071485,-0.07064579256360082,1.302873916364965,28.36392535009316,,,,PRICE ONLY,,,,,日本郵政,"JAPAN POST HOLDINGS Co.,Ltd.",プライム,,サービス業,情報通信・サービスその他,True,True,97.02549575070822,35.0,55.05526513496166,BASE,True
1377,2026-10-08,4160.0,516741575.0,74,-0.035921205098493614,-0.03815028901734108,-0.08066298342541434,1.9673292310416575,11.728330103619298,,,,PRICE ONLY,,,,,サカタのタネ,SAKATA SEED CORPORATION,プライム,,水産・農林業,食品,True,True,76.1473087818697,35.0,55.05138263671067,BASE,True
8410,2026-10-08,340.29998779296875,1397909665.1663208,74,0.026655223121509808,0.17892083063385233,-0.013623223788496341,1.03899414654671,14.98865591859917,,,,PRICE ONLY,,,,,セブン銀行,"Seven Bank,Ltd.",プライム,,銀行業,銀行,True,True,85.38243626062322,35.0,55.03377729633312,BASE,True
5233,2026-10-08,4113.0,1999032289.3615723,74,-0.009438844717863049,0.059196523626167785,-0.03687178713776884,1.269781697629324,21.380790681231886,,,,PRICE ONLY,,,,,太平洋セメント,TAIHEIYO CEMENT CORPORATION,プライム,,ガラス･土石製品,建設・資材,True,True,87.62039660056658,35.0,55.02686383200459,BASE,True
6533,2026-10-08,2154.0,241424320.0,74,0.8894736842105264,0.8552971576227391,0.0,0.6579843718693649,117.91180346329394,,,,PRICE ONLY,,,,,Ｏｒｃｈｅｓｔｒａ　Ｈｏｌｄｉｎｇｓ,Orchestra Holdings Inc.,プライム,,サービス業,情報通信・サービスその他,True,True,66.09065155807366,35.0,55.0213594574105,BASE,True
4202,2026-10-08,1440.0,1536964395.4522705,74,0.02267611381204171,0.054075651423252546,-0.02879414336312036,1.1103661995602416,22.828927908306685,,,,PRICE ONLY,,,,,ダイセル,Daicel Corporation,プライム,,化学,素材・化学,True,True,86.0056657223796,35.0,55.00475538436993,BASE,True
8113,2026-10-08,951.0,4378002391.75293,74,-0.013792375776555788,-0.010405827263267442,-0.09471680152308426,1.4113514234985212,18.514363639684504,,,,PRICE ONLY,,,,,ユニ・チャーム,UNICHARM CORPORATION,プライム,,化学,素材・化学,True,True,92.91784702549575,35.0,55.000925199916665,BASE,True
1982,2026-10-08,3195.0,249101614.10766602,74,0.028399667591986866,0.06200757241314836,-0.009224696248229858,1.5732135163414784,21.300725017994466,,,,PRICE ONLY,,,,,日比谷総合設備,"Hibiya Engineering,Ltd.",プライム,,建設業,建設・資材,True,True,66.3172804532578,35.0,54.98497026991921,BASE,True
4980,2026-10-08,3564.0,5580533981.896973,74,0.20410897515896043,-0.10440273920732512,-0.2825946640863001,1.1852840606725255,43.28084749479647,,,,PRICE ONLY,,,,,デクセリアルズ,Dexerials Corporation,プライム,,化学,素材・化学,True,True,94.19263456090651,35.0,54.97276073386006,BASE,True
6016,2026-10-08,11730.0,1421709443.3447266,74,0.03160387919858376,0.4811440679794856,-0.06159999999999999,1.2280176286851225,55.234763707652675,,,,PRICE ONLY,,,,,ジャパンエンジンコーポレーション,Japan Engine Corporation,スタンダード,,輸送用機器,自動車・輸送機,True,True,85.52407932011332,35.0,54.9326854373035,BASE,True
6266,2026-10-08,4395.0,843518675.0,74,0.19591836734693868,-0.06687898089171973,-0.1815642458100558,1.107855704083501,46.2520794843838,,,,PRICE ONLY,,,,,タツモ,"TAZMO CO.,LTD.",プライム,,機械,機械,True,True,80.8498583569405,35.0,54.93156335215586,BASE,True
4471,2026-10-08,1629.0,651834830.2124023,74,0.13486765231642894,0.4409523732396077,-0.04569420035149385,0.8214277252588433,37.28026220505054,,,,PRICE ONLY,,,,,三洋化成工業,"SANYO CHEMICAL INDUSTRIES,LTD.",プライム,,化学,素材・化学,True,True,78.72521246458923,35.0,54.9197234197832,BASE,True
4440,2026-10-08,2390.0,3661763695.0,74,0.4807930607187112,1.1682786824971139,-0.13090909090909086,0.07598635564815116,163.79773931410838,,,,PRICE ONLY,,,,,ヴィッツ,WITZ Corporation,スタンダード,,情報･通信業,情報通信・サービスその他,True,True,91.95467422096317,35.0,54.88638938964718,BASE,True
7071,2026-10-08,402.0,115095647.49557495,74,0.046654737651721456,0.14073612858110907,-0.059948955197209886,2.372383010379397,30.09593861161691,,,,PRICE ONLY,,,,,アンビスホールディングス,"Amvis Holdings,Inc.",プライム,,サービス業,情報通信・サービスその他,True,True,56.685552407932015,35.0,54.8812175857361,BASE,True
4366,2026-10-08,529.0,50868920.0,74,0.17817371937639193,0.1499999999999999,-0.03992740471869327,1.530970786065656,45.69473862459362,,,,PRICE ONLY,,,,,ダイトーケミックス,Daito Chemix Corporation,スタンダード,,化学,素材・化学,True,True,46.45892351274787,35.0,54.86895300158224,BASE,True
9449,2026-10-08,3878.0,1159529505.0,74,-0.013984235952199331,0.018649855529288217,-0.10706884641952563,1.726110772976263,20.046387277466085,,,,PRICE ONLY,,,,,ＧＭＯインターネットグループ,"GMO internet group,Inc.",プライム,,情報･通信業,情報通信・サービスその他,True,True,83.79603399433428,35.0,54.866938734570056,BASE,True
9304,2026-10-08,1988.0,344037315.52734375,74,0.0013971614293917245,0.087844880016539,-0.10188991565570871,3.041357783847054,36.458747751062496,,,,PRICE ONLY,,,,,澁澤倉庫,Shibusawa Logistics Corporation,プライム,,倉庫･運輸関連業,運輸・物流,True,True,71.04815864022663,35.0,54.838969289671084,BASE,True
2702,2026-10-08,7620.0,4881914300.0,74,-0.059259259259259234,-0.034220532319391594,-0.07748184019370463,1.5151415024203274,20.789432726664682,,,,PRICE ONLY,,,,,日本マクドナルドホールディングス,"McDonald's Holdings Company(Japan),Ltd.",スタンダード,,小売業,小売,True,True,93.34277620396601,35.0,54.77911656174443,BASE,True
2962,2026-10-08,2443.0,1287561585.0,74,0.5287859824780976,0.9575320512820513,-0.1963815789473684,1.0224408296592808,123.05514352432527,,,,PRICE ONLY,,,,,テクニスコ,"TECNISCO,LTD.",スタンダード,,金属製品,建設・資材,True,True,84.61756373937676,35.0,54.774050296481086,BASE,True
8344,2026-10-08,5300.0,1176709811.9311523,74,0.13261783685269468,0.41240589024680796,-0.08462867012089814,0.8409956877866253,55.15123497816905,,,,PRICE ONLY,,,,,山形銀行,"The Yamagata Bank,Ltd.",プライム,,銀行業,銀行,True,True,83.90934844192634,35.0,54.74449690107836,BASE,True
9861,2026-10-08,3747.0,1333030615.0,74,-0.014725216933999419,0.118096210968345,-0.06982148637533825,1.490910136923254,16.50316880204156,,,,PRICE ONLY,,,,,吉野家ホールディングス,"YOSHINOYA HOLDINGS CO.,LTD.",プライム,,小売業,小売,True,True,85.07082152974505,35.0,54.73902614050176,BASE,True
9934,2026-10-08,3067.0,661217750.4052734,74,0.019691495893289446,0.1526617845842615,-0.04066312167657182,1.3581678504131034,19.00751613889918,,,,PRICE ONLY,,,,,因幡電機産業,"INABA DENKISANGYO CO.,LTD.",プライム,,卸売業,商社・卸売,True,True,78.83852691218131,35.0,54.73526707561448,BASE,True
9010,2026-10-08,2654.0,500705710.0,74,0.03389170237631478,0.06330128205128216,-0.05517977928088291,1.4501248236187996,19.445982467062358,,,,PRICE ONLY,,,,,富士急行,"FUJI KYUKO CO.,LTD.",プライム,,陸運業,運輸・物流,True,True,75.6657223796034,35.0,54.728825507271914,BASE,True
8117,2026-10-08,2018.0,1322951359.0356445,74,-0.06971628789503048,-0.04763886512516424,-0.11592908418426795,2.290507517207556,27.079335552865384,,,,PRICE ONLY,,,,,中央自動車工業,CENTRAL AUTOMOTIVE PRODUCTS LTD.,スタンダード,,卸売業,商社・卸売,True,True,84.92917847025497,35.0,54.72072487308981,BASE,True
8334,2026-10-08,2944.5,4257581214.8449707,74,0.03012512504304765,0.19512712580311087,-0.07198823291243495,1.033270003335702,39.60564396120853,,,,PRICE ONLY,,,,,群馬銀行,"The Gunma Bank,Ltd.",プライム,,銀行業,銀行,True,True,92.77620396600567,35.0,54.69647515202285,BASE,True
3635,2026-10-08,1600.0,1424556812.5,74,-0.016897081413210446,-0.0003124023742580029,-0.07940161104718069,1.525350541555217,18.943845908194316,,,,PRICE ONLY,,,,,コーエーテクモホールディングス,"KOEI TECMO HOLDINGS CO.,LTD.",プライム,,情報･通信業,情報通信・サービスその他,True,True,85.58073654390935,35.0,54.68479386404464,BASE,True
9551,2026-10-08,3155.0,330187513.4277344,74,0.0017898739599735425,-0.019720987685599933,-0.10484327026794138,2.004008016032064,23.434090873611524,,,,PRICE ONLY,,,,,メタウォーター,"METAWATER Co.,Ltd.",プライム,,電気･ガス業,電気・ガス,True,True,70.6798866855524,35.0,54.682795303458626,BASE,True
8020,2026-10-08,2230.5,1473414586.3146973,74,-0.006768361319040128,0.10037326773581823,-0.039215869794541725,1.268467674685715,18.77096885029367,,,,PRICE ONLY,,,,,兼松,KANEMATSU CORPORATION,プライム,,卸売業,商社・卸売,True,True,85.86402266288951,35.0,54.68220563598345,BASE,True
9697,2026-10-08,4300.0,15917424930.26123,74,0.0029403517898927145,0.2977103511203627,-0.033273381294964044,0.8313246067262647,21.392004723643172,,,,PRICE ONLY,,,,,カプコン,"CAPCOM CO.,LTD.",プライム,,情報･通信業,情報通信・サービスその他,True,True,97.79036827195468,35.0,54.67918867803794,BASE,True
4966,2026-10-08,21120.0,1195688250.0,74,0.057586379569354085,-0.12907216494845364,-0.24705882352941178,2.166636347098417,39.99649505294664,,,,PRICE ONLY,,,,,上村工業,"C.Uyemura & Co.,Ltd.",スタンダード,,化学,素材・化学,True,True,84.10764872521247,35.0,54.659365279857326,BASE,True
6861,2026-10-08,80000.0,43893780575.42969,74,0.017757786170083056,0.06204907641660906,-0.0840644568171276,0.952883514596451,20.369779330432376,,,,PRICE ONLY,,,,,キーエンス,KEYENCE CORPORATION,プライム,,電気機器,電機・精密,True,True,99.34844192634561,35.0,54.658512495186905,BASE,True
9425,2026-10-08,263.0,222345500.0,74,0.06048387096774199,0.1287553648068669,-0.13201320132013206,3.3187223637682184,54.1090033110529,,,,PRICE ONLY,,,,,ＲｅＹｕｕ　Ｊａｐａｎ,ReYuu Japan Inc.,スタンダード,,情報･通信業,情報通信・サービスその他,True,True,64.75920679886686,35.0,54.628002178620235,BASE,True
8370,2026-10-08,1705.0,854893700.279541,74,0.040038166264956265,0.15459960555985686,-0.05435385468663334,1.2376661502079427,28.452211181371823,,,,PRICE ONLY,,,,,紀陽銀行,"The Kiyo Bank,Ltd.",プライム,,銀行業,銀行,True,True,81.01983002832861,35.0,54.62083433501112,BASE,True
4884,2026-10-08,548.0,137183515.0,74,0.2955082742316786,0.7071651090342679,-0.10310965630114566,1.315476562988923,84.44396128372155,,,,PRICE ONLY,,,,,クリングルファーマ,"Kringle Pharma,Inc.",グロース,,医薬品,医薬品,True,True,58.92351274787535,35.0,54.62014913971399,BASE,True
8362,2026-10-08,7780.0,1149646936.340332,74,0.06834690135990029,0.3219443336839505,-0.09429569266589055,1.206454107638767,52.49945003253711,,,,PRICE ONLY,,,,,福井銀行,"The Fukui Bank,Ltd.",プライム,,銀行業,銀行,True,True,83.6827195467422,35.0,54.617807423828694,BASE,True
6849,2026-10-08,1604.5,1192677598.8031006,74,0.07856907469333474,0.0803666751902119,-0.023176626924328536,0.7937871777924653,23.585796683036133,,,,PRICE ONLY,,,,,日本光電工業,NIHON KOHDEN CORPORATION,プライム,,電気機器,電機・精密,True,True,84.05099150141643,35.0,54.602193100011476,BASE,True
6258,2026-10-08,3925.0,1018649900.0,74,0.0768175582990398,0.36190145732130463,-0.07100591715976334,1.0770973018640686,37.73500946927456,,,,PRICE ONLY,,,,,平田機工,HIRATA Corporation,プライム,,機械,機械,True,True,82.66288951841359,35.0,54.59880294057509,BASE,True
9404,2026-10-08,2798.5,2027868026.4416504,74,-0.05735705841839622,-0.03550285651347085,-0.0876759169697292,1.6923008203921803,20.083480641272185,,,,PRICE ONLY,,,,,日本テレビホールディングス,"Nippon Television Holdings,Inc.",プライム,,情報･通信業,情報通信・サービスその他,True,True,87.76203966005666,35.0,54.577942192097986,BASE,True
4272,2026-10-08,2113.5,1328037034.418335,74,0.03607962960635791,0.08311476118483951,-0.01169043722235208,0.9208723229317568,24.494890090969026,,,,PRICE ONLY,,,,,日本化薬,"NIPPON KAYAKU CO.,LTD.",プライム,,化学,素材・化学,True,True,84.98583569405099,35.0,54.552916430370594,BASE,True
9602,2026-10-08,1542.0,4549943000.0,74,-0.01845957988542335,0.14441529163734002,-0.062043795620437936,1.195733138448133,20.843548668714362,,,,PRICE ONLY,,,,,東宝,"TOHO CO.,LTD",プライム,,情報･通信業,情報通信・サービスその他,True,True,93.03116147308782,35.0,54.48798712101209,BASE,True
8550,2026-10-08,1126.0,873853319.3951416,74,0.023577410702663837,0.176744296707398,-0.08380797396257123,1.433220311231486,46.31764270399249,,,,PRICE ONLY,,,,,栃木銀行,"THE TOCHIGI BANK,LTD.",プライム,,銀行業,銀行,True,True,81.30311614730878,35.0,54.45955832702705,BASE,True
7180,2026-10-08,1682.0,2360619351.241455,74,0.054933801275970584,0.11038410388318498,-0.0483734087694484,0.8682348716107021,39.898655707877786,,,,PRICE ONLY,,,,,九州フィナンシャルグループ,"Kyushu Financial Group,Inc.",プライム,,銀行業,銀行,True,True,88.95184135977338,35.0,54.44943338905223,BASE,True
4968,2026-10-08,2391.0,398479156.11694336,74,0.11094201547179727,0.112986050989768,-0.05791962174940901,1.1023170451938518,59.43225421049401,,,,PRICE ONLY,,,,,荒川化学工業,"ARAKAWA CHEMICAL INDUSTRIES,LTD.",プライム,,化学,素材・化学,True,True,73.05949008498584,35.0,54.44154066570486,BASE,True
3391,2026-10-08,2132.0,4267867285.0,74,-0.07505422993492405,-0.08759500527006026,-0.16780059246284718,3.067694312997648,25.940370948593028,,,,PRICE ONLY,,,,,ツルハホールディングス,TSURUHA HOLDINGS INC.,プライム,,小売業,小売,True,True,92.86118980169972,35.0,54.438287964671446,BASE,True
4626,2026-10-08,4802.0,1608006495.0,74,0.016941973739940774,-0.012949640287769792,-0.08428680396643784,1.316564901728485,5.250695948296329,,,,PRICE ONLY,,,,,太陽ホールディングス,"TAIYO HOLDINGS CO.,LTD.",プライム,,化学,素材・化学,True,True,86.26062322946176,35.0,54.43029434244718,BASE,True
5208,2026-10-08,2857.0,521156272.8076172,74,0.11319509817425799,0.17416758901196516,-0.031525423728813506,0.8619301207949084,36.194983657598264,,,,PRICE ONLY,,,,,有沢製作所,"Arisawa Mfg.Co.,Ltd.",プライム,,化学,素材・化学,True,True,76.31728045325778,35.0,54.42557922883431,BASE,True
8022,2026-10-08,4280.0,1019262244.7094727,74,0.053544539680036696,0.23088874342397525,-0.011547344110854452,0.8790091317700177,30.5964542112593,,,,PRICE ONLY,,,,,美津濃,Mizuno Corporation,プライム,,その他製品,情報通信・サービスその他,True,True,82.69121813031161,35.0,54.41835241947998,BASE,True
3382,2026-10-08,1987.5,15440254657.5,74,-0.025496445207158658,-0.005634287099769764,-0.10568795773373718,1.2919176146925422,14.405129819624731,,,,PRICE ONLY,,,,,セブン＆アイ・ホールディングス,"Seven & i Holdings Co.,Ltd.",プライム,,小売業,小売,True,True,97.6770538243626,35.0,54.39869621032614,BASE,True
6473,2026-10-08,2130.0,2545111395.9259033,74,-0.01625203399900299,0.050046577907869594,-0.03445149592021757,1.140536149471974,40.77005078055016,,,,PRICE ONLY,,,,,ジェイテクト,JTEKT Corporation,プライム,,機械,機械,True,True,89.51841359773371,35.0,54.389894647225105,BASE,True
3038,2026-10-08,2953.5,7161566785.0,74,-0.010552763819095423,0.09490268767377197,-0.06741395642563941,1.0930016911713218,37.72474076493599,,,,PRICE ONLY,,,,,神戸物産,"KOBE BUSSAN CO.,LTD.",プライム,,卸売業,商社・卸売,True,True,95.41076487252124,35.0,54.37559209611081,BASE,True
1928,2026-10-08,3334.0,8469948430.0,74,-0.00179640718562879,-0.02179392240031275,-0.09352909189777048,1.1594424319423615,15.29404989536342,,,,PRICE ONLY,,,,,積水ハウス,"Sekisui House,Ltd.",プライム,,建設業,建設・資材,True,True,95.8356940509915,35.0,54.354992242486375,BASE,True
6730,2026-10-08,1691.0,361053940.0,74,0.4186241610738255,0.48463564530289727,-0.02254335260115603,0.442319875597535,89.46589218684969,,,,PRICE ONLY,,,,,アクセル,AXELL CORPORATION,スタンダード,,電気機器,電機・精密,True,True,71.671388101983,35.0,54.35161866085903,BASE,True
4503,2026-10-08,2248.0,13255605757.526855,74,-0.0070086720318937035,0.06987555465803519,-0.05521214048984702,0.954568465561094,21.16783673182981,,,,PRICE ONLY,,,,,アステラス製薬,Astellas Pharma Inc.,プライム,,医薬品,医薬品,True,True,97.28045325779037,35.0,54.34471233876136,BASE,True
9513,2026-10-08,3937.0,2342506998.803711,74,-0.03273841710403802,0.09662016795624995,-0.061662885415581736,1.3692920076926518,18.873895460444395,,,,PRICE ONLY,,,,,電源開発,"Electric Power Development Co.,Ltd.",プライム,,電気･ガス業,電気・ガス,True,True,88.86685552407933,35.0,54.33500450795536,BASE,True
6742,2026-10-08,1150.0,298095185.2371216,74,0.13933907134940404,0.3098523538008424,-0.03280067283431454,0.9385408332247921,38.80406115157331,,,,PRICE ONLY,,,,,京三製作所,"Kyosan Electric Manufacturing Co.,Ltd.",プライム,,電気機器,電機・精密,True,True,69.0084985835694,35.0,54.32948013641018,BASE,True
3443,2026-10-08,1310.0,266059217.9925537,74,-0.02218077835959753,-0.008326475152624968,-0.07004603183406355,2.042409818969436,23.47118970130571,,,,PRICE ONLY,,,,,川田テクノロジーズ,"KAWADA TECHNOLOGIES,INC.",プライム,,金属製品,建設・資材,True,True,67.25212464589235,35.0,54.306302207956634,BASE,True
2875,2026-10-08,10065.0,5195084897.451172,74,-0.0025615915720356153,-0.05459374047742527,-0.11440347152849295,1.3214168007599698,22.413539855565283,,,,PRICE ONLY,,,,,東洋水産,"TOYO SUISAN KAISHA,LTD.",プライム,,食料品,食品,True,True,93.65439093484419,35.0,54.29390851346092,BASE,True
7181,2026-10-08,1675.5,4022469632.861328,74,-0.017273838922273632,0.03481101124822117,-0.0743093922651934,1.240479995714324,24.598696439886854,,,,PRICE ONLY,,,,,かんぽ生命保険,"JAPAN POST INSURANCE Co.,Ltd.",プライム,,保険業,金融（除く銀行）,True,True,92.3512747875354,35.0,54.292344250601076,BASE,True
7609,2026-10-08,4570.0,373975075.0,74,0.10519951632406288,0.31510791366906465,-0.04192872117400415,1.059897572923625,43.77200079775896,,,,PRICE ONLY,,,,,ダイトロン,"Daitron Co.,Ltd.",プライム,,卸売業,商社・卸売,True,True,72.09631728045326,35.0,54.28892820663233,BASE,True
7184,2026-10-08,3625.0,712614360.5065918,74,0.08330386374243681,0.3412333131714749,-0.05104712041884818,0.9913385625590843,36.34345314802503,,,,PRICE ONLY,,,,,富山第一銀行,"THE FIRST BANK OF TOYAMA,LTD.",プライム,,銀行業,銀行,True,True,79.60339943342775,35.0,54.28622850415995,BASE,True
7276,2026-10-08,2732.0,2067830915.3417969,74,0.017865238282009033,0.08720587982401873,-0.02266924289100858,0.9406628042912412,27.669237570241645,,,,PRICE ONLY,,,,,小糸製作所,"KOITO MANUFACTURING CO.,LTD.",プライム,,電気機器,電機・精密,True,True,87.87535410764873,35.0,54.281452054420555,BASE,True
6856,2026-10-08,25560.0,5762050800.0,74,0.1122715404699739,-0.03401360544217691,-0.11495844875346262,0.7077155269115457,37.437620752254716,,,,PRICE ONLY,,,,,堀場製作所,"HORIBA,Ltd.",プライム,,電気機器,電機・精密,True,True,94.39093484419263,35.0,54.26897466558897,BASE,True
8341,2026-10-08,4005.0,3321013754.6936035,74,0.014580927067533223,0.15076050809879082,-0.05139744197063001,0.9906218474835914,35.2487168497782,,,,PRICE ONLY,,,,,七十七銀行,"The 77 Bank,Ltd.",プライム,,銀行業,銀行,True,True,91.3314447592068,35.0,54.25945904666859,BASE,True
8551,2026-10-08,2859.0,470457353.2336426,74,0.08268561220533122,0.5674988314498215,-0.056435643564356486,1.1552346570397112,40.110885201329886,,,,PRICE ONLY,,,,,北日本銀行,"The Kita-Nippon Bank,Ltd.",プライム,,銀行業,銀行,True,True,74.98583569405099,35.0,54.259032188368515,BASE,True
6869,2026-10-08,1882.0,4946597538.053589,74,0.005028288728008867,0.2538009032662587,-0.03938585869461331,0.9148164594434577,26.360952132955966,,,,PRICE ONLY,,,,,シスメックス,SYSMEX CORPORATION,プライム,,電気機器,電機・精密,True,True,93.48441926345609,35.0,54.247542121604404,BASE,True
7433,2026-10-08,1869.0,559849045.3149414,74,0.13934411346673303,0.3200330343464608,-0.025039123630672955,0.6416024163421031,32.34267914714162,,,,PRICE ONLY,,,,,伯東,"Hakuto Co.,Ltd.",プライム,,卸売業,商社・卸売,True,True,77.22379603399433,35.0,54.245373402323054,BASE,True
7537,2026-10-08,1932.0,162919173.04382324,74,0.08744334136992093,0.1876715252286727,-0.009738595592004073,1.3272983776158007,27.57299871492913,,,,PRICE ONLY,,,,,丸文,MARUBUN CORPORATION,プライム,,卸売業,商社・卸売,True,True,60.76487252124646,35.0,54.24270722620226,BASE,True
7608,2026-10-08,974.0,96621735.0,74,0.13918128654970752,0.18495645894554724,-0.0010256410256410664,1.1888458866726208,24.39569346724757,,,,PRICE ONLY,,,,,エスケイジャパン,"SK JAPAN CO.,LTD.",スタンダード,,卸売業,商社・卸売,True,True,55.04249291784703,35.0,54.23225812880542,BASE,True
9433,2026-10-08,2905.0,26173906244.171143,74,-0.004894623056654335,0.05044815100192168,-0.052265394490642714,0.8653058230674107,14.817319024895593,,,,PRICE ONLY,,,,,ＫＤＤＩ,KDDI CORPORATION,プライム,,情報･通信業,情報通信・サービスその他,True,True,98.81019830028328,35.0,54.22382798809393,BASE,True
1965,2026-10-08,2183.0,492184028.0944824,74,-0.0627480753280042,0.08895460848138348,-0.0804549283909014,2.9570080391471514,38.89549142804452,,,,PRICE ONLY,,,,,テクノ菱和,TECHNO RYOWA LTD.,スタンダード,,建設業,建設・資材,True,True,75.46742209631728,35.0,54.220193806741875,BASE,True
2782,2026-10-08,4180.0,1847247829.375,74,-0.07740281149095107,0.15198606524032932,-0.1368947876778761,2.181422909182497,30.981846143265614,,,,PRICE ONLY,,,,,セリア,"Seria Co.,Ltd.",スタンダード,,小売業,小売,True,True,87.13881019830029,35.0,54.21772790329648,BASE,True
8411,2026-10-08,8350.0,78742042209.4336,74,-0.03309017725511554,0.025296416714691405,-0.057242858755786385,1.0084068623151543,37.348329661976564,,,,PRICE ONLY,,,,,みずほフィナンシャルグループ,"Mizuho Financial Group,Inc.",プライム,,銀行業,銀行,True,True,99.63172804532577,35.0,54.21366856142774,BASE,True
6800,2026-10-08,4685.0,687592303.972168,74,0.21158588600330575,-0.03789459223818403,-0.25683039116073314,1.3916344832100542,42.26045064382163,,,,PRICE ONLY,,,,,ヨコオ,"YOKOWO CO.,LTD.",プライム,,電気機器,電機・精密,True,True,79.3201133144476,35.0,54.21126483823272,BASE,True
6305,2026-10-08,5550.0,5915539779.418945,74,-0.06417056163351242,0.07867410317611179,-0.06479132358307416,1.3574373307292293,28.073100042215977,,,,PRICE ONLY,,,,,日立建機,"Hitachi Construction Machinery Co.,Ltd.",プライム,,機械,機械,True,True,94.5042492917847,35.0,54.20410431457195,BASE,True
4393,2026-10-08,6230.0,294800650.0,74,0.11849192100538608,0.2688391038696538,-0.037094281298299836,1.0552400619514712,45.42444256728282,,,,PRICE ONLY,,,,,バンク・オブ・イノベーション,"Bank of Innovation,Inc.",グロース,,情報･通信業,情報通信・サービスその他,True,True,68.66855524079321,35.0,54.18518461058695,BASE,True
9830,2026-10-08,2381.0,256286475.0,74,0.0008406893652794789,0.031182330012992532,-0.028163265306122454,1.6729963969227772,16.471355239482875,,,,PRICE ONLY,,,,,トラスコ中山,TRUSCO NAKAYAMA CORPORATION,プライム,,卸売業,商社・卸売,True,True,66.68555240793201,35.0,54.16346111686076,BASE,True
2737,2026-10-08,37950.0,6542361750.0,74,0.11946902654867264,1.4125874125874125,-0.13157894736842102,0.7152232885103404,91.15270666929638,,,,PRICE ONLY,,,,,トーメンデバイス,TOMEN DEVICES CORPORATION,プライム,,卸売業,商社・卸売,True,True,94.84419263456091,35.0,54.11628271393811,BASE,True
3402,2026-10-08,1227.0,5336511587.601318,74,-0.015187240719088058,0.08191915774726333,-0.09728479113384181,1.2713100433094473,24.135533705571586,,,,PRICE ONLY,,,,,東レ,"TORAY INDUSTRIES,INC.",プライム,,繊維製品,素材・化学,True,True,93.79603399433428,35.0,54.11166978918744,BASE,True
2659,2026-10-08,3075.0,788930500.0,74,-0.0737951807228916,-0.06959152798789714,-0.1021897810218978,2.3369430623409957,17.24900197222661,,,,PRICE ONLY,,,,,サンエー,"SAN-A CO.,LTD.",プライム,,小売業,小売,True,True,80.31161473087819,35.0,54.10389172389339,BASE,True
2222,2026-10-08,2490.0,2121700844.4348145,74,-0.0014330784104490402,-0.023853055766302922,-0.09977950465735841,1.3798908593253434,32.838938270048196,,,,PRICE ONLY,,,,,寿スピリッツ,"Kotobuki Spirits Co.,Ltd.",プライム,,食料品,食品,True,True,88.15864022662889,35.0,54.098556232058044,BASE,True
8154,2026-10-08,5310.0,821412283.5351562,74,0.08449511882059091,0.2545869358161239,-0.05516014234875444,0.9452979743614836,35.87457553017538,,,,PRICE ONLY,,,,,加賀電子,"KAGA ELECTRONICS CO.,LTD.",プライム,,卸売業,商社・卸売,True,True,80.59490084985835,35.0,54.084761351324445,BASE,True
2502,2026-10-08,1559.0,9879311395.0,74,-0.042383292383292415,-0.04150015370427296,-0.12243174781874477,1.446955596915714,17.251205966758356,,,,PRICE ONLY,,,,,アサヒグループホールディングス,"Asahi Group Holdings,Ltd.",プライム,,食料品,食品,True,True,96.45892351274787,35.0,54.06550590092749,BASE,True
6586,2026-10-08,5170.0,4126012485.8154297,74,-0.01361935579734408,-0.061429936156393805,-0.12961596405535947,1.4499140511445467,18.0227048103926,,,,PRICE ONLY,,,,,マキタ,Makita Corporation,プライム,,機械,機械,True,True,92.52124645892351,35.0,54.05039860218309,BASE,True
8354,2026-10-08,7546.0,6824336741.052246,74,-0.02792290665631747,0.035670924315482244,-0.06062492219594173,1.1047264910089185,32.008060091891714,,,,PRICE ONLY,,,,,ふくおかフィナンシャルグループ,"Fukuoka Financial Group,Inc.",プライム,,銀行業,銀行,True,True,95.21246458923513,35.0,54.039193229750346,BASE,True
4733,2026-10-08,8513.0,1392953994.284668,74,0.03887867566002834,0.31410995602780956,-0.020418107041758504,0.8604616968092927,23.20954987823269,,,,PRICE ONLY,,,,,オービックビジネスコンサルタント,"OBIC BUSINESS CONSULTANTS CO.,LTD.",プライム,,情報･通信業,情報通信・サービスその他,True,True,85.3541076487252,35.0,54.03615133796034,BASE,True
1802,2026-10-08,2848.0,8106769021.446533,74,-0.041588667529494305,-0.10973062070020267,-0.15051824221027355,1.596071044133477,23.376431082468375,,,,PRICE ONLY,,,,,大林組,OBAYASHI CORPORATION,プライム,,建設業,建設・資材,True,True,95.75070821529745,35.0,54.03239903586612,BASE,True
8544,2026-10-08,2857.0,957529821.2304688,74,0.0037556331280379496,0.09259024980633623,-0.06174055829228242,1.3338544516532478,39.71486208537264,,,,PRICE ONLY,,,,,京葉銀行,"The Keiyo Bank,Ltd.",プライム,,銀行業,銀行,True,True,82.26628895184136,35.0,54.02734103080442,BASE,True
9983,2026-10-08,74800.0,78781289300.0,74,0.08155002891844987,-0.11781041843192419,-0.14520948501067732,0.8186600196925479,24.667069516938003,,,,PRICE ONLY,,,,,ファーストリテイリング,"FAST RETAILING CO.,LTD.",プライム,,小売業,小売,True,True,99.66005665722379,35.0,54.02596133422824,BASE,True
8392,2026-10-08,3140.0,678531819.0112305,74,0.03734307305013429,0.23589711952900494,-0.08187134502923976,1.3510717636586715,39.4508175514763,,,,PRICE ONLY,,,,,大分銀行,"THE OITA BANK,LTD.",プライム,,銀行業,銀行,True,True,79.15014164305948,35.0,54.01621244889069,BASE,True
6770,2026-10-08,2208.0,3455383681.063843,74,-0.00694994753088829,0.08777552005692435,-0.03889451649336806,0.9947214516947083,38.23573021249768,,,,PRICE ONLY,,,,,アルプスアルパイン,"ALPS ALPINE CO.,LTD.",プライム,,電気機器,電機・精密,True,True,91.58640226628894,35.0,54.00592490603378,BASE,True
8014,2026-10-08,4165.0,121098488.9428711,74,-0.004635896363537895,0.08562056619907121,-0.024063189125971163,1.932697498650351,19.75956510841424,,,,PRICE ONLY,,,,,蝶理,"CHORI CO.,LTD.",プライム,,卸売業,商社・卸売,True,True,57.50708215297451,35.0,54.00459156634855,BASE,True
7182,2026-10-08,3247.0,20023075725.0,74,-0.028135288835677952,-0.01276983885679539,-0.07281553398058249,1.0676678068729906,35.66737971974033,,,,PRICE ONLY,,,,,ゆうちょ銀行,"JAPAN POST BANK Co.,Ltd.",プライム,,銀行業,銀行,True,True,98.27195467422096,35.0,54.00055679478624,BASE,True
2371,2026-10-08,3805.0,1144203370.0,74,0.02837837837837842,0.04676753782668497,-0.011688311688311637,0.9160513616288389,12.57649006273348,,,,PRICE ONLY,,,,,カカクコム,"Kakaku.com,Inc.",プライム,,サービス業,情報通信・サービスその他,True,True,83.62606232294617,35.0,53.98484819474148,BASE,True
4204,2026-10-08,2531.5,3678920796.8725586,74,0.009929112276410468,-0.01783521493531126,-0.06767324275155617,1.0327787955195327,14.341282810245954,,,,PRICE ONLY,,,,,積水化学工業,"Sekisui Chemical Co.,Ltd.",プライム,,化学,素材・化学,True,True,91.98300283286119,35.0,53.98236266342048,BASE,True
3778,2026-10-08,3720.0,2851532700.0,74,0.024793388429751984,0.35125317835088987,-0.1348837209302326,1.3350334368768737,58.23603903812421,,,,PRICE ONLY,,,,,さくらインターネット,SAKURA internet Inc.,プライム,,情報･通信業,情報通信・サービスその他,True,True,90.25495750708215,35.0,53.97707632509739,BASE,True
2809,2026-10-08,4360.0,2098853880.0,74,-0.061760275446524626,-0.028953229398663738,-0.10010319917440658,1.6773991242314628,18.77299635434884,,,,PRICE ONLY,,,,,キユーピー,Kewpie Corporation,プライム,,食料品,食品,True,True,87.98866855524079,35.0,53.96906921744696,BASE,True
7173,2026-10-08,1637.0,2167705707.8894043,74,-0.03735978684283703,-0.05009902192167337,-0.12510442565125224,1.6643311945325368,34.76810704117941,,,,PRICE ONLY,,,,,東京きらぼしフィナンシャルグループ,"Tokyo Kiraboshi Financial Group,Inc.",プライム,,銀行業,銀行,True,True,88.30028328611898,35.0,53.96832095249679,BASE,True
8346,2026-10-08,1082.0,1332738120.081482,74,0.0936588411372703,0.3253662525300849,-0.06157849089332179,0.7722836512468912,42.57270159539196,,,,PRICE ONLY,,,,,東邦銀行,"The Toho Bank,Ltd.",プライム,,銀行業,銀行,True,True,85.04249291784703,35.0,53.92643938160309,BASE,True
3569,2026-10-08,3440.0,522621840.5358887,74,0.017565378003572274,0.0707918937342642,-0.022451255039510953,1.2297081882949998,27.554694282259245,,,,PRICE ONLY,,,,,セーレン,"SEIREN CO.,LTD.",プライム,,繊維製品,素材・化学,True,True,76.45892351274787,35.0,53.92193884347366,BASE,True
6592,2026-10-08,1760.5,1666901727.5,74,0.005425471159337558,0.08505392912172582,-0.014277715565509497,0.9500595320220958,23.467910699256294,,,,PRICE ONLY,,,,,マブチモーター,"MABUCHI MOTOR CO.,LTD.",プライム,,電気機器,電機・精密,True,True,86.51558073654391,35.0,53.91836056846861,BASE,True
8368,2026-10-08,2512.0,2060218943.7402344,74,0.06442120456271905,0.21509511058099684,-0.08052708638360173,0.9284748678874278,39.88304157334244,,,,PRICE ONLY,,,,,百五銀行,"The Hyakugo Bank,Ltd.",プライム,,銀行業,銀行,True,True,87.84702549575071,35.0,53.91035806736869,BASE,True
8358,2026-10-08,2900.0,2995648777.2302246,74,-0.008510347396158524,0.11948471132064586,-0.04132231404958675,1.029647790939257,28.339086829585085,,,,PRICE ONLY,,,,,スルガ銀行,Suruga Bank Ltd.,プライム,,銀行業,銀行,True,True,90.59490084985836,35.0,53.90806403984877,BASE,True
9989,2026-10-08,3559.0,2172666180.152588,74,-0.02295099327450667,-0.058724532659001794,-0.08739882072783034,1.3934906967453484,12.962178513182076,,,,PRICE ONLY,,,,,サンドラッグ,"SUNDRUG CO.,LTD.",プライム,,小売業,小売,True,True,88.328611898017,35.0,53.88783129579197,BASE,True
8308,2026-10-08,2439.5,24611066950.203857,74,-0.03352562824705019,0.03923072610899503,-0.06532567049808424,1.0320433649317158,39.893176592618865,,,,PRICE ONLY,,,,,りそなホールディングス,"Resona Holdings, Inc.",プライム,,銀行業,銀行,True,True,98.55524079320114,35.0,53.87832666519363,BASE,True
3374,2026-10-08,5160.0,197574275.0,74,0.22130177514792893,0.5357142857142858,-0.03910614525139666,0.7628524046434494,54.19941031893987,,,,PRICE ONLY,,,,,内外テック,Naigai Tec Corporation,スタンダード,,卸売業,商社・卸売,True,True,63.14447592067989,35.0,53.86029482775525,BASE,True
4498,2026-10-08,1272.0,199970775.0,74,-0.007800312012480548,0.05123966942148761,-0.07490909090909093,10.681859952214666,74.78272737096478,,,,PRICE ONLY,,,,,サイバートラスト,"Cybertrust Japan Co.,Ltd.",グロース,,情報･通信業,情報通信・サービスその他,True,True,63.342776203966,35.0,53.85942766010555,BASE,True
7744,2026-10-08,2039.0,533619485.0,74,0.004433497536945774,0.02927814235234738,-0.05950184501845024,1.4632733451764888,21.217624391020394,,,,PRICE ONLY,,,,,ノーリツ鋼機,"Noritsu Koki Co.,Ltd.",プライム,,精密機器,電機・精密,True,True,76.62889518413598,35.0,53.85865414759944,BASE,True
7988,2026-10-08,2472.5,1231804305.5322266,74,0.00416903231768484,0.004368306329477267,-0.05153457786079252,1.1911019808062193,15.369937183580348,,,,PRICE ONLY,,,,,ニフコ,NIFCO INC.,プライム,,化学,素材・化学,True,True,84.30594900849859,35.0,53.82945795368129,BASE,True
4042,2026-10-08,2584.5,2992014504.326172,74,-0.00197820421142636,-0.027403127675279193,-0.1125893122547722,1.3271001583356183,20.62158256730643,,,,PRICE ONLY,,,,,東ソー,TOSOH CORPORATION,プライム,,化学,素材・化学,True,True,90.56657223796034,35.0,53.79319585334815,BASE,True
9759,2026-10-08,2971.5,987091397.5,74,0.0631484794275492,0.1181561618062088,-0.007349256722899655,0.7186915750268663,19.538212827133204,,,,PRICE ONLY,,,,,ＮＳＤ,"NSD CO.,LTD.",プライム,,情報･通信業,情報通信・サービスその他,True,True,82.4929178470255,35.0,53.775624425510706,BASE,True
7846,2026-10-08,2133.0,668064530.0,74,0.03193033381712618,0.1989881956155144,-0.01043841336116913,0.9984585863034383,17.982937709889292,,,,PRICE ONLY,,,,,パイロットコーポレーション,PILOT CORPORATION,プライム,,その他製品,情報通信・サービスその他,True,True,78.98016997167139,35.0,53.76745424727782,BASE,True
9107,2026-10-08,3279.0,12351628749.763184,74,-0.025465431002844152,0.2932122644057411,-0.060309430507292094,0.9922226109421675,26.27588652422509,,,,PRICE ONLY,,,,,川崎汽船,"Kawasaki Kisen Kaisha,Ltd.",プライム,,海運業,運輸・物流,True,True,97.08215297450425,35.0,53.7576148276927,BASE,True
8850,2026-10-08,4500.0,298678241.15478516,74,-0.03354062852158357,-0.038621824327749854,-0.06420615976953636,1.8848337388483374,16.10558013778131,,,,PRICE ONLY,,,,,スターツコーポレーション,STARTS CORPORATION INC.,プライム,,不動産業,不動産,True,True,69.09348441926345,35.0,53.707114353401195,BASE,True
6203,2026-10-08,2280.0,18594674200.0,74,0.19246861924686187,0.42946708463949834,-0.19831223628691985,0.09444447134825203,140.40099989123325,,,,PRICE ONLY,,,,,豊和工業,"Howa Machinery,Ltd.",スタンダード,,機械,機械,True,True,98.21529745042493,35.0,53.68969304208107,BASE,True
6645,2026-10-08,6339.0,7466043565.0,74,0.007790143084260626,0.08063416297306514,-0.09995740451512136,1.0499132092168408,29.485919174117175,,,,PRICE ONLY,,,,,オムロン,OMRON Corporation,プライム,,電気機器,電機・精密,True,True,95.55240793201133,35.0,53.68790176399537,BASE,True
4933,2026-10-08,2224.0,557440490.0,74,0.5191256830601092,0.8410596026490067,-0.07679535076795352,0.24736601007787448,107.82671805260755,,,,PRICE ONLY,,,,,Ｉ−ｎｅ,"I-ne CO.,LTD.",プライム,,化学,素材・化学,True,True,77.13881019830028,35.0,53.681913139701564,BASE,True
3433,2026-10-08,3050.0,619038633.6437988,74,0.11322984309294126,0.01541161526589696,-0.08642908274856087,0.955076052352317,21.711916469218412,,,,PRICE ONLY,,,,,トーカロ,"TOCALO Co.,Ltd.",プライム,,金属製品,建設・資材,True,True,78.35694050991502,35.0,53.671306453428215,BASE,True
8078,2026-10-08,1841.0,869201531.9464111,74,-0.03149249457467185,0.0921828199319843,-0.0433639247277009,1.3999667939565001,19.112857883511147,,,,PRICE ONLY,,,,,阪和興業,"HANWA CO.,LTD.",プライム,,卸売業,商社・卸売,True,True,81.27478753541077,35.0,53.658523051534075,BASE,True
8801,2026-10-08,1425.0,14578755634.033203,74,-0.03355445996287243,-0.05196896972035858,-0.11315103660196824,1.265236075183967,19.421157669949807,,,,PRICE ONLY,,,,,三井不動産,"Mitsui Fudosan Co.,Ltd.",プライム,,不動産業,不動産,True,True,97.45042492917847,35.0,53.656668646390166,BASE,True
8386,2026-10-08,3105.0,961659359.84375,74,0.015659245990754744,0.1714770797962648,-0.06896551724137934,1.247875938299101,32.909586285063654,,,,PRICE ONLY,,,,,百十四銀行,"The Hyakujushi Bank,Ltd.",プライム,,銀行業,銀行,True,True,82.35127478753542,35.0,53.64446081264881,BASE,True
6994,2026-10-08,1363.0,169746565.32287598,74,0.12618417213274902,0.23416067604577684,-0.05403620091747263,1.237366003062787,47.04218575505442,,,,PRICE ONLY,,,,,指月電機製作所,SHIZUKI ELECTRIC COMPANY INC.,スタンダード,,電気機器,電機・精密,True,True,61.30311614730878,35.0,53.63939166937578,BASE,True
9065,2026-10-08,1587.0,1783704006.7401123,74,0.06194938353500712,-0.018501379572601673,-0.09041441763403435,0.9745833005911063,22.192174835123467,,,,PRICE ONLY,,,,,山九,SANKYU INC.,プライム,,陸運業,運輸・物流,True,True,86.96883852691218,35.0,53.63602380979823,BASE,True
3994,2026-10-08,6307.0,3050116025.0,74,0.013824144028291352,0.2588822355289422,-0.06033969010727058,0.9552894480785349,48.34015529098753,,,,PRICE ONLY,,,,,マネーフォワード,"Money Forward,Inc.",プライム,,情報･通信業,情報通信・サービスその他,True,True,90.76487252124646,35.0,53.59402535820894,BASE,True
2267,2026-10-08,2758.5,3100758735.4785156,74,-0.004462414165534945,-0.0148161885975433,-0.06052311895771989,1.0459369094345108,16.304024001185123,,,,PRICE ONLY,,,,,ヤクルト本社,"YAKULT HONSHA CO.,LTD.",プライム,,食料品,食品,True,True,90.90651558073655,35.0,53.593741232004575,BASE,True
9147,2026-10-08,5581.0,5136078060.0,74,-0.009407170749023752,0.025353665258129654,-0.048585066484827855,0.9318378858879951,25.611121473128325,,,,PRICE ONLY,,,,,ＮＩＰＰＯＮ　ＥＸＰＲＥＳＳホールディングス,"NIPPON EXPRESS HOLDINGS,INC.",プライム,,陸運業,運輸・物流,True,True,93.59773371104816,35.0,53.58977689502521,BASE,True
4506,2026-10-08,1583.0,4908801945.0,74,-0.021933889403768947,0.10506108202443287,-0.054078279055870926,1.0289446044602528,37.248027208282124,,,,PRICE ONLY,,,,,住友ファーマ,"Sumitomo Pharma Co.,Ltd.",プライム,,医薬品,医薬品,True,True,93.39943342776203,35.0,53.589478056890016,BASE,True
9024,2026-10-08,3593.0,4261013773.07251,74,0.02350277648306398,0.04059551457795396,-0.039088468737510706,0.7386536260534804,25.067604318970137,,,,PRICE ONLY,,,,,西武ホールディングス,SEIBU HOLDINGS INC.,プライム,,陸運業,運輸・物流,True,True,92.83286118980169,35.0,53.58588779995759,BASE,True
8309,2026-10-08,1704.0,16072909605.78247,74,-0.03105346383979335,0.050121779259069354,-0.05148900640133591,0.9288230048671295,25.4888283979047,,,,PRICE ONLY,,,,,三井住友トラストグループ,"Sumitomo Mitsui Trust Group,Inc.",プライム,,銀行業,銀行,True,True,97.8470254957507,35.0,53.58299937761849,BASE,True
4894,2026-10-08,6050.0,895295450.0,74,0.12662942271880828,0.30952380952380953,-0.08885542168674698,0.78926212031179,83.9980372276055,,,,PRICE ONLY,,,,,クオリプス,Cuorips Inc.,グロース,,医薬品,医薬品,True,True,81.5014164305949,35.0,53.575333567070786,BASE,True
4825,2026-10-08,1947.0,348874805.0,74,-0.04652301665034275,-0.058510638297872286,-0.09188432835820892,2.3627176427614756,12.292049285231075,,,,PRICE ONLY,,,,,ウェザーニューズ,WEATHERNEWS INC.,プライム,,情報･通信業,情報通信・サービスその他,True,True,71.30311614730878,35.0,53.57216484409393,BASE,True
5105,2026-10-08,3995.0,5350195720.0,74,0.07334766254701774,0.024358974358974272,-0.06658878504672894,0.5818339142600947,28.054704284138083,,,,PRICE ONLY,,,,,ＴＯＹＯ　ＴＩＲＥ,Toyo Tire Corporation,プライム,,ゴム製品,自動車・輸送機,True,True,93.85269121813032,35.0,53.55959630247718,BASE,True
8137,2026-10-08,4705.0,224724697.59033203,74,0.12372386534775037,0.2422416620427763,-0.03288797533401855,1.0211524434719184,28.40122704019335,,,,PRICE ONLY,,,,,サンワテクノス,SUN-WA TECHNOS CORPORATION,プライム,,卸売業,商社・卸売,True,True,64.95750708215297,35.0,53.53181008171541,BASE,True
4578,2026-10-08,11680.0,15385417350.0,74,-0.004262574595055413,0.05510388437217695,-0.0806768988587171,0.9323183824406537,27.341314439780184,,,,PRICE ONLY,,,,,大塚ホールディングス,"Otsuka Holdings Co.,Ltd.",プライム,,医薬品,医薬品,True,True,97.62039660056658,35.0,53.5309143849789,BASE,True
5121,2026-10-08,3015.0,329088168.41674805,74,0.1267226294574051,0.19261291997329977,-0.04739336492891,0.905054491635646,31.005426632106786,,,,PRICE ONLY,,,,,藤倉コンポジット,FUJIKURA COMPOSITES Inc.,プライム,,ゴム製品,自動車・輸送機,True,True,70.65155807365439,35.0,53.528023542080454,BASE,True
9605,2026-10-08,5770.0,424832217.70996094,74,-0.029284619690958746,-0.00417989677042907,-0.09753808135656439,1.8506445399318419,13.53545933298281,,,,PRICE ONLY,,,,,東映,"TOEI COMPANY,LTD.",プライム,,情報･通信業,情報通信・サービスその他,True,True,73.90934844192635,35.0,53.504992016342996,BASE,True
3407,2026-10-08,1650.5,7072762017.826538,74,0.03747045860521658,-0.0962068201649634,-0.11997831853580343,0.9695067995395433,20.445547568902303,,,,PRICE ONLY,,,,,旭化成,ASAHI KASEI CORPORATION,プライム,,化学,素材・化学,True,True,95.38243626062322,35.0,53.48479581072494,BASE,True
4188,2026-10-08,1156.5,7184982836.31958,74,-0.04428632084479256,0.004420317558055942,-0.08600095123337148,1.222629569900059,33.72537606821242,,,,PRICE ONLY,,,,,三菱ケミカルグループ,Mitsubishi Chemical Group Corporation,プライム,,化学,素材・化学,True,True,95.43909348441927,35.0,53.484787247406786,BASE,True
1925,2026-10-08,2166.0,9255201596.42334,74,-0.028198547304080446,-0.0036885799113330897,-0.08263850867710076,1.098480612324657,13.18943780517125,,,,PRICE ONLY,,,,,大和ハウス工業,"DAIWA HOUSE INDUSTRY CO.,LTD.",プライム,,建設業,建設・資材,True,True,96.23229461756374,35.0,53.47662794705526,BASE,True
3993,2026-10-08,3365.0,598019849.8339844,74,0.078509184281496,0.22620187318406693,-0.005908419497784312,0.7233020986602648,27.19794560480287,,,,PRICE ONLY,,,,,ＰＫＳＨＡ　Ｔｅｃｈｎｏｌｏｇｙ,PKSHA Technology Inc.,プライム,,情報･通信業,情報通信・サービスその他,True,True,77.93201133144476,35.0,53.46765989428306,BASE,True
6474,2026-10-08,5700.0,659607150.0,74,0.02517985611510798,-0.056291390728476776,-0.1350531107738998,1.600181118406158,32.60357613771111,,,,PRICE ONLY,,,,,不二越,NACHI-FUJIKOSHI CORP.,プライム,,機械,機械,True,True,78.81019830028329,35.0,53.46352084465443,BASE,True
3861,2026-10-08,828.4000244140625,2959485150.9259033,74,-0.03182731216619994,0.02580763845997347,-0.056234098620694284,1.1545220996922303,13.944169435240008,,,,PRICE ONLY,,,,,王子ホールディングス,Oji Holdings Corporation,プライム,,パルプ・紙,素材・化学,True,True,90.48158640226629,35.0,53.43382475134014,BASE,True
7803,2026-10-08,474.0,605821260.0,74,0.044052863436123246,0.5,-0.03658536585365857,1.0411680138984247,52.2704281550289,,,,PRICE ONLY,,,,,ブシロード,Bushiroad Inc.,グロース,,その他製品,情報通信・サービスその他,True,True,78.04532577903683,35.0,53.431068556981955,BASE,True
6302,2026-10-08,5893.0,5078489255.0,74,-0.012897822445561147,0.1458292825199301,-0.06608557844690965,1.012603190458004,37.303895751170884,,,,PRICE ONLY,,,,,住友重機械工業,"SUMITOMO HEAVY INDUSTRIES,LTD.",プライム,,機械,機械,True,True,93.54107648725213,35.0,53.42843468855998,BASE,True
5101,2026-10-08,7284.0,6446205910.0,74,0.024472573839662504,-0.029447035309793423,-0.08018689228437936,0.8503169922993012,29.506200556170185,,,,PRICE ONLY,,,,,横浜ゴム,"The Yokohama Rubber Company,Limited",プライム,,ゴム製品,自動車・輸送機,True,True,94.78753541076486,35.0,53.41879651559918,BASE,True
9202,2026-10-08,2907.0,6879097597.513428,74,-0.015881186410167558,-0.0382840901472975,-0.08844502538359411,1.0841679316439257,15.928289580829205,,,,PRICE ONLY,,,,,ＡＮＡホールディングス,ANA HOLDINGS INC.,プライム,,空運業,運輸・物流,True,True,95.24079320113314,35.0,53.41650751596597,BASE,True
2206,2026-10-08,4993.0,1001864170.0,74,-0.0055765783708424665,-0.053459715639810446,-0.08216911764705881,1.3810951392625619,12.723570634723707,,,,PRICE ONLY,,,,,江崎グリコ,"Ezaki Glico Co.,Ltd.",プライム,,食料品,食品,True,True,82.54957507082153,35.0,53.415046455861194,BASE,True
9021,2026-10-08,2868.0,6041955097.37915,74,-0.025062181983864673,0.0031190863887107234,-0.09441935222765696,1.1799386547326158,16.785996367816804,,,,PRICE ONLY,,,,,西日本旅客鉄道,West Japan Railway Company,プライム,,陸運業,運輸・物流,True,True,94.56090651558074,35.0,53.410059052583186,BASE,True
6875,2026-10-08,10930.0,1106286200.0,74,-0.0214861235452104,0.03700189753320693,-0.07294317217981339,1.3909830745419143,32.90867784392436,,,,PRICE ONLY,,,,,メガチップス,MegaChips Corporation,プライム,,電気機器,電機・精密,True,True,83.31444759206799,35.0,53.38831363606093,BASE,True
6196,2026-10-08,1398.0,517779016.31103516,74,0.038775617197334356,0.09545021109989738,-0.012014134275618371,0.9942905969627529,18.954817261101443,,,,PRICE ONLY,,,,,ストライクグループ,"Strike Group Co.,Ltd.",プライム,,サービス業,情報通信・サービスその他,True,True,76.23229461756374,35.0,53.37357708131068,BASE,True
7716,2026-10-08,1449.0,855736835.0,74,-0.06966292134831464,-0.05294117647058827,-0.13363228699551566,2.6410135199016733,30.560319759716638,,,,PRICE ONLY,,,,,ナカニシ,NAKANISHI INC.,スタンダード,,精密機器,電機・精密,True,True,81.04815864022663,35.0,53.37099652589171,BASE,True
4523,2026-10-08,4631.0,5657664182.607422,74,0.01608665743245785,0.0983503242026953,-0.07876128432163232,0.8941480315492292,19.562007299180785,,,,PRICE ONLY,,,,,エーザイ,"Eisai Co.,Ltd.",プライム,,医薬品,医薬品,True,True,94.27762039660057,35.0,53.36783556592716,BASE,True
6317,2026-10-08,2412.0,290767304.77111816,74,0.36451511455471897,0.42127134026714064,-0.05522914218566388,0.6069351895080854,99.72799048624302,,,,PRICE ONLY,,,,,北川鉄工所,Kitagawa Corporation,スタンダード,,機械,機械,True,True,68.41359773371106,35.0,53.35067368909537,BASE,True
4005,2026-10-08,572.9000244140625,5479425284.704895,74,-0.01607423600103064,0.07875549985909869,-0.07306555736778264,1.0347452310213054,31.007960102887573,,,,PRICE ONLY,,,,,住友化学,"SUMITOMO CHEMICAL COMPANY,LIMITED",プライム,,化学,素材・化学,True,True,94.05099150141642,35.0,53.34227637260372,BASE,True
7189,2026-10-08,4807.0,2418293216.242676,74,-0.013138293356092401,0.1311464146005792,-0.05355384918291006,1.0681629260182877,33.83639086867242,,,,PRICE ONLY,,,,,西日本フィナンシャルホールディングス,"Nishi-Nippon Financial Holdings,Inc.",プライム,,銀行業,銀行,True,True,89.12181303116147,35.0,53.3140167185579,BASE,True
7133,2026-10-08,2106.0,134151675.0,74,0.6088617265087852,0.8571428571428572,0.0,0.6224627875507442,110.65101101393356,,,,PRICE ONLY,,,,,ＨＹＵＧＡ　ＰＲＩＭＡＲＹ　ＣＡＲＥ,"HYUGA PRIMARY CARE Co.,Ltd.",グロース,,小売業,小売,True,True,58.696883852691215,35.0,53.30579535420987,BASE,True
3445,2026-10-08,6140.0,1164660750.0,74,0.04421768707482987,-0.19104084321475623,-0.2733727810650888,2.674246979719018,47.68426302302861,,,,PRICE ONLY,,,,,ＲＳ　Ｔｅｃｈｎｏｌｏｇｉｅｓ,"RS Technologies Co.,Ltd.",プライム,,金属製品,建設・資材,True,True,83.85269121813032,35.0,53.29481498729056,BASE,True
8424,2026-10-08,4175.0,927127774.1748047,74,-0.04105580760464367,-0.003793446991882443,-0.0730136207499934,1.5164749842286602,18.682511937244538,,,,PRICE ONLY,,,,,芙蓉総合リース,"Fuyo General Lease Co.,Ltd.",プライム,,その他金融業,金融（除く銀行）,True,True,82.01133144475921,35.0,53.291052962989866,BASE,True
9744,2026-10-08,3244.0,1870645280.904541,74,-0.00601317777852417,0.0413047091692782,-0.05084615004924198,1.0693751013860602,18.248661472148626,,,,PRICE ONLY,,,,,メイテックグループホールディングス,MEITEC Group Holdings Inc.,プライム,,サービス業,情報通信・サービスその他,True,True,87.25212464589235,35.0,53.280450109411966,BASE,True
4826,2026-10-08,540.0,90929065.0,74,0.00746268656716409,0.09090909090909083,-0.032258064516129004,1.901881313895106,17.34742000244301,,,,PRICE ONLY,,,,,ＣＩＪ,"Computer Institute of Japan, Ltd.",プライム,,情報･通信業,情報通信・サービスその他,True,True,54.164305949008494,35.0,53.27907020129766,BASE,True
8194,2026-10-08,2479.0,645750185.0,74,-0.0821917808219178,0.017633938235515734,-0.10891445003594535,2.4332014404481392,20.114906775978337,,,,PRICE ONLY,,,,,ライフコーポレーション,LIFE CORPORATION,プライム,,小売業,小売,True,True,78.61189801699717,35.0,53.257513206194034,BASE,True
8593,2026-10-08,1295.0,6214442902.477417,74,-0.0513695160496932,-0.038578254673484746,-0.1310469703521251,1.4670343767458547,15.94663993247583,,,,PRICE ONLY,,,,,三菱ＨＣキャピタル,Mitsubishi HC Capital Inc.,プライム,,その他金融業,金融（除く銀行）,True,True,94.6742209631728,35.0,53.254330093744805,BASE,True
5803,2026-10-08,5512.0,185286624557.2583,74,0.055754320324094886,0.1205363847531844,-0.14703122622210174,0.8365356973547513,55.80504831197539,,,,PRICE ONLY,,,,,フジクラ,Fujikura Ltd.,プライム,,非鉄金属,鉄鋼・非鉄,True,True,99.91501416430594,35.0,53.252493136024476,BASE,True
5838,2026-10-08,6196.0,6699031225.0,74,-0.062206750416225254,0.08473389355742289,-0.06939020726945033,1.2053744270193534,39.8587002522177,,,,PRICE ONLY,,,,,楽天銀行,"Rakuten Bank,Ltd.",プライム,,銀行業,銀行,True,True,95.09915014164307,35.0,53.22719874364421,BASE,True
9960,2026-10-08,4105.0,411927315.8544922,74,0.012249216810962915,-0.018896910210997375,-0.05791798961305461,1.415929203539823,29.699937387199466,,,,PRICE ONLY,,,,,東テク,TOTECH CORPORATION,プライム,,卸売業,商社・卸売,True,True,73.42776203966007,35.0,53.222242726434814,BASE,True
9706,2026-10-08,5487.0,5436454389.602051,74,-0.028119336759695468,0.044904760355015894,-0.07721566760970311,1.099642050214516,18.140811845266025,,,,PRICE ONLY,,,,,日本空港ビルデング,"Japan Airport Terminal Co.,ltd.",プライム,,不動産業,不動産,True,True,93.9943342776204,35.0,53.21573692311595,BASE,True
7912,2026-10-08,2930.5,4632604769.256592,74,-0.047381306660633005,-0.06162661170782491,-0.11138670227241299,1.391186999544625,19.55955020653213,,,,PRICE ONLY,,,,,大日本印刷,"Dai Nippon Printing Co.,Ltd.",プライム,,その他製品,情報通信・サービスその他,True,True,93.11614730878188,35.0,53.21276350174067,BASE,True
7167,2026-10-08,1657.5,5113704299.32312,74,-0.014214073228413615,0.07891609704352187,-0.043013856812933016,0.8734167559374761,29.830389206761076,,,,PRICE ONLY,,,,,めぶきフィナンシャルグループ,"Mebuki Financial Group,Inc.",プライム,,銀行業,銀行,True,True,93.56940509915013,35.0,53.21089320230441,BASE,True
9435,2026-10-08,36320.0,3351127217.7539062,74,-0.059026601297902714,-0.018565505774553515,-0.10360386546923772,1.4644303065355697,23.731101797121486,,,,PRICE ONLY,,,,,光通信,"HIKARI TSUSHIN,INC.",プライム,,情報･通信業,情報通信・サービスその他,True,True,91.38810198300284,35.0,53.20911810125462,BASE,True
7480,2026-10-08,3730.0,228633974.36523438,74,0.11904731909073885,0.5453079949192627,-0.033678756476683946,0.9940389882390849,36.99233050193197,,,,PRICE ONLY,,,,,スズデン,SUZUDEN CORPORATION,スタンダード,,卸売業,商社・卸売,True,True,65.15580736543909,35.0,53.2046746542053,BASE,True
5019,2026-10-08,1496.5,9153034805.219116,74,0.00922312561515759,0.2170760161230707,-0.09574091276755481,0.9315874843262061,42.04896495802355,,,,PRICE ONLY,,,,,出光興産,"Idemitsu Kosan Co.,Ltd.",プライム,,石油･石炭製品,エネルギー資源,True,True,96.14730878186968,35.0,53.20421057945614,BASE,True
5136,2026-10-08,2526.0,230789115.0,74,0.2642642642642643,0.3464818763326225,-0.019790454016297976,0.45449871465295627,57.5544534901304,,,,PRICE ONLY,,,,,ｔｒｉｐｌａ,"tripla Co.,Ltd.",グロース,,情報･通信業,情報通信・サービスその他,True,True,65.46742209631728,35.0,53.20029466373377,BASE,True
5988,2026-10-08,1624.0,129257985.78735352,74,-0.016638809045486536,0.017685524514917228,-0.05413747596383889,2.1026231952823156,15.47873406329193,,,,PRICE ONLY,,,,,パイオラックス,"PIOLAX,INC.",プライム,,金属製品,建設・資材,True,True,58.13031161473088,35.0,53.188978043990446,BASE,True
8015,2026-10-08,7209.0,16508283780.72998,74,-0.05338629417374119,0.18985159687908815,-0.05670256926598727,1.0078280530758212,25.019436141399158,,,,PRICE ONLY,,,,,豊田通商,TOYOTA TSUSHO CORPORATION,プライム,,卸売業,商社・卸売,True,True,97.90368271954675,35.0,53.185893310646726,BASE,True
3087,2026-10-08,3100.0,345190150.0,74,-0.054878048780487854,0.1344350571309414,-0.0948905109489051,2.059371019888312,13.825591446971597,,,,PRICE ONLY,,,,,ドトール・日レスホールディングス,"DOUTOR・NICHIRES Holdings Co.,Ltd.",プライム,,小売業,小売,True,True,71.18980169971671,35.0,53.165342775915775,BASE,True
4369,2026-10-08,3405.0,1478499205.0,74,0.07923930269413626,0.06406249999999991,-0.1357868020304569,1.0674813362806022,38.321584938546074,,,,PRICE ONLY,,,,,トリケミカル研究所,Tri Chemical Laboratories Inc.,プライム,,化学,素材・化学,True,True,85.89235127478754,35.0,53.15824133273254,BASE,True
2503,2026-10-08,2750.5,9213941112.5,74,-0.04213825526728188,-0.058209210751583584,-0.12208745611235239,1.314933832645935,17.18809486354573,,,,PRICE ONLY,,,,,キリンホールディングス,"Kirin Holdings Company,Limited",プライム,,食料品,食品,True,True,96.20396600566572,35.0,53.15396005738588,BASE,True
7381,2026-10-08,1256.0,679011895.5499268,74,-0.027257930817495946,0.22060426432898717,-0.10477548111190305,1.6629524163261937,40.0270036892235,,,,PRICE ONLY,,,,,ＣＣＩグループ,"CCI Group,Inc.",プライム,,銀行業,銀行,True,True,79.17847025495752,35.0,53.14180653852466,BASE,True
4819,2026-10-08,2377.0,703526440.0,74,0.08242258652094714,0.14059500959692905,-0.043075684380032175,0.7860514074224983,24.89797064339149,,,,PRICE ONLY,,,,,デジタルガレージ,"Digital Garage,Inc.",プライム,,情報･通信業,情報通信・サービスその他,True,True,79.57507082152975,35.0,53.14083819977546,BASE,True
6417,2026-10-08,2045.5,2457224353.634033,74,0.04939242371447561,0.2587035157043709,-0.024848964724430656,0.5765273378465106,25.782884641255325,,,,PRICE ONLY,,,,,ＳＡＮＫＹＯ,"SANKYO CO.,LTD.",プライム,,機械,機械,True,True,89.20679886685552,35.0,53.13026234234778,BASE,True
4888,2026-10-08,384.0,230235030.0,74,0.037837837837837895,0.2715231788079471,-0.1578947368421053,4.315814393939394,70.48732323386409,,,,PRICE ONLY,,,,,ステラファーマ,STELLA PHARMA CORPORATION,グロース,,医薬品,医薬品,True,True,65.35410764872522,35.0,53.129397022531066,BASE,True
6036,2026-10-08,3700.0,514928425.0,74,0.036414565826330625,0.2572205232755691,-0.0237467018469657,1.031074885379521,46.781623841156225,,,,PRICE ONLY,,,,,ＫｅｅＰｅｒ技研,"KeePer Technical Laboratory Co.,Ltd.",プライム,,サービス業,情報通信・サービスその他,True,True,76.06232294617564,35.0,53.12255255768927,BASE,True
9987,2026-10-08,2590.5,939623838.2275391,74,0.0349834901086965,0.054752415161803514,-0.018298978801073784,0.8251903076355387,20.383473117241742,,,,PRICE ONLY,,,,,スズケン,"SUZUKEN CO.,LTD.",プライム,,卸売業,商社・卸売,True,True,82.1813031161473,35.0,53.101770285872504,BASE,True
4443,2026-10-08,2133.0,2535874560.0,74,0.04558823529411771,0.25989367985823986,-0.07861771058315337,0.8435426391005412,35.29674672955224,,,,PRICE ONLY,,,,,Ｓａｎｓａｎ,"Sansan,Inc.",プライム,,情報･通信業,情報通信・サービスその他,True,True,89.4900849858357,35.0,53.08910801682612,BASE,True
8750,2026-10-08,1793.5,17915911639.731445,74,-0.021762076424704624,-0.026452594737867652,-0.06720342452325156,0.8765266451932813,28.59904976807675,,,,PRICE ONLY,,,,,第一ライフグループ,"Daiichi Life Group,Inc.",プライム,,保険業,金融（除く銀行）,True,True,98.07365439093483,35.0,53.08752602409901,BASE,True
5831,2026-10-08,3430.0,6549131348.718262,74,-0.0463803937164311,0.04995932600366859,-0.058984910836762716,1.0577470338426513,32.45241232895893,,,,PRICE ONLY,,,,,しずおかフィナンシャルグループ,"Shizuoka Financial Group,Inc.",プライム,,銀行業,銀行,True,True,94.87252124645892,35.0,53.07848042148465,BASE,True
8058,2026-10-08,4590.0,36973123358.254395,74,-0.06816913661176616,0.054145577931338895,-0.0808784742710954,1.1477825128793526,22.065371681865244,,,,PRICE ONLY,,,,,三菱商事,Mitsubishi Corporation,プライム,,卸売業,商社・卸売,True,True,99.12181303116148,35.0,53.06999188016635,BASE,True
4919,2026-10-08,3280.0,467596425.0,74,0.052969502407704594,0.18497109826589586,-0.012048192771084376,0.9164327059720634,18.120445390606942,,,,PRICE ONLY,,,,,ミルボン,"Milbon Co.,Ltd.",プライム,,化学,素材・化学,True,True,74.8441926345609,35.0,53.06244466992985,BASE,True
7733,2026-10-08,1990.0,7847209355.0,74,-0.013386217154189417,0.14302125215393446,-0.0900777320530407,1.013002311662814,22.339542609108427,,,,PRICE ONLY,,,,,オリンパス,OLYMPUS CORPORATION,プライム,,精密機器,電機・精密,True,True,95.66572237960341,35.0,53.05953472142437,BASE,True
6918,2026-10-08,4345.0,178104935.1904297,74,0.17351762387790592,0.3795269565206607,-0.02578475336322872,0.7515073212747632,44.349394839802855,,,,PRICE ONLY,,,,,アバールデータ,AVAL DATA CORPORATION,スタンダード,,電気機器,電機・精密,True,True,61.84135977337111,35.0,53.04901576420544,BASE,True
8367,2026-10-08,1967.0,841379052.4414062,74,0.017074572738033256,0.07060485253097282,-0.054781355117731856,1.1266829572133583,31.460548172550457,,,,PRICE ONLY,,,,,南都銀行,"The Nanto Bank,Ltd.",プライム,,銀行業,銀行,True,True,80.8215297450425,35.0,53.04006935440861,BASE,True
3003,2026-10-08,1649.0,3568220965.0,74,-0.051208285385500596,-0.062002275312855515,-0.1352910330361825,1.5389413607988174,14.358329180167608,,,,PRICE ONLY,,,,,ヒューリック,"Hulic Co.,Ltd.",プライム,,不動産業,不動産,True,True,91.8413597733711,35.0,53.03473362072562,BASE,True
9436,2026-10-08,3815.0,907455995.5761719,74,-0.08213912221753095,0.013395802416405367,-0.13576690908624323,3.9391993149218583,28.910432073766795,,,,PRICE ONLY,,,,,沖縄セルラー電話,OKINAWA CELLULAR TELEPHONE COMPANY,スタンダード,,情報･通信業,情報通信・サービスその他,True,True,81.78470254957507,35.0,53.02117463143963,BASE,True
8725,2026-10-08,4856.0,24703938982.368164,74,-0.04082981134364716,0.09628577916623482,-0.06107083050925388,0.9169516772440646,28.97153957305971,,,,PRICE ONLY,,,,,ＭＳ＆ＡＤインシュアランスグループホールディングス,"MS&AD Insurance Group Holdings,Inc.",プライム,,保険業,金融（除く銀行）,True,True,98.58356940509914,35.0,53.00456763455208,BASE,True
3092,2026-10-08,1131.0,3018336676.5026855,74,0.022357651584242078,-0.019424495760681282,-0.05946442427985499,0.8156001667563503,23.63492150118411,,,,PRICE ONLY,,,,,ＺＯＺＯ,"ZOZO,Inc.",プライム,,小売業,小売,True,True,90.73654390934844,35.0,52.978121301657424,BASE,True
3387,2026-10-08,785.0,725205360.0,74,0.031537450722733285,0.055697485094662325,-0.03011041778557222,0.9522999292820264,16.719401502540766,,,,PRICE ONLY,,,,,クリエイト・レストランツ・ホールディングス,create restaurants holdings inc.,プライム,,小売業,小売,True,True,79.77337110481587,35.0,52.965559672448826,BASE,True
8174,2026-10-08,925.5999755859375,968919091.1434937,74,-0.037278789608217955,0.01358319095408378,-0.061293018800781196,1.3786824277403127,16.643300501380352,,,,PRICE ONLY,,,,,日本瓦斯,"NIPPON GAS CO.,LTD.",プライム,,小売業,小売,True,True,82.40793201133144,35.0,52.962173356275514,BASE,True
1333,2026-10-08,1192.5,613800223.4906006,74,-0.040846046176250206,-0.07906663412418535,-0.11981883456652909,1.8059743834911162,13.295362752662824,,,,PRICE ONLY,,,,,Ｕｍｉｏｓ,Umios Corporation,プライム,,水産・農林業,食品,True,True,78.21529745042493,35.0,52.947864530570705,BASE,True
2121,2026-10-08,3695.0,1102160358.302002,74,0.05603346770476869,0.28348682033514927,-0.02234406632292507,0.6797277104433007,26.420270099045318,,,,PRICE ONLY,,,,,ＭＩＸＩ,"MIXI,Inc.",プライム,,情報･通信業,情報通信・サービスその他,True,True,83.28611898016997,35.0,52.943230983848245,BASE,True
4840,2026-10-08,889.0,280462135.0,74,0.317037037037037,0.4133545310015898,-0.06519453207150372,0.6088515097201158,97.06388926046077,,,,PRICE ONLY,,,,,トライアイズ,TriIs Incorporated,スタンダード,,サービス業,情報通信・サービスその他,True,True,67.8186968838527,35.0,52.92059381591411,BASE,True
4709,2026-10-08,1076.0,58524898.673706055,74,0.03959439906893314,0.009102144867753958,-0.04763802216756163,1.9199237368922784,18.53912153415683,,,,PRICE ONLY,,,,,ＩＤホールディングス,ID Holdings Corporation,プライム,,情報･通信業,情報通信・サービスその他,True,True,48.75354107648725,35.0,52.91901013744936,BASE,True
8306,2026-10-08,3504.0,147288869262.0703,74,-0.04344070610741968,0.03977488954317421,-0.06559847916419137,0.9010986862683766,30.291354741571592,,,,PRICE ONLY,,,,,三菱ＵＦＪフィナンシャル・グループ,"Mitsubishi UFJ Financial Group,Inc.",プライム,,銀行業,銀行,True,True,99.77337110481587,35.0,52.9001763948046,BASE,True
8795,2026-10-08,4735.0,6531400000.227051,74,-0.012177159999148368,-0.02695352229242609,-0.07000367499537752,0.9098832914758458,28.444026576880297,,,,PRICE ONLY,,,,,Ｔ＆Ｄホールディングス,"T&D Holdings, Inc.",プライム,,保険業,金融（除く銀行）,True,True,94.8158640226629,35.0,52.89596315800336,BASE,True
7777,2026-10-08,400.0,1305868365.0,74,0.13960113960113962,0.1428571428571428,-0.1071428571428571,0.6075299219265003,65.74248864991014,,,,PRICE ONLY,,,,,スリー・ディー・マトリックス,"3-D Matrix,Ltd.",グロース,,精密機器,電機・精密,True,True,84.90084985835693,35.0,52.89407518988713,BASE,True
8630,2026-10-08,6545.0,16076393537.954102,74,-0.020772252564396965,-0.0005835079159790535,-0.09779614232358469,0.9970578620464204,25.408991764991327,,,,PRICE ONLY,,,,,ＳＯＭＰＯホールディングス,"Sompo Holdings,Inc.",プライム,,保険業,金融（除く銀行）,True,True,97.87535410764873,35.0,52.89108090268625,BASE,True
7839,2026-10-08,2228.0,474569961.91467285,74,0.08311444681855851,0.2620429359854539,-0.013722886232846343,0.7284926911095135,21.351843606969247,,,,PRICE ONLY,,,,,ＳＨＯＥＩ,"SHOEI CO.,LTD.",プライム,,その他製品,情報通信・サービスその他,True,True,75.1558073654391,35.0,52.8509475974105,BASE,True
9005,2026-10-08,1577.0,4231633440.0042725,74,-0.01758251752814488,-0.06980208392586229,-0.13755819610127595,1.3205258074395156,16.073576280516512,,,,PRICE ONLY,,,,,東急,TOKYU CORPORATION,プライム,,陸運業,運輸・物流,True,True,92.74787535410765,35.0,52.83913371759044,BASE,True
8360,2026-10-08,1469.0,1013878725.8569336,74,0.06392281648262199,0.1877484932364044,-0.07841907151819327,0.9160476681466518,43.56450441840774,,,,PRICE ONLY,,,,,山梨中央銀行,"The Yamanashi Chuo Bank,Ltd.",プライム,,銀行業,銀行,True,True,82.60623229461757,35.0,52.83077432067839,BASE,True
5013,2026-10-08,3145.0,111035897.59155273,74,0.0947690755475239,0.03940550993234715,-0.05043880437399406,1.4097533632286996,23.55817671355303,,,,PRICE ONLY,,,,,ユシロ,Yushiro Inc.,スタンダード,,石油･石炭製品,エネルギー資源,True,True,56.28895184135977,35.0,52.825634237842635,BASE,True
6632,2026-10-08,976.4000244140625,1401629217.4523926,74,-0.006798848141964076,-0.10431475227438325,-0.14692957126397765,1.5282528983358525,23.96159981694555,,,,PRICE ONLY,,,,,ＪＶＣケンウッド,JVCKENWOOD Corporation,プライム,,電気機器,電機・精密,True,True,85.41076487252126,35.0,52.821715008653804,BASE,True
8053,2026-10-08,1699.5,17945502330.15625,74,-0.08163228151016932,0.09787618195358716,-0.08163228151016932,1.2132118371605956,24.03238335734403,,,,PRICE ONLY,,,,,住友商事,"SUMITOMO CORPORATION (SUMITOMO SHOJI KAISHA,LTD.)",プライム,,卸売業,商社・卸売,True,True,98.10198300283287,35.0,52.81612909506519,BASE,True
8304,2026-10-08,3308.0,4105038180.0,74,-0.02877275396359369,0.14108313211452228,-0.06790645252183714,1.041325445780089,30.622320672204044,,,,PRICE ONLY,,,,,あおぞら銀行,"Aozora Bank,Ltd.",プライム,,銀行業,銀行,True,True,92.4929178470255,35.0,52.806822888894196,BASE,True
6721,2026-10-08,78.0,109178610.0,74,0.06849315068493156,-0.1235955056179775,-0.1428571428571429,52.11486681110596,82.03297040051712,,,,PRICE ONLY,,,,,ウインテスト,Wintest Corp.,スタンダード,,電気機器,電機・精密,True,True,56.03399433427762,35.0,52.80513546176746,BASE,True
8803,2026-10-08,2200.0,506740276.1694336,74,-0.04603652907708433,-0.049676025917926525,-0.07630233508580175,1.6681175446439074,12.996159818714412,,,,PRICE ONLY,,,,,平和不動産,"HEIWA REAL ESTATE CO.,LTD.",プライム,,不動産業,不動産,True,True,75.89235127478754,35.0,52.800556522509254,BASE,True
7259,2026-10-08,2196.0,5599645380.715332,74,-0.023705289509051042,-0.02562417116780813,-0.11422139501905526,1.1867555414526971,27.234242927488893,,,,PRICE ONLY,,,,,アイシン,AISIN CORPORATION,プライム,,輸送用機器,自動車・輸送機,True,True,94.22096317280453,35.0,52.79047193248261,BASE,True
4528,2026-10-08,2247.0,3519057277.65625,74,-0.055227596265301715,-0.06699384403468656,-0.08290905090671685,1.2714274629141686,19.11050005374337,,,,PRICE ONLY,,,,,小野薬品工業,"ONO PHARMACEUTICAL CO.,LTD.",プライム,,医薬品,医薬品,True,True,91.69971671388102,35.0,52.78758849768726,BASE,True
6785,2026-10-08,3500.0,227879325.0,74,0.09546165884194058,0.08359133126934992,-0.019607843137254943,0.9835373575348249,33.469086656737815,,,,PRICE ONLY,,,,,鈴木,"SUZUKI CO.,LTD.",プライム,,電気機器,電機・精密,True,True,65.07082152974503,35.0,52.766320090705975,BASE,True
3565,2026-10-08,496.0,141052285.0,74,0.012244897959183598,0.21743593508078174,-0.04798464491362764,1.7215114989277527,30.564271462921553,,,,PRICE ONLY,,,,,アセンテック,Ascentech K.K.,スタンダード,,卸売業,商社・卸売,True,True,59.34844192634561,35.0,52.76627963417135,BASE,True
7272,2026-10-08,1829.5,9758361330.0,74,-0.010278604273735503,0.4855866829070239,-0.07273188038520018,0.8477678267603276,31.366731042070594,,,,PRICE ONLY,,,,,ヤマハ発動機,"Yamaha Motor Co.,Ltd.",プライム,,輸送用機器,自動車・輸送機,True,True,96.34560906515581,35.0,52.76423573238627,BASE,True
5892,2026-10-08,2959.0,344691015.0,74,0.15270744059213093,0.4350145489815713,-0.02504118616144979,0.5330578512396694,53.95719007378696,,,,PRICE ONLY,,,,,ｙｕｔｏｒｉ,"yutori,Inc.",グロース,,小売業,小売,True,True,71.13314447592069,35.0,52.76171684016978,BASE,True
5901,2026-10-08,4350.0,1906187358.8427734,74,-0.019648623790819664,0.09762529860723257,-0.04638357820456407,1.0366964828070844,18.34736741323315,,,,PRICE ONLY,,,,,東洋製罐グループホールディングス,"Toyo Seikan Group Holdings,Ltd.",プライム,,金属製品,建設・資材,True,True,87.3371104815864,35.0,52.75712239817379,BASE,True
8771,2026-10-08,1735.0,265530632.47436523,74,0.037319011693587534,-0.027406938793804514,-0.06428251753739511,1.4340655759076983,15.265369148464506,,,,PRICE ONLY,,,,,イー・ギャランティ,"eGuarantee,Inc.",プライム,,その他金融業,金融（除く銀行）,True,True,67.22379603399433,35.0,52.755047341426895,BASE,True
4062,2026-10-08,11810.0,162714993062.13867,74,0.06539656541259897,0.21167028578167213,-0.10494591717946178,0.5095365457274138,77.56853776134545,,,,PRICE ONLY,,,,,イビデン,"IBIDEN CO.,LTD.",プライム,,電気機器,電機・精密,True,True,99.80169971671387,35.0,52.74819970638689,BASE,True
3099,2026-10-08,1730.0,6565007228.388672,74,0.092019142327739,-0.08870535312686856,-0.15915838946593752,0.7830094070888475,25.51453682757231,,,,PRICE ONLY,,,,,三越伊勢丹ホールディングス,Isetan Mitsukoshi Holdings Ltd.,プライム,,小売業,小売,True,True,94.90084985835693,35.0,52.74205086014321,BASE,True
7202,2026-10-08,2113.0,5939906274.019775,74,-0.02915905525589768,-0.07569620361312479,-0.1258305008599434,1.2536385936222403,24.983231773966573,,,,PRICE ONLY,,,,,いすゞ自動車,ISUZU MOTORS LIMITED,プライム,,輸送用機器,自動車・輸送機,True,True,94.53257790368272,35.0,52.7343996991154,BASE,True
8714,2026-10-08,1110.0,1193488741.8286133,74,0.034522774218298746,0.10471162462508588,-0.05128205128205132,0.8721669037458512,35.379049323959336,,,,PRICE ONLY,,,,,池田泉州ホールディングス,"Senshu Ikeda Holdings,Inc.",プライム,,銀行業,銀行,True,True,84.07932011331445,35.0,52.70680516369119,BASE,True
6345,2026-10-08,1405.0,193774929.3713379,74,-0.023099883287283962,0.030860818975543047,-0.033611296924880296,1.7200967790715258,16.104639130094625,,,,PRICE ONLY,,,,,アイチ　コーポレーション,AICHI CORPORATION,プライム,,機械,機械,True,True,62.804532577903686,35.0,52.70337903710162,BASE,True
4597,2026-10-08,31.0,1958603910.0,74,0.03333333333333344,0.24,-0.13888888888888884,1.2022903483267773,44.39748718640895,,,,PRICE ONLY,,,,,ソレイジア・ファーマ,Solasia Pharma K.K.,グロース,,医薬品,医薬品,True,True,87.45042492917847,35.0,52.69384603817295,BASE,True
2327,2026-10-08,3872.0,1251937647.8527832,74,0.014805032961286768,0.04765454886191667,-0.03969283175809213,0.9011614631695919,30.18294476907085,,,,PRICE ONLY,,,,,日鉄ソリューションズ,NS Solutions Corporation,プライム,,情報･通信業,情報通信・サービスその他,True,True,84.5042492917847,35.0,52.6857008536413,BASE,True
7826,2026-10-08,11250.0,5482237550.0,74,0.037822878228782386,0.6375545851528384,-0.05303030303030298,0.558116723884257,74.07731382775613,,,,PRICE ONLY,,,,,フルヤ金属,"FURUYA METAL CO.,LTD.",プライム,,その他製品,情報通信・サービスその他,True,True,94.07932011331445,35.0,52.66946553934562,BASE,True
8601,2026-10-08,1742.0,10686798907.5,74,-0.06670238414144125,0.0014371945961482169,-0.07291112293773283,1.1150267647297718,26.175292903276443,,,,PRICE ONLY,,,,,大和証券グループ本社,Daiwa Securities Group Inc.,プライム,,証券･商品先物取引業,金融（除く銀行）,True,True,96.657223796034,35.0,52.667929953270026,BASE,True
6448,2026-10-08,4601.0,5415477365.668945,74,-0.013665088309958051,0.25691048473402045,-0.07945983164091108,0.9540147480540762,28.476783045486187,,,,PRICE ONLY,,,,,ブラザー工業,"BROTHER INDUSTRIES,LTD.",プライム,,電気機器,電機・精密,True,True,93.96600566572238,35.0,52.66186142121491,BASE,True
9716,2026-10-08,1176.0,393577305.0,74,-0.07474429583005504,0.09475381825512419,-0.09189189189189184,1.9631701707742746,18.19968168055161,,,,PRICE ONLY,,,,,乃村工藝社,"NOMURA Co.,Ltd.",プライム,,サービス業,情報通信・サービスその他,True,True,72.77620396600567,35.0,52.65341768341745,BASE,True
6617,2026-10-08,7440.0,614100802.2021484,74,0.06833242103590753,0.044558712553307345,-0.12159331122527683,1.2061006252556536,41.922766541033454,,,,PRICE ONLY,,,,,東光高岳,"TAKAOKA TOKO CO.,LTD.",プライム,,電気機器,電機・精密,True,True,78.24362606232295,35.0,52.63996310629285,BASE,True
9755,2026-10-08,2724.0,172307335.0,74,-0.045215562565720346,-0.013400941687794266,-0.06133700895933836,2.303520702418869,13.482730511226407,,,,PRICE ONLY,,,,,応用地質,OYO Corporation,プライム,,サービス業,情報通信・サービスその他,True,True,61.44475920679887,35.0,52.63810833364229,BASE,True
6525,2026-10-08,9814.0,78445517804.6167,74,0.10296457641021894,-0.08895731744739976,-0.1793024401975808,0.6665742982651397,55.15699026679569,,,,PRICE ONLY,,,,,ＫＯＫＵＳＡＩ　ＥＬＥＣＴＲＩＣ,KOKUSAI ELECTRIC CORPORATION,プライム,,電気機器,電機・精密,True,True,99.60339943342777,35.0,52.626917093239285,BASE,True
2726,2026-10-08,1425.0,1289076625.0,74,-0.055666003976143186,-0.04298186702484885,-0.08242112041210559,1.4575902887990124,25.92852467863711,,,,PRICE ONLY,,,,,パルグループホールディングス,"PAL GROUP Holdings CO.,LTD",プライム,,小売業,小売,True,True,84.67422096317281,35.0,52.62440147300488,BASE,True
6407,2026-10-08,5630.0,3090553900.0,74,0.019927536231884035,-0.17930029154518945,-0.31173594132029336,2.3872388260760506,53.44902420789012,,,,PRICE ONLY,,,,,ＣＫＤ,CKD Corporation,プライム,,機械,機械,True,True,90.87818696883852,35.0,52.6203062573799,BASE,True
6368,2026-10-08,2713.0,3768074019.852295,74,0.08859612223838154,-0.07803659247367367,-0.199751351049283,1.0630682464391563,38.18983119298463,,,,PRICE ONLY,,,,,オルガノ,ORGANO CORPORATION,プライム,,機械,機械,True,True,92.06798866855524,35.0,52.605905610948234,BASE,True
6366,2026-10-08,643.0,1233891930.0,74,-0.10941828254847641,-0.07080924855491333,-0.135752688172043,2.606578277140325,29.52288489302103,,,,PRICE ONLY,,,,,千代田化工建設,Chiyoda Corporation,スタンダード,,建設業,建設・資材,True,True,84.36260623229461,35.0,52.60193205063405,BASE,True
3549,2026-10-08,4116.0,1704682100.0,74,0.01080550098231825,0.06466632177961729,-0.06687825889820898,0.9691673092693913,72.88399437516448,,,,PRICE ONLY,,,,,クスリのアオキホールディングス,"KUSURI NO AOKI HOLDINGS CO.,LTD.",スタンダード,,小売業,小売,True,True,86.71388101983003,35.0,52.56034631382107,BASE,True
2492,2026-10-08,715.0,2310208565.0,74,0.021428571428571352,0.4386317907444668,-0.052980132450331174,0.7829706739921444,24.425828657681098,,,,PRICE ONLY,,,,,インフォマート,Infomart Corporation,プライム,,サービス業,情報通信・サービスその他,True,True,88.81019830028329,35.0,52.55420753577669,BASE,True
4662,2026-10-08,1656.0,64726105.029296875,74,0.022878370011989446,0.003845200987302899,-0.06412640174575601,4.533059668670283,20.26649488591649,,,,PRICE ONLY,,,,,フォーカスシステムズ,Focus Systems Corporation,プライム,,情報･通信業,情報通信・サービスその他,True,True,49.801699716713884,35.0,52.55349028701677,BASE,True
8511,2026-10-08,2216.0,634079460.8251953,74,-0.09541474452073173,-0.053711291292650065,-0.11595738940672462,2.3138027832527026,22.946035064641002,,,,PRICE ONLY,,,,,日本証券金融,"Japan Securities Finance Co.,Ltd.",プライム,,その他金融業,金融（除く銀行）,True,True,78.4985835694051,35.0,52.55259603173738,BASE,True
8079,2026-10-08,4205.0,270655600.0,74,-0.06243032329988851,0.01081730769230771,-0.08287895310796078,2.4443858260793108,15.255901646236406,,,,PRICE ONLY,,,,,正栄食品工業,SHOEI FOODS CORPORATION,プライム,,卸売業,商社・卸売,True,True,67.42209631728045,35.0,52.54324220287975,BASE,True
2768,2026-10-08,5342.0,6624043610.612793,74,-0.0727310574803518,0.05445991633650982,-0.07824298899435334,1.2025264680682508,21.394156237985364,,,,PRICE ONLY,,,,,双日,Sojitz Corporation,プライム,,卸売業,商社・卸売,True,True,95.01416430594901,35.0,52.54266639238293,BASE,True
7995,2026-10-08,7190.0,398121893.7036133,74,0.10341338241815579,0.10676717408678171,-0.07582132297876709,0.9422466317686433,35.149021342871656,,,,PRICE ONLY,,,,,バルカー,"VALQUA,LTD.",プライム,,化学,素材・化学,True,True,73.03116147308782,35.0,52.5288090020306,BASE,True
6268,2026-10-08,4795.0,4357008860.0,74,0.03855317305609707,-0.10972892684738211,-0.17611683848797255,1.1676540251954204,36.27124370464973,,,,PRICE ONLY,,,,,ナブテスコ,Nabtesco Corporation,プライム,,機械,機械,True,True,92.88951841359774,35.0,52.519813485562764,BASE,True
9418,2026-10-08,1781.0,781676095.0,74,0.02888503755054872,0.036295756798840006,-0.009454949944382673,0.7854286782279714,19.679273252496227,,,,PRICE ONLY,,,,,Ｕ−ＮＥＸＴ　ＨＯＬＤＩＮＧＳ,"U-NEXT HOLDINGS Co.,Ltd.",プライム,,情報･通信業,情報通信・サービスその他,True,True,80.19830028328612,35.0,52.518433325765315,BASE,True
5992,2026-10-08,3595.0,97584052.8112793,74,-0.009855172410546897,-0.030950179004583078,-0.06337654678365812,2.2226704316256556,12.141728810128459,,,,PRICE ONLY,,,,,中央発條,"CHUO SPRING CO.,LTD.",スタンダード,,金属製品,建設・資材,True,True,55.09915014164306,35.0,52.5150577752124,BASE,True
3962,2026-10-08,1011.0,151856310.0,74,0.020181634712411745,0.10130718954248374,-0.019398642095053376,1.4760294410185002,20.684254020240235,,,,PRICE ONLY,,,,,チェンジホールディングス,"CHANGE Holdings,Inc.",プライム,,情報･通信業,情報通信・サービスその他,True,True,60.11331444759207,35.0,52.48386886597806,BASE,True
8395,2026-10-08,6820.0,386346197.8564453,74,0.038370082747048784,0.23856032755959355,-0.058011049723756924,1.1941102531872867,35.52361147119379,,,,PRICE ONLY,,,,,佐賀銀行,THE BANK OF SAGA LTD.,プライム,,銀行業,銀行,True,True,72.63456090651557,35.0,52.477357590237936,BASE,True
1938,2026-10-08,2482.0,179544846.94580078,74,-0.012441486100772337,-0.013597839093838382,-0.09127572053981037,1.9355322338830585,16.213445344910543,,,,PRICE ONLY,,,,,日本リーテック,"NIPPON RIETEC CO.,LTD.",プライム,,建設業,建設・資材,True,True,61.95467422096317,35.0,52.4609807243189,BASE,True
4507,2026-10-08,2769.0,8892645288.21167,74,-0.046709040107175026,-0.01021859131900582,-0.08614479906637384,1.06342304994344,28.873541231471222,,,,PRICE ONLY,,,,,塩野義製薬,"Shionogi & Co.,Ltd.",プライム,,医薬品,医薬品,True,True,96.06232294617564,35.0,52.46031662505015,BASE,True
7226,2026-10-08,2120.0,564170770.5847168,74,-0.05315977416328832,-0.03339889382395245,-0.08384447030960251,1.6442946164061703,16.07886464226351,,,,PRICE ONLY,,,,,極東開発工業,"KYOKUTO KAIHATSU KOGYO CO.,LTD.",プライム,,輸送用機器,自動車・輸送機,True,True,77.36543909348443,35.0,52.44700962407748,BASE,True
6570,2026-10-08,4520.0,295307151.70288086,74,0.13745650503336204,1.4365355037026575,-0.032119914346895095,0.6695147612064019,86.42839528697019,,,,PRICE ONLY,,,,,共和コーポレーション,Kyowa Corporation,スタンダード,,サービス業,情報通信・サービスその他,True,True,68.72521246458923,35.0,52.436895285830275,BASE,True
4095,2026-10-08,1781.0,382862460.1312256,74,0.03275237340937731,0.0770923843411957,-0.008351893095768337,0.9770906798066369,12.143696043119439,,,,PRICE ONLY,,,,,日本パーカライジング,"NIHON PARKERIZING CO.,LTD.",プライム,,化学,素材・化学,True,True,72.52124645892351,35.0,52.429212957966556,BASE,True
6758,2026-10-08,3706.0,50453036977.163086,74,-0.014892092101550403,0.09231673363981496,-0.07965698467290994,0.7629346464343879,24.71058929884329,,,,PRICE ONLY,,,,,ソニーグループ,SONY GROUP CORPORATION,プライム,,電気機器,電機・精密,True,True,99.40509915014164,35.0,52.42733659900152,BASE,True
7164,2026-10-08,3037.0,986503156.842041,74,-0.026418277510681043,-0.006677222032884345,-0.04627503704442559,1.1659906148095125,12.661139368017945,,,,PRICE ONLY,,,,,全国保証,"ZENKOKU HOSHO Co.,Ltd.",プライム,,その他金融業,金融（除く銀行）,True,True,82.46458923512748,35.0,52.416004203350305,BASE,True
7186,2026-10-08,1837.0,7981673483.328857,74,-0.034877837078222895,-0.01389137166483101,-0.06213980418285525,0.889160124426011,30.787434039152036,,,,PRICE ONLY,,,,,横浜フィナンシャルグループ,"Yokohama Financial Group,Inc.",プライム,,銀行業,銀行,True,True,95.69405099150141,35.0,52.410712977753725,BASE,True
8541,2026-10-08,3290.0,664239161.8688965,74,0.009678674712823243,0.4449153782702777,-0.10493351149857932,1.369950502953856,41.939020106260166,,,,PRICE ONLY,,,,,愛媛銀行,"The Ehime Bank,Ltd.",プライム,,銀行業,銀行,True,True,78.95184135977337,35.0,52.40439658666859,BASE,True
3496,2026-10-08,4455.0,229843451.76757812,74,-0.04154730006051888,0.021337644429906932,-0.09623377248583853,2.0843453300949437,24.778289700959263,,,,PRICE ONLY,,,,,アズーム,"AZOOM CO.,LTD",プライム,,不動産業,不動産,True,True,65.29745042492918,35.0,52.40027076283544,BASE,True
9824,2026-10-08,8010.0,539267800.0,74,0.020382165605095537,0.2614173228346457,-0.04869358669833734,1.1052297268685158,32.05870870299826,,,,PRICE ONLY,,,,,泉州電業,"SENSHU ELECTRIC CO.,LTD.",プライム,,卸売業,商社・卸売,True,True,76.71388101983003,35.0,52.38677373137771,BASE,True
8336,2026-10-08,2842.0,755361086.2585449,74,0.018638349377782415,0.10157790703044145,-0.05737976782752907,1.0595392974669013,30.89556682650048,,,,PRICE ONLY,,,,,武蔵野銀行,"The Musashino Bank,Ltd.",プライム,,銀行業,銀行,True,True,79.94334277620396,35.0,52.38597434833989,BASE,True
7389,2026-10-08,1915.0,2351842085.9039307,74,0.009163387901615971,0.28997403800287747,-0.09924741298212603,1.0421704563246985,44.82161664133156,,,,PRICE ONLY,,,,,あいちフィナンシャルグループ,"Aichi Financial Group,Inc.",プライム,,銀行業,銀行,True,True,88.92351274787535,35.0,52.380661778828426,BASE,True
6676,2026-10-08,3475.0,283407395.4382324,74,0.12355204613939219,0.3560860621513404,-0.03606102635228847,0.7727411013081837,36.52265563532813,,,,PRICE ONLY,,,,,バッファロー,BUFFALO INC.,スタンダード,,電気機器,電機・精密,True,True,67.98866855524079,35.0,52.37295165952774,BASE,True
8316,2026-10-08,3297.0,81926699124.58496,74,-0.029774881677471776,-0.006999637124481706,-0.061783950458179304,0.7351547078615708,30.03926878471097,,,,PRICE ONLY,,,,,三井住友フィナンシャルグループ,"Sumitomo Mitsui Financial Group,Inc.",プライム,,銀行業,銀行,True,True,99.68838526912181,35.0,52.3694007731164,BASE,True
6326,2026-10-08,2624.5,12113740737.5,74,-0.10027425437092907,-0.036703982382088496,-0.1332562747688243,1.5201419501510993,31.575558235293176,,,,PRICE ONLY,,,,,クボタ,KUBOTA CORPORATION,プライム,,機械,機械,True,True,96.96883852691218,35.0,52.318767817018745,BASE,True
9336,2026-10-08,3680.0,561348834.5349121,74,-0.020529446212060765,-0.07085314352534189,-0.0754873013887919,1.417355089779477,24.90047750954158,,,,PRICE ONLY,,,,,大栄環境,"Daiei Kankyo Co.,Ltd.",プライム,,サービス業,情報通信・サービスその他,True,True,77.28045325779037,35.0,52.30744437053867,BASE,True
4483,2026-10-08,3660.0,879415950.0,74,0.01949860724233976,0.161904761904762,-0.018766756032171594,0.8103709311127933,33.603417163227455,,,,PRICE ONLY,,,,,ＪＭＤＣ,JMDC Inc.,プライム,,情報･通信業,情報通信・サービスその他,True,True,81.38810198300284,35.0,52.29822118604431,BASE,True
8802,2026-10-08,3442.0,12831763288.702393,74,-0.05433718801981602,-0.17443204562420234,-0.20493146198123335,1.6232312246642744,21.074308321938368,,,,PRICE ONLY,,,,,三菱地所,"Mitsubishi Estate Company,Limited",プライム,,不動産業,不動産,True,True,97.11048158640226,35.0,52.27989980663946,BASE,True
8359,2026-10-08,2676.5,3969946492.01416,74,-0.019618374464769106,0.048603493666643516,-0.06758404459153455,0.9194526751271873,36.34768850261228,,,,PRICE ONLY,,,,,八十二長野銀行,"Hachijuni Nagano Bank,Ltd.",プライム,,銀行業,銀行,True,True,92.26628895184136,35.0,52.27335466986589,BASE,True
8035,2026-10-08,12190.0,169989416612.6953,74,0.13003542314723293,-0.11200145692952101,-0.19922361148960566,0.562474368801459,50.37282658592179,,,,PRICE ONLY,,,,,東京エレクトロン,Tokyo Electron Limited,プライム,,電気機器,電機・精密,True,True,99.88668555240793,35.0,52.27028003698425,BASE,True
8159,2026-10-08,4295.0,139867808.0078125,74,0.07132356720386945,0.32974970592899444,-0.012487494935385701,1.170716796576494,25.741673229810985,,,,PRICE ONLY,,,,,立花エレテック,"TACHIBANA ELETECH CO.,LTD.",プライム,,卸売業,商社・卸売,True,True,59.29178470254958,35.0,52.26219525546679,BASE,True
1815,2026-10-08,2168.0,359363200.0,74,-0.03537263626251386,-0.04282560706401761,-0.08038176033934252,1.6784955028618151,21.901548536216183,,,,PRICE ONLY,,,,,鉄建建設,TEKKEN CORPORATION,プライム,,建設業,建設・資材,True,True,71.61473087818698,35.0,52.2472566927823,BASE,True
5423,2026-10-08,1624.0,643468390.7415771,74,-0.03950074110547086,-0.04563637044477398,-0.09652871598334667,1.5680748604574806,24.478017209005817,,,,PRICE ONLY,,,,,東京製鐵,"TOKYO STEEL MANUFACTURING CO.,LTD.",プライム,,鉄鋼,鉄鋼・非鉄,True,True,78.58356940509915,35.0,52.2385757005186,BASE,True
6080,2026-10-08,4390.0,379746525.57373047,74,0.08408497773884971,0.2458661239060831,-0.0045351473922902175,0.6697125027858257,23.1381165619938,,,,PRICE ONLY,,,,,Ｍ＆Ａキャピタルパートナーズ,"M&A Capital Partners Co.,Ltd.",プライム,,サービス業,情報通信・サービスその他,True,True,72.3229461756374,35.0,52.22438429544888,BASE,True
8600,2026-10-08,1146.0,633741807.3242188,74,0.024876197604365435,0.2862082380205997,-0.06295993458708093,1.073674119604139,30.795798018874866,,,,PRICE ONLY,,,,,トモニホールディングス,"TOMONY Holdings,Inc.",プライム,,銀行業,銀行,True,True,78.47025495750708,35.0,52.218102594550935,BASE,True
8051,2026-10-08,1913.0,423385317.33825684,74,0.006278026329941344,0.13117906895565068,-0.0598278025343314,1.2910975035327368,30.450430936196287,,,,PRICE ONLY,,,,,山善,YAMAZEN CORPORATION,プライム,,卸売業,商社・卸売,True,True,73.88101983002832,35.0,52.21388750040852,BASE,True
9023,2026-10-08,1437.0,2756770537.958374,74,-0.017411949476599853,0.004934994978271989,-0.06498197899305869,0.9518732949544318,18.536812682711307,,,,PRICE ONLY,,,,,東京地下鉄,"Tokyo Metro Co.,Ltd.",プライム,,陸運業,運輸・物流,True,True,90.08498583569406,35.0,52.2134475008391,BASE,True
8253,2026-10-08,4263.0,3388061250.0,74,-0.07607282184655395,-0.07787151200519138,-0.11994219653179194,1.4773860362125995,21.773520639880022,,,,PRICE ONLY,,,,,クレディセゾン,"Credit Saison Co.,Ltd.",プライム,,その他金融業,金融（除く銀行）,True,True,91.47308781869688,35.0,52.19704919265829,BASE,True
6779,2026-10-08,3445.0,2924498360.118408,74,0.28512850674867507,0.10393973719751459,-0.23347705855773493,0.6418549320757523,64.05287698674074,,,,PRICE ONLY,,,,,日本電波工業,"NIHON DEMPA KOGYO CO.,LTD.",プライム,,電気機器,電機・精密,True,True,90.42492917847026,35.0,52.19268097973936,BASE,True
1882,2026-10-08,1537.0,575696066.1328125,74,-0.020429908764041826,-0.0012469437187352383,-0.036547165374689494,1.1989010989010989,12.846725499597781,,,,PRICE ONLY,,,,,東亜道路工業,TOA ROAD CORPORATION,プライム,,建設業,建設・資材,True,True,77.59206798866856,35.0,52.18237451048695,BASE,True
5243,2026-10-08,2979.0,1830321495.0,74,-0.007000000000000006,0.482089552238806,-0.2734146341463415,3.357325825094735,96.9947127188293,,,,PRICE ONLY,,,,,ｎｏｔｅ,note inc.,グロース,,情報･通信業,情報通信・サービスその他,True,True,87.05382436260624,35.0,52.1776464056223,BASE,True
4902,2026-10-08,643.2000122070312,3843969061.194458,74,0.049475645042989624,0.13338989784616762,-0.06316208329884776,0.529562812694022,40.08292239908223,,,,PRICE ONLY,,,,,コニカミノルタ,"KONICA MINOLTA,INC.",プライム,,電気機器,電機・精密,True,True,92.1813031161473,35.0,52.16974330687955,BASE,True
3388,2026-10-08,2088.0,60561254.01245117,74,0.013109557462999577,-0.00017091599046514805,-0.06084653353904612,2.441399206635413,14.18234628892133,,,,PRICE ONLY,,,,,明治電機工業,"MEIJI ELECTRIC INDUSTRIES CO.,LTD.",プライム,,卸売業,商社・卸売,True,True,49.008498583569406,35.0,52.166515061140586,BASE,True
3697,2026-10-08,880.0,3411220677.8588867,74,0.03177391817353392,0.28713638507820516,-0.08948295189774513,0.7678640176536099,32.44710087520987,,,,PRICE ONLY,,,,,ＳＨＩＦＴ,SHIFT Inc.,プライム,,情報･通信業,情報通信・サービスその他,True,True,91.5014164305949,35.0,52.1600960902256,BASE,True
7856,2026-10-08,1992.0,290942590.0,74,0.04786954234613372,0.13310580204778155,-0.04506232023010548,1.1587675299416522,28.023786912222814,,,,PRICE ONLY,,,,,萩原工業,HAGIHARA INDUSTRIES INC.,プライム,,その他製品,情報通信・サービスその他,True,True,68.44192634560906,35.0,52.14974198931232,BASE,True
4565,2026-10-08,1212.0,1325829805.0,74,0.03767123287671237,0.3466666666666667,-0.06697459584295617,0.8222677583296473,50.48856693931355,,,,PRICE ONLY,,,,,ネクセラファーマ,"Nxera Pharma Co.,Ltd.",プライム,,医薬品,医薬品,True,True,84.95750708215297,35.0,52.14772104379088,BASE,True
9532,2026-10-08,5521.0,6811932227.026367,74,-0.031713314724635344,0.03067032810970627,-0.1002189966895849,1.03255015631431,26.183720231067593,,,,PRICE ONLY,,,,,大阪瓦斯,"OSAKA GAS CO.,LTD.",プライム,,電気･ガス業,電気・ガス,True,True,95.18413597733712,35.0,52.13558767364001,BASE,True
6965,2026-10-08,2375.0,4809256427.188721,74,0.01493523945293651,-0.011051057132336783,-0.15245451020879341,1.1030636090992356,36.43801466955405,,,,PRICE ONLY,,,,,浜松ホトニクス,HAMAMATSU PHOTONICS K.K.,プライム,,電気機器,電機・精密,True,True,93.28611898016997,35.0,52.127798770439036,BASE,True
8278,2026-10-08,1919.0,227880435.0,74,-0.05467980295566499,-0.011885012589621602,-0.08961236776156767,2.7463635487910607,17.462814053510257,,,,PRICE ONLY,,,,,フジ,"FUJI CO.,LTD.",プライム,,小売業,小売,True,True,65.09915014164307,35.0,52.12554911759773,BASE,True
3086,2026-10-08,2743.5,3168978077.5,74,0.01837416481069032,-0.1448278465237658,-0.23467174462033846,1.5519035273248278,23.940898575213108,,,,PRICE ONLY,,,,,Ｊ．フロント　リテイリング,"J.FRONT RETAILING Co.,Ltd.",プライム,,小売業,小売,True,True,91.04815864022663,35.0,52.11831871784494,BASE,True
3110,2026-10-08,3525.0,15085249612.507324,74,0.13601869445657444,0.016867288972957972,-0.22735847935860654,0.7136040694930241,59.88470105713324,,,,PRICE ONLY,,,,,日東紡績,"NITTO BOSEKI CO.,LTD.",プライム,,ガラス･土石製品,建設・資材,True,True,97.59206798866855,35.0,52.10964538704362,BASE,True
4091,2026-10-08,5471.0,4167590961.821289,74,0.002380748749597039,-0.1048833060128781,-0.12799863587910343,1.063185016086614,24.807198390177852,,,,PRICE ONLY,,,,,日本酸素ホールディングス,NIPPON SANSO HOLDINGS CORPORATION,プライム,,化学,素材・化学,True,True,92.66288951841359,35.0,52.10167182579452,BASE,True
5938,2026-10-08,1672.0,3622550990.751953,74,-0.022098591166175185,-0.0805002896717747,-0.1109757019706552,1.1283325361185874,11.136819812442933,,,,PRICE ONLY,,,,,ＬＩＸＩＬ,LIXIL Corporation,プライム,,金属製品,建設・資材,True,True,91.89801699716715,35.0,52.096967819527904,BASE,True
8393,2026-10-08,2754.0,951687659.7692871,74,0.03801938656062798,0.23602306024947084,-0.09407894736842104,1.02623748168512,45.39909984447898,,,,PRICE ONLY,,,,,宮崎銀行,"The Miyazaki Bank,Ltd.",プライム,,銀行業,銀行,True,True,82.20963172804532,35.0,52.08898940182914,BASE,True
9007,2026-10-08,1716.5,2739292222.142334,74,-0.009627376875757987,0.02767919930061291,-0.05874559773331578,0.8644720185579067,17.006897832965894,,,,PRICE ONLY,,,,,小田急電鉄,"Odakyu Electric Railway Co.,Ltd.",プライム,,陸運業,運輸・物流,True,True,90.0,35.0,52.08335718069396,BASE,True
4714,2026-10-08,208.0,164673905.0,74,0.009708737864077666,0.0,-0.028037383177570097,1.4847636609665822,13.75196527911225,,,,PRICE ONLY,,,,,リソー教育グループ,RISO KYOIKU GROUP CORPORATION,プライム,,サービス業,情報通信・サービスその他,True,True,60.991501416430594,35.0,52.07790455846545,BASE,True
7947,2026-10-08,2783.0,451455613.1237793,74,0.002681930124153409,0.10547066569804842,-0.01966969917573147,1.074357489100942,12.760551348940622,,,,PRICE ONLY,,,,,エフピコ,FP CORPORATION,プライム,,化学,素材・化学,True,True,74.5042492917847,35.0,52.0754435953134,BASE,True
7513,2026-10-08,1410.0,285201520.0,74,-0.021512838306731452,0.1310692403301812,-0.05432595573440646,1.5598479720935077,19.31080313624335,,,,PRICE ONLY,,,,,コジマ,"Kojima Co.,Ltd.",プライム,,小売業,小売,True,True,68.07365439093485,35.0,52.07006457930659,BASE,True
2815,2026-10-08,5130.0,562132062.097168,74,-0.03358451651216421,-0.0019901795265232503,-0.07327651981913341,1.434108527131783,13.806388146098335,,,,PRICE ONLY,,,,,アリアケジャパン,"ARIAKE JAPAN Co.,Ltd.",プライム,,食料品,食品,True,True,77.30878186968837,35.0,52.04904766599162,BASE,True
6845,2026-10-08,1476.5,2190599071.4483643,74,0.015124194741894081,-0.10476286906040233,-0.13405597187681917,1.1462840811354411,16.68023665843776,,,,PRICE ONLY,,,,,アズビル,Azbil Corporation,プライム,,電気機器,電機・精密,True,True,88.38526912181302,35.0,52.04019624184814,BASE,True
4118,2026-10-08,5971.0,1132280930.727539,74,-0.004434880431474775,0.07369003684853048,-0.04256296002139637,0.9460788221850168,20.83289750176632,,,,PRICE ONLY,,,,,カネカ,KANEKA CORPORATION,プライム,,化学,素材・化学,True,True,83.51274787535411,35.0,52.03391628843451,BASE,True
3941,2026-10-08,1490.0,1430392917.3010254,74,-0.02704472711278416,0.07401022282794378,-0.07431019839406083,1.153542778955276,20.51586348284555,,,,PRICE ONLY,,,,,レンゴー,"Rengo Co.,Ltd.",プライム,,パルプ・紙,素材・化学,True,True,85.60906515580736,35.0,52.02929279918945,BASE,True
9722,2026-10-08,3100.0,802396175.0,74,0.07007248878149808,0.6454352441613589,-0.015873015873015928,0.5241130194675512,35.777823827449836,,,,PRICE ONLY,,,,,藤田観光,FUJITA KANKO INC.,プライム,,サービス業,情報通信・サービスその他,True,True,80.42492917847025,35.0,52.02520875544655,BASE,True
9468,2026-10-08,3632.0,1558632360.0,74,0.011417432470063993,-0.04295125164690383,-0.051944661968154504,0.8318132921752959,21.13031584057412,,,,PRICE ONLY,,,,,ＫＡＤＯＫＡＷＡ,KADOKAWA CORPORATION,プライム,,情報･通信業,情報通信・サービスその他,True,True,86.06232294617564,35.0,52.02066366017427,BASE,True
7936,2026-10-08,4449.0,22180297020.0,74,0.06844380403458206,-0.03450520833333337,-0.15754591933345963,0.6816391859962907,30.315370988797834,,,,PRICE ONLY,,,,,アシックス,ASICS Corporation,プライム,,その他製品,情報通信・サービスその他,True,True,98.44192634560906,35.0,52.018572650040554,BASE,True
8616,2026-10-08,868.0,1039189329.9945068,74,-0.007022052480397001,0.1623530754112017,-0.03662597114317423,0.9487483463051732,19.730009756885984,,,,PRICE ONLY,,,,,東海東京フィナンシャル・ホールディングス,"Tokai Tokyo Financial Holdings,Inc.",プライム,,証券･商品先物取引業,金融（除く銀行）,True,True,82.80453257790367,35.0,52.01431915327703,BASE,True
6727,2026-10-08,853.0,548027864.4772339,74,0.037973320348843265,0.11135195416464594,-0.04372197309417036,0.9277874416957868,31.508540441248595,,,,PRICE ONLY,,,,,ワコム,"Wacom Co.,Ltd.",プライム,,電気機器,電機・精密,True,True,76.94050991501416,35.0,52.01385369023169,BASE,True
9616,2026-10-08,3211.0,3009869859.7387695,74,-0.0015898188435473637,0.10032341449677995,-0.07126635085253008,0.8532756052341096,22.466616504911816,,,,PRICE ONLY,,,,,共立メンテナンス,"KYORITSU MAINTENANCE CO.,LTD.",プライム,,サービス業,情報通信・サービスその他,True,True,90.67988668555242,35.0,52.013340704185225,BASE,True
6055,2026-10-08,2383.0,1270616380.0,74,0.06478999106344951,-0.06512357787367595,-0.123252391464312,0.9485435782843168,41.80180122165972,,,,PRICE ONLY,,,,,ジャパンマテリアル,"JAPAN MATERIAL Co.,Ltd.",プライム,,サービス業,情報通信・サービスその他,True,True,84.53257790368272,35.0,52.005331645074406,BASE,True
1720,2026-10-08,1146.0,393907372.39990234,74,-0.012710935303866355,-0.02427750999545708,-0.06044449790947615,1.389837946274645,18.799694707296172,,,,PRICE ONLY,,,,,東急建設,"TOKYU CONSTRUCTION CO., LTD.",プライム,,建設業,建設・資材,True,True,72.80453257790369,35.0,51.98576695541165,BASE,True
8522,2026-10-08,6850.0,903441278.0737305,74,-0.028976491053499087,0.06812591898664477,-0.0768194070080862,1.2864247256586248,32.84366666605846,,,,PRICE ONLY,,,,,名古屋銀行,"The Bank of Nagoya,Ltd.",プライム,,銀行業,銀行,True,True,81.643059490085,35.0,51.97419012423936,BASE,True
7242,2026-10-08,1546.0,494569408.18847656,74,0.012368242502220683,0.19846537619300464,-0.023373341756159238,0.9973569887899869,25.499333634361417,,,,PRICE ONLY,,,,,カヤバ,KYB Corporation,プライム,,輸送用機器,自動車・輸送機,True,True,75.4957507082153,35.0,51.972140964672505,BASE,True
6622,2026-10-08,2828.0,2500932620.0805664,74,0.13444991095095182,-0.03556904316210796,-0.24233905452371507,1.0170504624798646,46.746079613208515,,,,PRICE ONLY,,,,,ダイヘン,DAIHEN CORPORATION,プライム,,電気機器,電機・精密,True,True,89.43342776203966,35.0,51.9602377390475,BASE,True
9303,2026-10-08,4125.0,435779111.3244629,74,0.007529157581352752,0.07495713786554337,-0.023109112514055563,1.0615914307574599,12.060882284872184,,,,PRICE ONLY,,,,,住友倉庫,"The Sumitomo Warehouse Co.,Ltd.",プライム,,倉庫･運輸関連業,運輸・物流,True,True,74.07932011331445,35.0,51.95976042617601,BASE,True
6367,2026-10-08,20990.0,23539487939.560547,74,0.024790441030980936,-0.15900019524685427,-0.19035679845708775,1.0501343040927404,14.493425651990908,,,,PRICE ONLY,,,,,ダイキン工業,"DAIKIN INDUSTRIES,LTD.",プライム,,機械,機械,True,True,98.52691218130312,35.0,51.92916363475241,BASE,True
9009,2026-10-08,1299.5,2605402991.282959,74,-0.04331841448026519,0.06259161861025375,-0.06416039381993577,1.0435587344909258,17.141722720546046,,,,PRICE ONLY,,,,,京成電鉄,"Keisei Electric Railway Co.,Ltd.",プライム,,陸運業,運輸・物流,True,True,89.74504249291785,35.0,51.89517495671845,BASE,True
1723,2026-10-08,2232.0,934621501.4050293,74,-0.10584811919740378,-0.028632907900946858,-0.14752323331031725,3.443969491241304,57.24715849415632,,,,PRICE ONLY,,,,,日本電技,"NIHON DENGI CO.,LTD.",スタンダード,,建設業,建設・資材,True,True,82.09631728045326,35.0,51.88853714388007,BASE,True
6507,2026-10-08,13640.0,2461286800.0,74,0.10177705977382878,-0.06957708049113231,-0.18028846153846156,0.875173222470952,50.116941118276706,,,,PRICE ONLY,,,,,シンフォニアテクノロジー,"SINFONIA TECHNOLOGY CO.,LTD.",プライム,,電気機器,電機・精密,True,True,89.23512747875354,35.0,51.871161647326424,BASE,True
9735,2026-10-08,6323.0,8762721980.644531,74,0.013963636226964837,-0.04717685347204026,-0.1098835511246451,0.7799605374965795,15.022731501233775,,,,PRICE ONLY,,,,,セコム,"SECOM CO.,LTD.",プライム,,サービス業,情報通信・サービスその他,True,True,95.97733711048159,35.0,51.862265978780385,BASE,True
6787,2026-10-08,25900.0,15548571992.519531,74,0.304052852059999,0.007355607210012938,-0.2985216521558631,0.688026164375265,69.57627621295754,,,,PRICE ONLY,,,,,メイコー,"Meiko Electronics Co.,Ltd.",プライム,,電気機器,電機・精密,True,True,97.76203966005666,35.0,51.853961999447556,BASE,True
5830,2026-10-08,3716.0,4167576556.977539,74,-0.05398359928036622,0.1399310831892262,-0.07424015944195317,1.0542478399039648,36.19291682936953,,,,PRICE ONLY,,,,,いよぎんホールディングス,"Iyogin Holdings,Inc.",プライム,,銀行業,銀行,True,True,92.63456090651559,35.0,51.85108348061542,BASE,True
7545,2026-10-08,1900.0,433015390.0,74,-0.04666332162568987,-0.051410898913840875,-0.07208233361563698,1.5637490244306222,15.75517373426705,,,,PRICE ONLY,,,,,西松屋チェーン,"NISHIMATSUYA CHAIN Co.,Ltd.",プライム,,小売業,小売,True,True,74.02266288951841,35.0,51.84648872824265,BASE,True
9020,2026-10-08,3350.0,9927726885.495605,74,-0.024865863625057716,-0.035679086683746974,-0.13811524768948225,1.0989171482818336,19.72994818952156,,,,PRICE ONLY,,,,,東日本旅客鉄道,East Japan Railway Company,プライム,,陸運業,運輸・物流,True,True,96.48725212464589,35.0,51.84179911070744,BASE,True
5232,2026-10-08,1802.5,1053889045.166626,74,0.007229214482112223,0.02969883320259359,-0.12349552317939916,1.2631054308549459,27.68587721687521,,,,PRICE ONLY,,,,,住友大阪セメント,"Sumitomo Osaka Cement Co.,Ltd.",プライム,,ガラス･土石製品,建設・資材,True,True,82.97450424929178,35.0,51.809381810661854,BASE,True
9076,2026-10-08,2601.5,956549982.3400879,74,-0.027704251113089162,-0.021766763249934873,-0.06502086731225298,1.174581902448558,17.127864096944286,,,,PRICE ONLY,,,,,セイノーホールディングス,"SEINO HOLDINGS CO.,LTD.",プライム,,陸運業,運輸・物流,True,True,82.23796033994334,35.0,51.77462366802492,BASE,True
6231,2026-10-08,12120.0,182001150.0,74,-0.021791767554479424,-0.08528301886792455,-0.11790393013100442,2.2111977321048903,24.341363757197833,,,,PRICE ONLY,,,,,木村工機,"KIMURA KOHKI Co.,Ltd.",スタンダード,,機械,機械,True,True,62.23796033994334,35.0,51.76142516543459,BASE,True
6723,2026-10-08,3750.0,38969851780.0,74,0.10196885101381126,-0.22150716213410837,-0.26800702713253954,0.9841142135131778,51.71401069822254,,,,PRICE ONLY,,,,,ルネサスエレクトロニクス,Renesas Electronics Corporation,プライム,,電気機器,電機・精密,True,True,99.20679886685552,35.0,51.747491516410676,BASE,True
3608,2026-10-08,1196.0,288972065.0,74,-0.03626107977437554,-0.010752688172043001,-0.06562500000000004,1.6365925304238356,15.60908367316082,,,,PRICE ONLY,,,,,ＴＳＩホールディングス,"TSI HOLDINGS CO.,LTD.",プライム,,繊維製品,素材・化学,True,True,68.21529745042493,35.0,51.7371506482653,BASE,True
6629,2026-10-08,1011.0,135788885.0,74,-0.006876227897838927,0.030581039755351647,-0.11393514460999121,3.6063685358127286,32.156320118820396,,,,PRICE ONLY,,,,,テクノホライゾン,"TECHNO HORIZON CO.,LTD.",スタンダード,,電気機器,電機・精密,True,True,58.86685552407932,35.0,51.72757966277953,BASE,True
2212,2026-10-08,3653.0,2362288430.0,74,-0.025606828487596656,0.11610143599144518,-0.06068398045770118,0.9323774586200558,26.49216553883052,,,,PRICE ONLY,,,,,山崎製パン,"YAMAZAKI BAKING CO.,LTD.",プライム,,食料品,食品,True,True,88.98016997167139,35.0,51.72122975782747,BASE,True
7203,2026-10-08,2902.0,75891820203.74268,74,-0.04670136684795223,0.04511771628093775,-0.08991290748697323,0.8636174730134277,21.781756200539952,,,,PRICE ONLY,,,,,トヨタ自動車,TOYOTA MOTOR CORPORATION,プライム,,輸送用機器,自動車・輸送機,True,True,99.57507082152975,35.0,51.70862858009143,BASE,True
8439,2026-10-08,2551.0,1716826755.946045,74,-0.04228532482194025,0.00932697341857014,-0.059133028694342116,1.0732158692215754,21.7893998626707,,,,PRICE ONLY,,,,,東京センチュリー,Tokyo Century Corporation,プライム,,その他金融業,金融（除く銀行）,True,True,86.79886685552408,35.0,51.702463644216024,BASE,True
2146,2026-10-08,238.0,913304580.0,74,0.053097345132743445,0.34463276836158196,-0.016528925619834656,0.5227672814361451,25.17258835728195,,,,PRICE ONLY,,,,,ＵＴグループ,"UT Group Co.,Ltd.",プライム,,サービス業,情報通信・サービスその他,True,True,81.86968838526913,35.0,51.701867018058515,BASE,True
7013,2026-10-08,2590.0,31615254442.95166,74,-0.047508484411479146,-0.0754433015907987,-0.15311692923141373,1.1912899831177113,37.66671431943639,,,,PRICE ONLY,,,,,ＩＨＩ,IHI Corporation,プライム,,機械,機械,True,True,99.0084985835694,35.0,51.6979942243222,BASE,True
1951,2026-10-08,2516.5,1186053464.4482422,74,-0.02530139052401148,-0.04461321030331877,-0.10688113128796695,1.3008360184620744,13.999652781391292,,,,PRICE ONLY,,,,,エクシオグループ,"EXEO Group,Inc.",プライム,,建設業,建設・資材,True,True,84.02266288951841,35.0,51.69518349711153,BASE,True
6278,2026-10-08,16190.0,3243831500.0,74,0.15642857142857136,-0.15589155370177266,-0.33040235731767387,1.240001849368903,54.35546199527739,,,,PRICE ONLY,,,,,ユニオンツール,UNION TOOL CO.,プライム,,機械,機械,True,True,91.1614730878187,35.0,51.68368611617828,BASE,True
3612,2026-10-08,1560.0,448253420.0,74,-0.021943573667711602,-0.01422918736342449,-0.06799855016551304,1.3787076176717141,17.148334506557454,,,,PRICE ONLY,,,,,ワールド,"WORLD CO.,LTD.",プライム,,繊維製品,素材・化学,True,True,74.41926345609066,35.0,51.67245664099551,BASE,True
2282,2026-10-08,2007.0,3490421041.558838,74,-0.009052027808645113,-0.031993531136703446,-0.09730131628404481,0.9380061459801613,22.185678234890222,,,,PRICE ONLY,,,,,日本ハム,NH Foods Ltd.,プライム,,食料品,食品,True,True,91.643059490085,35.0,51.668861995690214,BASE,True
6194,2026-10-08,918.0,239924865.0,74,0.0762016412661195,0.2839160839160839,-0.03368421052631576,0.9578314417741343,25.218851313966518,,,,PRICE ONLY,,,,,アトラエ,"Atrae,Inc.",プライム,,サービス業,情報通信・サービスその他,True,True,65.97733711048159,35.0,51.65842503522843,BASE,True
3289,2026-10-08,1181.5,3426369034.178467,74,-0.06723681214139632,-0.07794185845789903,-0.14042080343986274,1.4471827143092328,15.961149683880477,,,,PRICE ONLY,,,,,東急不動産ホールディングス,Tokyu Fudosan Holdings Corporation,プライム,,不動産業,不動産,True,True,91.55807365439094,35.0,51.65008506010585,BASE,True
6904,2026-10-08,875.0,579894600.0,74,0.38888888888888884,0.9401330376940134,-0.15458937198067635,0.5568157710070663,104.33887175437346,,,,PRICE ONLY,,,,,原田工業,"HARADA INDUSTRY CO.,LTD.",スタンダード,,電気機器,電機・精密,True,True,77.6770538243626,35.0,51.64002798221431,BASE,True
4661,2026-10-08,2933.0,15427125641.030273,74,-0.04880086721062893,0.1298916077654768,-0.07744425206136885,0.8597418778526702,26.64901232103345,,,,PRICE ONLY,,,,,オリエンタルランド,"ORIENTAL LAND CO.,LTD.",プライム,,サービス業,情報通信・サービスその他,True,True,97.6487252124646,35.0,51.63077058896133,BASE,True
4114,2026-10-08,2522.0,2271414788.084717,74,0.008445369943635983,0.24505705354838314,-0.05168873769113591,0.7068233489467773,20.25642524090491,,,,PRICE ONLY,,,,,日本触媒,"NIPPON SHOKUBAI CO.,LTD.",プライム,,化学,素材・化学,True,True,88.72521246458923,35.0,51.62639352804958,BASE,True
4887,2026-10-08,1613.0,1108912123.1732178,74,0.04159080919610103,-0.029286698842823422,-0.06122717212370232,0.7421449835295135,19.9496210549563,,,,PRICE ONLY,,,,,サワイグループホールディングス,"SAWAI GROUP HOLDINGS Co.,Ltd.",プライム,,医薬品,医薬品,True,True,83.34277620396601,35.0,51.61179978083596,BASE,True
7734,2026-10-08,3580.0,362288282.0275879,74,0.057250757824666376,0.040493197726617414,-0.04610005525506644,0.936355537959022,26.76611467257903,,,,PRICE ONLY,,,,,理研計器,"RIKEN KEIKI CO.,LTD.",プライム,,精密機器,電機・精密,True,True,71.69971671388102,35.0,51.60646873498764,BASE,True
9041,2026-10-08,3437.0,3246169985.317383,74,0.013004830246277299,0.0018954092494805064,-0.04836419208967446,0.5885568416415906,14.086376191801477,,,,PRICE ONLY,,,,,近鉄グループホールディングス,"Kintetsu Group Holdings Co.,Ltd.",プライム,,陸運業,運輸・物流,True,True,91.18980169971671,35.0,51.59524007832141,BASE,True
9364,2026-10-08,4677.0,1617130539.7875977,74,-0.020226297797935056,-0.09540781272945942,-0.10423313496182762,1.1781587493391739,14.998925145511407,,,,PRICE ONLY,,,,,上組,"Kamigumi Co.,Ltd.",プライム,,倉庫･運輸関連業,運輸・物流,True,True,86.28895184135978,35.0,51.59065588643975,BASE,True
5108,2026-10-08,3882.0,15973089375.0,74,-0.009693877551020358,0.08678611422172455,-0.10138888888888886,0.7632003550885023,20.461498915438035,,,,PRICE ONLY,,,,,ブリヂストン,BRIDGESTONE CORPORATION,プライム,,ゴム製品,自動車・輸送機,True,True,97.8186968838527,35.0,51.583765148627165,BASE,True
4694,2026-10-08,3580.0,222756346.7578125,74,0.010104711789427512,-0.0050744751660111165,-0.017832647462277085,1.2421435659940456,14.278970777476014,,,,PRICE ONLY,,,,,ビー・エム・エル,"BML,INC.",プライム,,サービス業,情報通信・サービスその他,True,True,64.8158640226629,35.0,51.57053993951115,BASE,True
4044,2026-10-08,4570.0,464812860.05859375,74,0.036873453238517984,0.107149075987796,-0.022459893048128343,0.8268733850129198,38.422487250785316,,,,PRICE ONLY,,,,,セントラル硝子,"Central Glass Co.,Ltd.",プライム,,化学,素材・化学,True,True,74.75920679886686,35.0,51.55814056111595,BASE,True
4911,2026-10-08,3244.0,8732673785.0,74,-0.04023668639053257,0.1798508819785416,-0.13860860329261815,1.1538043446036355,26.88395880359577,,,,PRICE ONLY,,,,,資生堂,"Shiseido Company,Limited",プライム,,化学,素材・化学,True,True,95.94900849858357,35.0,51.55703133286498,BASE,True
9022,2026-10-08,3632.0,8432997610.802002,74,-0.03886459347055704,-0.003140541721334267,-0.14034668420875018,1.1561423159356077,17.314875680579902,,,,PRICE ONLY,,,,,東海旅客鉄道,Central Japan Railway Company,プライム,,陸運業,運輸・物流,True,True,95.80736543909349,35.0,51.53484475256688,BASE,True
5201,2026-10-08,5805.0,6607769290.0,74,0.023809523809523725,-0.10402839944435871,-0.2197631851479469,1.2459567689550655,24.43307522079654,,,,PRICE ONLY,,,,,ＡＧＣ,AGC Inc.,プライム,,ガラス･土石製品,建設・資材,True,True,94.95750708215297,35.0,51.53142669895881,BASE,True
5186,2026-10-08,6930.0,292168414.55566406,74,0.01694849673315013,0.10503063690090886,-0.021186440677966156,1.105653912050257,30.875481179991,,,,PRICE ONLY,,,,,ニッタ,Nitta Corporation,プライム,,ゴム製品,自動車・輸送機,True,True,68.52691218130312,35.0,51.528464320650734,BASE,True
5122,2026-10-08,6220.0,123534308.08105469,74,0.013684456877054885,0.1553021302406674,-0.05774459506619534,1.6231438812083974,19.839641168584148,,,,PRICE ONLY,,,,,オカモト,"OKAMOTO INDUSTRIES,INC.",プライム,,ゴム製品,自動車・輸送機,True,True,57.76203966005665,35.0,51.525372988581665,BASE,True
1961,2026-10-08,2583.0,1271942585.7263184,74,0.056836710343056485,-0.01924610202448429,-0.16298536018992849,1.1067986745168776,32.82027837961327,,,,PRICE ONLY,,,,,三機工業,"SANKI ENGINEERING CO.,LTD.",プライム,,建設業,建設・資材,True,True,84.56090651558074,35.0,51.50202594834174,BASE,True
2229,2026-10-08,3040.0,836948405.0,74,0.012658227848101333,0.0066225165562914245,-0.04851330203442883,0.8908178875093387,14.00214384643767,,,,PRICE ONLY,,,,,カルビー,"CALBEE,Inc.",プライム,,食料品,食品,True,True,80.70821529745042,35.0,51.49726685298736,BASE,True
5451,2026-10-08,1388.0,357439050.59265137,74,-0.008001337264047392,0.06720708602102299,-0.03717771416823068,1.2162162162162162,11.1725319717236,,,,PRICE ONLY,,,,,ヨドコウ,"YODOKO,Ltd.",プライム,,鉄鋼,鉄鋼・非鉄,True,True,71.55807365439092,35.0,51.49663937470384,BASE,True
3673,2026-10-08,479.0,316227905.0,74,0.03679653679653683,0.13238770685579193,-0.04200000000000004,1.0559755272524047,28.796734416324192,,,,PRICE ONLY,,,,,ブロードリーフ,"Broadleaf Co.,Ltd.",プライム,,情報･通信業,情報通信・サービスその他,True,True,70.0,35.0,51.495956205183006,BASE,True
5801,2026-10-08,4220.0,92838395794.33472,74,0.1021614648641207,0.19455260151847065,-0.27029311934037825,0.9399618803512382,70.73238075321979,,,,PRICE ONLY,,,,,古河電気工業,"Furukawa Electric Co.,Ltd.",プライム,,非鉄金属,鉄鋼・非鉄,True,True,99.71671388101983,35.0,51.48743153818168,BASE,True
8473,2026-10-08,2965.0,11103181547.132568,74,-0.11034313716153765,0.10762604670116027,-0.12669810838425588,1.4214399474398947,31.864275832888232,,,,PRICE ONLY,,,,,ＳＢＩホールディングス,"SBI Holdings,Inc.",プライム,,証券･商品先物取引業,金融（除く銀行）,True,True,96.74220963172804,35.0,51.48335025553722,BASE,True
8242,2026-10-08,2790.0,1089594068.1738281,74,-0.016878305758568857,-0.009262588189478338,-0.07626580152806273,1.1012194800748019,17.100545067695304,,,,PRICE ONLY,,,,,エイチ・ツー・オー　リテイリング,H2O RETAILING CORPORATION,プライム,,小売業,小売,True,True,83.1728045325779,35.0,51.47822459801081,BASE,True
8173,2026-10-08,4285.0,865568209.7973633,74,0.039389144738439574,0.24012954569413747,-0.05054701564880215,0.7439382353666658,20.755698546647427,,,,PRICE ONLY,,,,,Ｊｏｓｈｉｎ,Joshin Corporation,プライム,,小売業,小売,True,True,81.24645892351275,35.0,51.476110783878845,BASE,True
6517,2026-10-08,3955.0,243907260.27954102,74,0.011024756241484912,0.12980250522613712,-0.09234964502886334,1.5446880269814502,19.110761938087887,,,,PRICE ONLY,,,,,デンヨー,"Denyo Co.,Ltd.",プライム,,電気機器,電機・精密,True,True,66.20396600566572,35.0,51.47486536966042,BASE,True
6136,2026-10-08,3663.0,1225890895.0,74,0.004387167534960268,-0.04360313315926889,-0.10680321872713971,1.1047744170075542,30.577101607352315,,,,PRICE ONLY,,,,,オーエスジー,OSG Corporation,プライム,,機械,機械,True,True,84.24929178470255,35.0,51.453857510509856,BASE,True
8572,2026-10-08,452.79998779296875,815431853.309021,74,-0.04429960091737872,-0.042126275857122475,-0.06342526155869577,1.2557546338977759,15.33291292820829,,,,PRICE ONLY,,,,,アコム,"ACOM CO.,LTD.",スタンダード,,その他金融業,金融（除く銀行）,True,True,80.48158640226629,35.0,51.44737418861355,BASE,True
2337,2026-10-08,387.0,386141210.0,74,-0.010230179028132946,-0.12244897959183676,-0.14,1.689390394350619,21.7667296714398,,,,PRICE ONLY,,,,,いちご,Ichigo Inc.,プライム,,不動産業,不動産,True,True,72.57790368271955,35.0,51.43695817982157,BASE,True
8338,2026-10-08,806.0,1433562490.0,74,0.040000000000000036,0.2773375594294769,-0.06279069767441858,0.6598075223570808,49.850122493744294,,,,PRICE ONLY,,,,,筑波銀行,"Tsukuba Bank,Ltd.",プライム,,銀行業,銀行,True,True,85.69405099150141,35.0,51.427781720547934,BASE,True
6946,2026-10-08,6780.0,1305803450.0,74,0.07619047619047614,0.3850868232890705,-0.08993288590604032,0.6295061632684704,57.41871444887465,,,,PRICE ONLY,,,,,日本アビオニクス,"Nippon Avionics Co.,Ltd.",スタンダード,,電気機器,電機・精密,True,True,84.87252124645892,35.0,51.420161919951596,BASE,True
1417,2026-10-08,3334.0,803965536.4941406,74,-0.04988544201861944,-0.0988238373176118,-0.1366128613859815,1.6373619045502035,14.227060058574754,,,,PRICE ONLY,,,,,ミライト・ワン,MIRAIT ONE Corporation,プライム,,建設業,建設・資材,True,True,80.45325779036827,35.0,51.415645390820806,BASE,True
4593,2026-10-08,300.0,491594620.0,74,0.030927835051546282,0.171875,-0.05660377358490565,0.9811781617591202,58.559301155356316,,,,PRICE ONLY,,,,,ヘリオス,HEALIOS K.K.,グロース,,医薬品,医薬品,True,True,75.43909348441926,35.0,51.40929052601204,BASE,True
6315,2026-10-08,2519.0,7012255675.0,74,0.09094846253789513,-0.1583695289007685,-0.2884180790960452,1.2058320154249442,41.333389480168414,,,,PRICE ONLY,,,,,ＴＯＷＡ,TOWA CORPORATION,プライム,,機械,機械,True,True,95.3257790368272,35.0,51.40820515040001,BASE,True
4540,2026-10-08,3745.0,2077729754.416504,74,0.03528565025566088,0.006134199938895524,-0.05480596296843099,0.575452122348692,14.791944546523366,,,,PRICE ONLY,,,,,ツムラ,TSUMURA & CO.,プライム,,医薬品,医薬品,True,True,87.90368271954674,35.0,51.405207762335,BASE,True
8698,2026-10-08,661.0,1038362775.4623413,74,-0.07734182204011475,-0.02259652760717812,-0.12059137496433181,1.627580342175242,22.749687589740798,,,,PRICE ONLY,,,,,マネックスグループ,"Monex Group,Inc.",プライム,,証券･商品先物取引業,金融（除く銀行）,True,True,82.77620396600567,35.0,51.394360918081844,BASE,True
7956,2026-10-08,2067.5,1906223657.5,74,0.011497064579256255,-0.0028936580660718914,-0.040825794479239175,0.6433403238777022,21.384090473800406,,,,PRICE ONLY,,,,,ピジョン,PIGEON CORPORATION,プライム,,その他製品,情報通信・サービスその他,True,True,87.36543909348443,35.0,51.38889387145222,BASE,True
6925,2026-10-08,4155.0,1582781700.0,74,0.09572784810126578,-0.026476101218369297,-0.1393951946975973,0.7262446761639008,48.54011852173069,,,,PRICE ONLY,,,,,ウシオ電機,USHIO INC.,プライム,,電気機器,電機・精密,True,True,86.1756373937677,35.0,51.38803628421769,BASE,True
8130,2026-10-08,3125.0,384246837.7722168,74,0.008564127737798577,0.06739703308655609,-0.013192232157628991,0.9655573559350201,8.685269249517088,,,,PRICE ONLY,,,,,サンゲツ,Sangetsu Corporation,プライム,,卸売業,商社・卸売,True,True,72.54957507082153,35.0,51.3713675548565,BASE,True
7989,2026-10-08,2558.0,93541295.0,74,-0.04015009380863044,0.014274385408405976,-0.063003663003663,2.0486214052772014,10.79853091935082,,,,PRICE ONLY,,,,,立川ブラインド工業,TACHIKAWA CORPORATION,プライム,,金属製品,建設・資材,True,True,54.5042492917847,35.0,51.369513308727704,BASE,True
1414,2026-10-08,1204.5,1472397077.5,74,-0.04062126642771802,-0.051574803149606274,-0.1097560975609756,1.287391921538263,18.136184115595185,,,,PRICE ONLY,,,,,ショーボンドホールディングス,"SHO-BOND Holdings Co.,Ltd.",プライム,,建設業,建設・資材,True,True,85.8356940509915,35.0,51.34947312458088,BASE,True
4763,2026-10-08,1495.0,61900615.0,74,0.014935505770536261,0.1206896551724137,-0.032362459546925515,1.7191252686133232,18.626880115734295,,,,PRICE ONLY,,,,,クリーク・アンド・リバー社,"CREEK & RIVER Co.,Ltd.",プライム,,サービス業,情報通信・サービスその他,True,True,49.320113314447596,35.0,51.34467614478831,BASE,True
9991,2026-10-08,1715.0,66171775.63964844,74,-0.025796902568803626,0.1055006156104843,-0.04975276072806334,1.9927333705980994,14.600882498663047,,,,PRICE ONLY,,,,,ジェコス,GECOSS CORPORATION,プライム,,卸売業,商社・卸売,True,True,49.97167138810198,35.0,51.3373172698724,BASE,True
7011,2026-10-08,3680.0,62264514749.313965,74,-0.03543854415293557,-0.029354572383992417,-0.15484994309514633,1.0661221828006242,30.342441603489316,,,,PRICE ONLY,,,,,三菱重工業,"Mitsubishi Heavy Industries,Ltd.",プライム,,機械,機械,True,True,99.4900849858357,35.0,51.31736307524031,BASE,True
8345,2026-10-08,2489.0,1356329658.0151367,74,-0.029667034529100356,0.1920970605028538,-0.13514533328390477,1.365561044460127,46.41693118628385,,,,PRICE ONLY,,,,,岩手銀行,"The Bank of Iwate,Ltd.",プライム,,銀行業,銀行,True,True,85.26912181303116,35.0,51.30770966723484,BASE,True
8524,2026-10-08,1303.0,2106947532.2180176,74,-0.017530541051571036,0.12789522941152298,-0.0679542203147353,0.8915614529478332,36.7949981089987,,,,PRICE ONLY,,,,,北洋銀行,"North Pacific Bank,Ltd.",プライム,,銀行業,銀行,True,True,88.04532577903683,35.0,51.30277270298636,BASE,True
5401,2026-10-08,631.2999877929688,19797278732.26654,74,-0.07872162795695992,0.15574040405473832,-0.08800499342624502,0.9950112210580095,23.906068908645956,,,,PRICE ONLY,,,,,日本製鉄,NIPPON STEEL CORPORATION,プライム,,鉄鋼,鉄鋼・非鉄,True,True,98.24362606232295,35.0,51.28246763178355,BASE,True
4812,2026-10-08,2866.0,1949822670.0,74,0.004908835904628317,0.06148148148148147,-0.014442916093535096,0.5307653235177466,1.813574197901333,,,,PRICE ONLY,,,,,電通総研,DENTSU SOKEN INC.,プライム,,情報･通信業,情報通信・サービスその他,True,True,87.42209631728045,35.0,51.28128673535986,BASE,True
2871,2026-10-08,2070.5,2735655843.5546875,74,-0.0037464200379200285,-0.035187660621587735,-0.11039716225610119,0.9645608871189882,18.286482810032517,,,,PRICE ONLY,,,,,ニチレイ,NICHIREI CORPORATION,プライム,,食料品,食品,True,True,89.94334277620396,35.0,51.2622418185535,BASE,True
5572,2026-10-08,3225.0,258144875.0,74,0.10900962861072894,0.17657789128055446,-0.007692307692307665,0.5782349756361668,54.51416929400625,,,,PRICE ONLY,,,,,Ｒｉｄｇｅ−ｉ,Ridge-i Inc.,グロース,,情報･通信業,情報通信・サービスその他,True,True,66.79886685552407,35.0,51.26166999914235,BASE,True
1605,2026-10-08,3625.0,20790834170.0,74,-0.04303062302006333,0.05777648088707332,-0.11843385214007784,0.9511528106177768,28.12647860205193,,,,PRICE ONLY,,,,,ＩＮＰＥＸ,INPEX CORPORATION,プライム,,鉱業,エネルギー資源,True,True,98.35694050991502,35.0,51.247494808003964,BASE,True
3028,2026-10-08,2333.0,179131100.0,74,0.0012875536480687622,0.10047169811320744,-0.022622538751571053,1.3489697210627443,13.03305913252065,,,,PRICE ONLY,,,,,アルペン,"Alpen Co.,Ltd.",プライム,,小売業,小売,True,True,61.92634560906516,35.0,51.24683659216763,BASE,True
7906,2026-10-08,2361.0,1154005229.4848633,74,-0.06897162231231924,-0.038439908460120686,-0.1707215090987203,1.777514154758695,29.741720565445878,,,,PRICE ONLY,,,,,ヨネックス,"YONEX CO.,LTD.",スタンダード,,その他製品,情報通信・サービスその他,True,True,83.73937677053824,35.0,51.24430314655864,BASE,True
9831,2026-10-08,695.0,3544893110.01709,74,-0.006859085276790244,0.051755467371083386,-0.09126567587219103,0.8283184915463138,16.065323609690974,,,,PRICE ONLY,,,,,ヤマダホールディングス,"YAMADA HOLDINGS CO.,LTD.",プライム,,小売業,小売,True,True,91.75637393767705,35.0,51.231618770127064,BASE,True
8098,2026-10-08,4285.0,523101399.3261719,74,-0.01529313601972715,0.1060748169178396,-0.0517637448485857,1.135498975709687,16.987875996944247,,,,PRICE ONLY,,,,,稲畑産業,"Inabata & Co.,Ltd.",プライム,,卸売業,商社・卸売,True,True,76.48725212464589,35.0,51.22030960616694,BASE,True
8227,2026-10-08,3282.0,2552041350.0,74,0.007366482504604033,-0.03283779755834404,-0.06994259868393737,0.7130061590464556,21.287815269160006,,,,PRICE ONLY,,,,,しまむら,"SHIMAMURA Co.,Ltd.",プライム,,小売業,小売,True,True,89.57507082152975,35.0,51.207343024688406,BASE,True
5851,2026-10-08,2662.0,371598465.0,74,-0.0499643112062812,0.0597133757961783,-0.0737647877522617,1.5539243365330322,23.923341373491613,,,,PRICE ONLY,,,,,リョービ,RYOBI LIMITED,プライム,,非鉄金属,鉄鋼・非鉄,True,True,71.98300283286119,35.0,51.20520225253336,BASE,True
1926,2026-10-08,934.0,549715527.3706055,74,0.020075467150138415,-0.036665451690862216,-0.05369807497467072,0.9444929050756994,25.253348258278468,,,,PRICE ONLY,,,,,ライト工業,"RAITO KOGYO CO.,LTD.",プライム,,建設業,建設・資材,True,True,76.9971671388102,35.0,51.198690898642276,BASE,True
7161,2026-10-08,658.0,119032185.0,74,0.07516339869281041,0.33468559837728185,-0.04775687409551377,1.2254303164908384,42.17888132075063,,,,PRICE ONLY,,,,,じもとホールディングス,"Jimoto Holdings,Inc.",スタンダード,,銀行業,銀行,True,True,57.195467422096314,35.0,51.19308514143606,BASE,True
4324,2026-10-08,3571.0,3165089575.0,74,-0.016253443526170752,0.0653341288782816,-0.07821373257614872,0.8292178192902486,17.16500897856511,,,,PRICE ONLY,,,,,電通グループ,DENTSU GROUP INC.,プライム,,サービス業,情報通信・サービスその他,True,True,91.01983002832861,35.0,51.19240138083574,BASE,True
6754,2026-10-08,3540.0,3503221252.1862793,74,0.09693776231759332,-0.12829509592647204,-0.23930357211245634,1.012728891455521,36.89009651778801,,,,PRICE ONLY,,,,,アンリツ,ANRITSU CORPORATION,プライム,,電気機器,電機・精密,True,True,91.671388101983,35.0,51.191541701619876,BASE,True
9507,2026-10-08,2122.0,2741581574.4677734,74,0.0043430146102547695,0.4347758298951854,-0.056085086345229795,0.6426973943863613,30.386739235747314,,,,PRICE ONLY,,,,,四国電力,"Shikoku Electric Power Company,Incorporated",プライム,,電気･ガス業,電気・ガス,True,True,90.02832861189802,35.0,51.17597687965839,BASE,True
5357,2026-10-08,1665.0,74125379.80773926,74,-0.03238061024022143,-0.020735971516245733,-0.05538097469102654,1.9812583668005355,11.76552747867837,,,,PRICE ONLY,,,,,ヨータイ,"YOTAI REFRACTORIES CO.,LTD.",プライム,,ガラス･土石製品,建設・資材,True,True,51.55807365439094,35.0,51.169453623853904,BASE,True
9622,2026-10-08,1382.0,75687430.0,74,-0.02538787023977429,-0.03424178895877006,-0.06114130434782605,1.9662640982133945,13.757331164579986,,,,PRICE ONLY,,,,,スペース,"SPACE CO.,LTD.",プライム,,サービス業,情報通信・サービスその他,True,True,51.784702549575066,35.0,51.167357984193416,BASE,True
8001,2026-10-08,2138.5,40968545402.77588,74,-0.04621492747874201,0.14186952883537018,-0.08867243235189892,0.780256770572376,24.17723119914528,,,,PRICE ONLY,,,,,伊藤忠商事,ITOCHU Corporation,プライム,,卸売業,商社・卸売,True,True,99.29178470254958,35.0,51.153226703141705,BASE,True
8707,2026-10-08,4550.0,477329015.20751953,74,-0.02265685799450834,0.1089086477238419,-0.03794373688818409,1.1340920336467095,19.418252839144472,,,,PRICE ONLY,,,,,岩井コスモホールディングス,"IwaiCosmo Holdings,Inc.",プライム,,証券･商品先物取引業,金融（除く銀行）,True,True,75.21246458923513,35.0,51.152652276337875,BASE,True
8591,2026-10-08,5751.0,20865318298.996582,74,-0.05605335576953974,-0.09235332757727299,-0.12282134301478032,1.023960400636004,23.97557594526566,,,,PRICE ONLY,,,,,オリックス,ORIX CORPORATION,プライム,,その他金融業,金融（除く銀行）,True,True,98.38526912181304,35.0,51.149457316142815,BASE,True
7476,2026-10-08,2477.5,313292702.20825195,74,0.030769901166216584,0.041028430844431085,-0.027338189626227583,0.9665398033618776,16.349422335130082,,,,PRICE ONLY,,,,,アズワン,AS ONE CORPORATION,プライム,,卸売業,商社・卸売,True,True,69.8583569405099,35.0,51.14127076383715,BASE,True
8729,2026-10-08,146.5,8854291215.447388,74,-0.07150738817547642,0.01644183994886994,-0.09390767922883159,1.0323218595595685,21.973418574362885,,,,PRICE ONLY,,,,,ソニーフィナンシャルグループ,Sony Financial Group Inc.,プライム,,保険業,金融（除く銀行）,True,True,96.0056657223796,35.0,51.13912122915777,BASE,True
2918,2026-10-08,2510.0,291634105.0,74,-0.08527696793002915,-0.020832230126369367,-0.1089811856585019,6.309973829601629,18.916855356978136,,,,PRICE ONLY,,,,,わらべや日洋ホールディングス,"WARABEYA NICHIYO HOLDINGS CO.,LTD.",プライム,,食料品,食品,True,True,68.47025495750708,35.0,51.121237842856246,BASE,True
7459,2026-10-08,2949.0,1659516874.9279785,74,0.021826755709795975,0.10300784609050129,-0.05349297577788781,0.6374390849889721,34.2707919290309,,,,PRICE ONLY,,,,,メディパルホールディングス,MEDIPAL HOLDINGS CORPORATION,プライム,,卸売業,商社・卸売,True,True,86.45892351274787,35.0,51.11072660926866,BASE,True
2805,2026-10-08,6620.0,653664632.1411133,74,-0.09569283907850012,0.13230960421495896,-0.16183384455903194,2.0238791993444925,30.718232441516495,,,,PRICE ONLY,,,,,ヱスビー食品,S&B FOODS INC.,スタンダード,,食料品,食品,True,True,78.75354107648725,35.0,51.10306807015177,BASE,True
3197,2026-10-08,3236.0,2968448595.0,74,-0.024419656315948113,0.09232067510548525,-0.053801169590643294,0.7540783276828826,19.7528896877523,,,,PRICE ONLY,,,,,すかいらーくホールディングス,"SKYLARK HOLDINGS CO.,LTD.",プライム,,小売業,小売,True,True,90.5099150141643,35.0,51.102912292476056,BASE,True
6458,2026-10-08,1207.0,246208191.26708984,74,-0.020842202476814453,-0.02705416392337967,-0.039996333871666456,1.3964485135067157,15.384111160272843,,,,PRICE ONLY,,,,,新晃工業,SINKO INDUSTRIES LTD.,プライム,,機械,機械,True,True,66.23229461756374,35.0,51.101168839713765,BASE,True
1518,2026-10-08,2257.0,768510924.7338867,74,0.009884768551214451,0.5020975273655077,-0.02404667513261871,0.7442223700575593,18.927107702384017,,,,PRICE ONLY,,,,,三井松島ホールディングス,"MITSUI MATSUSHIMA HOLDINGS CO.,LTD.",プライム,,その他製品,情報通信・サービスその他,True,True,80.11331444759206,35.0,51.10105857460985,BASE,True
9401,2026-10-08,5901.0,1903294835.4614258,74,0.009942358837649934,-0.08252149349529814,-0.09203775903439582,0.8586282072782156,22.436091555433862,,,,PRICE ONLY,,,,,ＴＢＳホールディングス,"TBS HOLDINGS,INC.",プライム,,情報･通信業,情報通信・サービスその他,True,True,87.28045325779037,35.0,51.08945621541917,BASE,True
2331,2026-10-08,1153.0,1520321508.774414,74,-0.018465824953647902,0.05032087721264711,-0.07988411579847687,0.9852197139479246,20.95632048449046,,,,PRICE ONLY,,,,,ＡＬＳＯＫ,"ALSOK CO.,LTD.",プライム,,サービス業,情報通信・サービスその他,True,True,85.94900849858357,35.0,51.08810917369874,BASE,True
6963,2026-10-08,5096.0,14837239790.0,74,-0.028037383177570097,-0.08279337652987762,-0.1435294117647059,0.9970238095238095,47.10132764549205,,,,PRICE ONLY,,,,,ローム,ROHM COMPANY LIMITED,プライム,,電気機器,電機・精密,True,True,97.53541076487252,35.0,51.08744376802551,BASE,True
9936,2026-10-08,2887.0,929631864.4360352,74,-0.0041656080360318315,-0.004845603253999409,-0.06426727569884683,0.9509996569040267,13.713894772737948,,,,PRICE ONLY,,,,,王将フードサービス,OHSHO FOOD SERVICE CORP.,プライム,,小売業,小売,True,True,82.06798866855523,35.0,51.08161194876618,BASE,True
6841,2026-10-08,4565.0,4933123871.542969,74,-0.029450388827351515,-0.15239734565697383,-0.23445521448530693,1.5677941262676593,24.77876884593399,,,,PRICE ONLY,,,,,横河電機,YOKOGAWA ELECTRIC CORPORATION,プライム,,電気機器,電機・精密,True,True,93.45609065155807,35.0,51.07318069390957,BASE,True
3989,2026-10-08,1546.0,965047595.0,74,0.017105263157894735,0.10271041369472189,-0.042131350681536506,0.7229133308699758,21.47836597162339,,,,PRICE ONLY,,,,,シェアリングテクノロジー,SHARINGTECHNOLOGY.INC,グロース,,情報･通信業,情報通信・サービスその他,True,True,82.37960339943344,35.0,51.07206396347393,BASE,True
8609,2026-10-08,1196.0,563299300.0,74,-0.037811745776347494,0.1865079365079365,-0.054545454545454564,1.2166175382815,23.099503546558896,,,,PRICE ONLY,,,,,岡三証券グループ,OKASAN SECURITIES GROUP INC.,プライム,,証券･商品先物取引業,金融（除く銀行）,True,True,77.33711048158641,35.0,51.06859950932524,BASE,True
6651,2026-10-08,4385.0,296443388.34716797,74,0.01083448593822034,-0.02344986933631199,-0.07792683032008807,1.3334311280621975,22.45038070413464,,,,PRICE ONLY,,,,,日東工業,NITTO KOGYO CORPORATION,プライム,,電気機器,電機・精密,True,True,68.83852691218131,35.0,51.05561614961561,BASE,True
9037,2026-10-08,1799.0,209937604.84375,74,-0.012208541890729396,0.0024697471617769473,-0.03573984291572363,1.3904931141714794,13.927036574599786,,,,PRICE ONLY,,,,,ハマキョウレックス,"HAMAKYOREX CO.,LTD.",プライム,,陸運業,運輸・物流,True,True,64.02266288951841,35.0,51.05388700803229,BASE,True
3652,2026-10-08,3025.0,201208070.0,74,0.1961249505733491,0.3129340277777777,-0.0692307692307692,0.3190327044941365,83.39493443944161,,,,PRICE ONLY,,,,,ディジタルメディアプロフェッショナル,Digital Media Professionals Inc.,グロース,,情報･通信業,情報通信・サービスその他,True,True,63.42776203966005,35.0,51.05269357044684,BASE,True
6457,2026-10-08,4522.0,878864635.4223633,74,0.004055226714971383,0.10777300635108578,-0.06587182701192651,0.9303621169916435,25.121284518385938,,,,PRICE ONLY,,,,,グローリー,GLORY LTD.,プライム,,機械,機械,True,True,81.35977337110482,35.0,51.032094563648094,BASE,True
6999,2026-10-08,2412.0,895685491.3183594,74,0.07330552896915621,-0.01606466779970428,-0.20323674748427534,1.238380618425247,47.102449885063045,,,,PRICE ONLY,,,,,ＫＯＡ,KOA CORPORATION,プライム,,電気機器,電機・精密,True,True,81.52974504249292,35.0,51.02948173608474,BASE,True
3932,2026-10-08,1246.0,306476441.2878418,74,0.10390724751034397,0.3393270805268669,-0.07084265473527218,0.794696867209091,41.15758138956771,,,,PRICE ONLY,,,,,アカツキ,Akatsuki Inc.,プライム,,情報･通信業,情報通信・サービスその他,True,True,69.54674220963173,35.0,51.02699928763574,BASE,True
8032,2026-10-08,1207.0,285210490.2886963,74,-0.001422061084699,0.10492475298906201,-0.04354960621817194,1.2465847753170884,17.466348293970928,,,,PRICE ONLY,,,,,日本紙パルプ商事,JAPAN PULP AND PAPER COMPANY LIMITED,プライム,,卸売業,商社・卸売,True,True,68.10198300283287,35.0,51.02636699673356,BASE,True
6574,2026-10-08,130.0,93914000.0,74,0.08333333333333326,0.49425287356321834,-0.007633587786259555,1.0377943205219629,46.20654618276617,,,,PRICE ONLY,,,,,コンヴァノ,Convano Inc.,グロース,,サービス業,情報通信・サービスその他,True,True,54.6742209631728,35.0,51.022048059727545,BASE,True
3088,2026-10-08,2460.5,4149559983.656006,74,-0.03415048061953396,-0.001399973068675786,-0.07559009256290983,0.8349113135186961,22.29859859781175,,,,PRICE ONLY,,,,,マツキヨココカラ＆カンパニー,MatsukiyoCocokara & Co.,プライム,,小売業,小売,True,True,92.60623229461757,35.0,51.01929406236956,BASE,True
5202,2026-09-30,496.0,1216842850.0,68,0.008130081300812941,0.03333333333333344,0.0,0.0,2.412117489024196,,,,PRICE ONLY,,,,,日本板硝子,"Nippon Sheet Glass Company,Limited",プライム,,ガラス･土石製品,建設・資材,True,True,84.19263456090653,35.0,51.01012969963775,BASE,True
9793,2026-10-08,3560.0,589984975.0,74,-0.035230352303523005,-0.07220515814574902,-0.10673848324858992,1.433673789084529,19.21020532650333,,,,PRICE ONLY,,,,,ダイセキ,"Daiseki Co.,Ltd.",プライム,,サービス業,情報通信・サービスその他,True,True,77.8186968838527,35.0,51.00418994801507,BASE,True
4681,2026-10-08,1720.0,786638561.2585449,74,-0.032277361479457145,-0.0039862491651723175,-0.08885892614315383,1.2565720294426919,11.72227500820438,,,,PRICE ONLY,,,,,リゾートトラスト,"RESORTTRUST,INC.",プライム,,サービス業,情報通信・サービスその他,True,True,80.28328611898017,35.0,50.99876040303724,BASE,True
3103,2026-10-08,1441.0,7694578005.0,74,0.011938202247190999,0.5494623655913979,-0.1453143534994069,0.8430905560184988,54.842576244865306,,,,PRICE ONLY,,,,,ユニチカ,UNITIKA LTD.,スタンダード,,繊維製品,素材・化学,True,True,95.60906515580736,35.0,50.98853385007681,BASE,True
2002,2026-10-08,1982.5,1863111211.8963623,74,0.0014155536274820246,-0.010148744888814343,-0.07322416146355426,0.7980275629965706,20.0105453442414,,,,PRICE ONLY,,,,,日清製粉グループ本社,NISSHIN SEIFUN GROUP INC.,プライム,,食料品,食品,True,True,87.19546742209631,35.0,50.98754906691598,BASE,True
3176,2026-10-08,1161.0,419827982.1472168,74,0.039901604782782485,0.45944367076113113,-0.03007518796992481,0.791586535228694,27.708591562910662,,,,PRICE ONLY,,,,,三洋貿易,"Sanyo Trading Co.,Ltd.",プライム,,卸売業,商社・卸売,True,True,73.79603399433428,35.0,50.98658558868337,BASE,True
9869,2026-10-08,6640.0,250211854.8852539,74,0.013431013431013383,0.09609260210519555,-0.02197266113132601,1.109592784913911,15.183226476365169,,,,PRICE ONLY,,,,,加藤産業,"KATO SANGYO CO.,LTD.",プライム,,卸売業,商社・卸売,True,True,66.40226628895184,35.0,50.983642702368805,BASE,True
3397,2026-10-08,4216.0,1672402290.0,74,-0.004956337030918134,0.047453416149068284,-0.08027923211169286,0.8825544744415513,24.868584320366754,,,,PRICE ONLY,,,,,トリドールホールディングス,TORIDOLL Holdings Corporation,プライム,,小売業,小売,True,True,86.57223796033995,35.0,50.97866129889303,BASE,True
8343,2026-10-08,1791.0,2023229081.5576172,74,0.018401563432179247,0.299727915816016,-0.12463343108504399,0.9407652373818743,51.40235668394789,,,,PRICE ONLY,,,,,秋田銀行,"THE AKITA BANK,LTD.",プライム,,銀行業,銀行,True,True,87.73371104815864,35.0,50.95835850435025,BASE,True
7240,2026-09-30,3029.0,1075000572.8527832,68,0.016941922810247867,0.06753518810225212,-0.004285171528047194,0.0,29.405222299922297,,,,PRICE ONLY,,,,,ＮＯＫ,NOK CORPORATION,プライム,,輸送用機器,自動車・輸送機,True,True,83.11614730878188,35.0,50.95768445487478,BASE,True
7198,2026-10-08,772.0,98802879.0701294,74,-0.05076209141644794,-0.016523423027294593,-0.06865118621640798,2.073738736777957,11.369465367410788,,,,PRICE ONLY,,,,,ＳＢＩアルヒ,SBI ARUHI Corporation,プライム,,その他金融業,金融（除く銀行）,True,True,55.15580736543909,35.0,50.95244050106206,BASE,True
9502,2026-10-08,2640.5,10368241247.406006,74,-0.10164635086357665,-0.17738448668103723,-0.17738448668103723,1.5471712963743796,25.427446146061605,,,,PRICE ONLY,,,,,中部電力,"Chubu Electric Power Company,Incorporated",プライム,,電気･ガス業,電気・ガス,True,True,96.60056657223795,35.0,50.94409887210617,BASE,True
4564,2026-10-08,20.0,3797374600.0,74,-0.09090909090909094,0.05263157894736836,-0.13043478260869568,1.3974669574123844,61.67181953896508,,,,PRICE ONLY,,,,,オンコセラピー・サイエンス,"OncoTherapy Science,Inc.",グロース,,医薬品,医薬品,True,True,92.09631728045325,35.0,50.93922009669796,BASE,True
6905,2026-10-08,1445.0,472065240.0,74,0.06957809030347883,0.06957809030347883,-0.062905317769131,0.7499615798370985,38.06821108803486,,,,PRICE ONLY,,,,,コーセル,"COSEL CO.,LTD.",プライム,,電気機器,電機・精密,True,True,75.07082152974505,35.0,50.914543678247426,BASE,True
7715,2026-10-08,4405.0,355534980.8569336,74,0.06155756942119628,0.1392324579417874,-0.06287003323787288,0.8960882302257454,39.69636758982695,,,,PRICE ONLY,,,,,長野計器,"NAGANO KEIKI CO.,LTD.",プライム,,精密機器,電機・精密,True,True,71.52974504249292,35.0,50.90666350992799,BASE,True
4063,2026-10-08,6121.0,39783639070.268555,74,0.0557113545280572,-0.12380473630773658,-0.20128367453875595,0.7665220523870943,24.256169276594015,,,,PRICE ONLY,,,,,信越化学工業,"Shin-Etsu Chemical Co.,Ltd.",プライム,,化学,素材・化学,True,True,99.26345609065156,35.0,50.89074620487763,BASE,True
8303,2026-10-08,1448.0,5162762578.544922,74,-0.07873718664330709,0.01178961048199656,-0.1099712275440049,1.178083418371679,36.40363256983474,,,,PRICE ONLY,,,,,ＳＢＩ新生銀行,"SBI Shinsei Bank,Limited",プライム,,銀行業,銀行,True,True,93.62606232294618,35.0,50.8650001498307,BASE,True
4665,2026-10-08,4601.0,576900466.5576172,74,0.010659665834465093,0.04067695565217755,-0.023438476460684088,0.7764961215385233,12.896249318196668,,,,PRICE ONLY,,,,,ダスキン,"DUSKIN CO.,LTD.",プライム,,サービス業,情報通信・サービスその他,True,True,77.62039660056658,35.0,50.86396771210338,BASE,True
6436,2026-10-08,3753.0,1148510704.6240234,74,-0.0354824984952441,0.016270871440573265,-0.05745221451352922,0.9977062271684649,10.796361372392905,,,,PRICE ONLY,,,,,アマノ,Amano Corporation,プライム,,機械,機械,True,True,83.65439093484419,35.0,50.85803706704149,BASE,True
3865,2026-10-08,849.0,195961396.11328125,74,-0.032164793688524984,0.0027628933460883687,-0.09898187660159674,1.8026425425544579,19.624064346275905,,,,PRICE ONLY,,,,,北越コーポレーション,Hokuetsu Corporation,プライム,,パルプ・紙,素材・化学,True,True,63.00283286118981,35.0,50.85800341610922,BASE,True
8252,2026-10-08,2745.5,2767524531.279297,74,-0.020517830291357897,-0.04997841122680413,-0.09172412261306939,0.8910077099688193,14.757568772689222,,,,PRICE ONLY,,,,,丸井グループ,"MARUI GROUP CO.,LTD.",プライム,,小売業,小売,True,True,90.14164305949008,35.0,50.843401369156936,BASE,True
3659,2026-10-08,2600.0,10008912109.423828,74,-0.014516759627908216,0.32483334774325123,-0.061869187940205794,0.5221006849597305,22.646802809928214,,,,PRICE ONLY,,,,,ネクソン,"NEXON Co.,Ltd.",プライム,,情報･通信業,情報通信・サービスその他,True,True,96.51558073654391,35.0,50.834845108883925,BASE,True
1783,2026-10-08,70.0,330197665.0,74,0.25,0.37254901960784315,-0.125,0.295352547245889,109.46702987699055,,,,PRICE ONLY,,,,,ｆａｎｔａｓｉｓｔａ,"Fantasista Co.,Ltd.",スタンダード,,不動産業,不動産,True,True,70.70821529745042,35.0,50.829143059490086,BASE,True
6340,2026-10-08,5680.0,328937450.0,74,0.06168224299065428,0.3148148148148149,-0.030716723549488067,0.7520308181894314,33.19469016134378,,,,PRICE ONLY,,,,,澁谷工業,SHIBUYA CORPORATION,プライム,,機械,機械,True,True,70.62322946175638,35.0,50.81423473412584,BASE,True
3104,2026-10-08,3625.0,524219295.7458496,74,0.08298077621596822,-0.05500521376433787,-0.18233743119144807,1.2039731112671817,29.955188117715494,,,,PRICE ONLY,,,,,富士紡ホールディングス,"Fujibo Holdings,Inc.",プライム,,繊維製品,素材・化学,True,True,76.51558073654391,35.0,50.8082160361059,BASE,True
6977,2026-10-08,1897.0,87680495.0,74,0.355,0.19760101010101017,-0.02115583075335392,0.48213894367740523,108.82830668172087,,,,PRICE ONLY,,,,,日本抵抗器製作所,"JAPAN RESISTOR MFG. CO.,LTD.",スタンダード,,電気機器,電機・精密,True,True,53.626062322946176,35.0,50.78764796510523,BASE,True
4052,2026-10-08,999.0,3843800025.0,74,0.1964071856287426,3.269230769230769,-0.2544776119402985,0.2340210595760253,188.01521945988705,,,,PRICE ONLY,,,,,フィーチャ,Ficha Inc.,グロース,,情報･通信業,情報通信・サービスその他,True,True,92.1529745042493,35.0,50.78689030577562,BASE,True
6418,2026-10-08,1230.0,172974650.4248047,74,0.02166377473624581,0.1794348962509409,-0.03944797543710332,1.2696069385495479,21.61546876691395,,,,PRICE ONLY,,,,,日本金銭機械,"JAPAN CASH MACHINE CO.,LTD.",プライム,,機械,機械,True,True,61.5014164305949,35.0,50.78455214189092,BASE,True
4403,2026-10-08,2538.0,2279434917.65625,74,-0.01872082776098416,-0.07514661504298814,-0.09450930559072335,0.9278309969941287,18.20719329140279,,,,PRICE ONLY,,,,,日油,NOF CORPORATION,プライム,,化学,素材・化学,True,True,88.75354107648725,35.0,50.78236262127844,BASE,True
3696,2026-10-08,2223.0,271476000.0,74,0.0,0.041705716963448936,-0.04796573875803001,1.2425206874602164,43.60735139357398,,,,PRICE ONLY,,,,,セレス,CERES INC.,プライム,,情報･通信業,情報通信・サービスその他,True,True,67.47875354107649,35.0,50.77985925783791,BASE,True
6146,2026-10-08,61140.0,93652600542.7539,74,0.07318972291716141,-0.14231868721031316,-0.30681745711188113,1.1599294834258167,48.8410804669125,,,,PRICE ONLY,,,,,ディスコ,DISCO CORPORATION,プライム,,機械,機械,True,True,99.74504249291785,35.0,50.77919010339841,BASE,True
3360,2026-10-08,2450.0,557073197.5,74,0.024033437826541215,0.07644991212653784,-0.05185758513931893,0.8494440979763876,13.44716965300951,,,,PRICE ONLY,,,,,シップヘルスケアホールディングス,"SHIP HEALTHCARE HOLDINGS,INC.",プライム,,卸売業,商社・卸売,True,True,77.08215297450425,35.0,50.77754712319698,BASE,True
6736,2026-10-08,9620.0,375786850.0,74,0.05021834061135366,-0.11336405529953919,-0.15167548500881833,1.3486754080813488,66.96003424139305,,,,PRICE ONLY,,,,,サン電子,SUNCORPORATION,スタンダード,,電気機器,電機・精密,True,True,72.15297450424929,35.0,50.77360651289962,BASE,True
6088,2026-10-08,592.0,249785265.0,74,0.0822669104204754,0.03859649122807007,-0.05128205128205132,0.8684979544126242,16.15369297947099,,,,PRICE ONLY,,,,,シグマクシス・ホールディングス,SIGMAXYZ Holdings Inc.,プライム,,サービス業,情報通信・サービスその他,True,True,66.34560906515581,35.0,50.77254510448401,BASE,True
6862,2026-10-08,4995.0,1288834698.737793,74,0.08384563811293289,1.5447289199990473,-0.11806582383507602,0.6365201176217457,89.91841042776976,,,,PRICE ONLY,,,,,ミナトホールディングス,MINATO HOLDINGS INC.,スタンダード,,電気機器,電機・精密,True,True,84.64589235127478,35.0,50.76973804839385,BASE,True
5480,2026-10-08,5180.0,284696044.3701172,74,-0.02814258911819889,0.07676261536843798,-0.07084282206758807,1.479704442951732,17.787010092220182,,,,PRICE ONLY,,,,,日本冶金工業,"Nippon Yakin kogyo Co.,Ltd.",プライム,,鉄鋼,鉄鋼・非鉄,True,True,68.04532577903683,35.0,50.76600476471262,BASE,True
3539,2026-10-08,1444.0,226018220.0,74,0.07042253521126751,0.14930085420925399,-0.04053156146179404,0.9164302858389701,32.9986976033004,,,,PRICE ONLY,,,,,ＪＭホールディングス,"JM HOLDINGS CO.,LTD.",プライム,,小売業,小売,True,True,64.98583569405099,35.0,50.76343736128134,BASE,True
5834,2026-10-08,2640.0,106693217.47680664,74,-0.044128137661162525,0.018647758439675588,-0.08478957279786714,2.293233082706767,19.90911537612209,,,,PRICE ONLY,,,,,ＳＢＩリーシングサービス,"SBI Leasing Services Co.,Ltd.",グロース,,証券･商品先物取引業,金融（除く銀行）,True,True,55.69405099150142,35.0,50.76304150541546,BASE,True
9006,2026-10-08,1516.5,1573897276.7736816,74,-0.0026988500325164644,-0.003344522925533777,-0.06791738962176852,0.7925240537406417,12.451385699822906,,,,PRICE ONLY,,,,,京浜急行電鉄,Keikyu Corporation,プライム,,陸運業,運輸・物流,True,True,86.09065155807365,35.0,50.76130064892049,BASE,True
7270,2026-10-08,2544.5,9033284919.125977,74,-0.0146260210035557,0.04556149560949874,-0.08657895938449889,0.6447428272992234,23.222817983437807,,,,PRICE ONLY,,,,,ＳＵＢＡＲＵ,SUBARU CORPORATION,プライム,,輸送用機器,自動車・輸送機,True,True,96.09065155807366,35.0,50.76065987920571,BASE,True
4419,2026-10-08,1494.0,599686790.0,74,0.07870036101083033,0.0006697923643670389,-0.12784588441331002,0.9091873666340498,47.10563984047474,,,,PRICE ONLY,,,,,Ｆｉｎａｔｅｘｔホールディングス,Finatext Holdings Ltd.,グロース,,情報･通信業,情報通信・サービスその他,True,True,77.96033994334277,35.0,50.75614775745335,BASE,True
3401,2026-10-08,1640.5,1045466231.3812256,74,-0.02280975092038484,-0.009734083025681572,-0.08759881704690808,1.0848720880948763,26.124343274724126,,,,PRICE ONLY,,,,,帝人,TEIJIN LIMITED,プライム,,繊維製品,素材・化学,True,True,82.91784702549575,35.0,50.74656364491301,BASE,True
6923,2026-10-08,3503.0,1582574669.765625,74,-0.03140904338509132,0.015293345107895817,-0.03534747232226221,0.776454768256447,26.681867944175018,,,,PRICE ONLY,,,,,スタンレー電気,"Stanley Electric Co.,Ltd.",プライム,,電気機器,電機・精密,True,True,86.1473087818697,35.0,50.73967634964503,BASE,True
4617,2026-10-08,3610.0,617716866.9580078,74,0.008536839392805584,0.03857836045971608,-0.03784792183086971,0.8174557900741586,25.842077811473928,,,,PRICE ONLY,,,,,中国塗料,"Chugoku Marine Paints,Ltd.",プライム,,化学,素材・化学,True,True,78.328611898017,35.0,50.73758563310977,BASE,True
7611,2026-10-08,2946.0,516012700.0,74,-0.016360601001669473,0.07869912640755095,-0.04195121951219516,1.0315351738477532,17.507132784097568,,,,PRICE ONLY,,,,,ハイデイ日高,HIDAY HIDAKA Corp.,プライム,,小売業,小売,True,True,76.11898016997168,35.0,50.73587147687101,BASE,True
1301,2026-10-08,4465.0,156702800.0,74,-0.034594594594594574,-0.011074197120708784,-0.06687565308254961,1.7148097203117836,14.308487666753825,,,,PRICE ONLY,,,,,極洋,"KYOKUYO CO.,LTD.",プライム,,水産・農林業,食品,True,True,60.48158640226629,35.0,50.728346780772384,BASE,True
2379,2026-10-08,1769.0,396200180.0,74,-0.018312985571587115,-0.02878647098593301,-0.047140094980584024,1.1605496126890447,17.241047724794107,,,,PRICE ONLY,,,,,ディップ,dip Corporation,プライム,,サービス業,情報通信・サービスその他,True,True,72.86118980169972,35.0,50.7088323098959,BASE,True
8097,2026-10-08,2369.0,306110494.7570801,74,0.0056426701356351305,0.12392611716189039,-0.03181220511872873,1.063293166259658,15.246615386337096,,,,PRICE ONLY,,,,,三愛オブリ,"SAN-AI OBBLI CO.,LTD.",プライム,,卸売業,商社・卸売,True,True,69.4900849858357,35.0,50.70572822480891,BASE,True
7721,2026-10-08,6840.0,2011075100.0,74,-0.07191316146540028,0.06542056074766345,-0.12082262210796912,1.3496729624458,54.29008000711111,,,,PRICE ONLY,,,,,東京計器,TOKYO KEIKI INC.,プライム,,精密機器,電機・精密,True,True,87.6770538243626,35.0,50.700424998140846,BASE,True
7366,2026-10-08,1974.0,162874150.0,74,0.09484193011647246,0.19130959565479788,-0.007541478129713397,0.7469494811266963,19.251917761319902,,,,PRICE ONLY,,,,,ＬＩＴＡＬＩＣＯ,LITALICO Inc.,プライム,,サービス業,情報通信・サービスその他,True,True,60.73654390934844,35.0,50.69312107796818,BASE,True
6753,2026-10-08,622.4000244140625,2576903165.6610107,74,-0.0235331023305011,-0.03817022423700389,-0.09600577427151413,0.9181757506031575,33.985292003173136,,,,PRICE ONLY,,,,,シャープ,Sharp Corporation,プライム,,電気機器,電機・精密,True,True,89.68838526912182,35.0,50.69133564745164,BASE,True
2004,2026-10-08,3705.0,212523784.32373047,74,-0.013783921063617699,0.07625577641548764,-0.05219187748284937,1.420704845814978,16.44177169672542,,,,PRICE ONLY,,,,,昭和産業,"Showa Sangyo Co.,Ltd.",プライム,,食料品,食品,True,True,64.07932011331445,35.0,50.67792587343658,BASE,True
7606,2026-10-08,2404.0,463031418.38256836,74,0.023338490842442106,-0.012335197938005193,-0.06752049710098296,0.9840229622291651,18.339039050741977,,,,PRICE ONLY,,,,,ユナイテッドアローズ,UNITED ARROWS LTD.,プライム,,小売業,小売,True,True,74.73087818696884,35.0,50.67161320154713,BASE,True
9409,2026-10-08,2972.0,906278635.8325195,74,-0.02862951939419567,-0.058890324607643985,-0.07615840187468326,1.0831208567057624,16.84798899147335,,,,PRICE ONLY,,,,,テレビ朝日ホールディングス,TV Asahi Holdings Corporation,プライム,,情報･通信業,情報通信・サービスその他,True,True,81.72804532577904,35.0,50.669207003037464,BASE,True
3636,2026-10-08,4840.0,175496828.06640625,74,-0.007179487179487132,0.05560343647888821,-0.0566303318009147,1.4800169467589324,17.26640510093117,,,,PRICE ONLY,,,,,三菱総合研究所,"Mitsubishi Research Institute,Inc.",プライム,,情報･通信業,情報通信・サービスその他,True,True,61.614730878186975,35.0,50.662610000537185,BASE,True
4631,2026-10-08,4999.0,2500023000.0,74,0.02417537389879132,0.07113777587315195,-0.11911894273127754,0.7895651847048762,30.53951559553193,,,,PRICE ONLY,,,,,ＤＩＣ,DIC Corporation,プライム,,化学,素材・化学,True,True,89.40509915014164,35.0,50.6618158610624,BASE,True
5844,2026-10-08,4599.0,4625509546.90918,74,-0.059293439759786404,-0.028408679461324637,-0.08737966615955595,0.9522671170585942,27.07061690946207,,,,PRICE ONLY,,,,,京都フィナンシャルグループ,"Kyoto Financial Group,Inc.",プライム,,銀行業,銀行,True,True,93.08781869688386,35.0,50.65277791115106,BASE,True
7296,2026-10-08,4085.0,506523713.34594727,74,0.0033700606519768694,0.19771002781220437,-0.01787783343526994,0.8073991743410607,21.240655827894265,,,,PRICE ONLY,,,,,エフ・シー・シー,"F.C.C.CO.,LTD.",プライム,,輸送用機器,自動車・輸送機,True,True,75.83569405099149,35.0,50.64383913198878,BASE,True
6469,2026-10-08,2729.0,366210855.0,74,-0.07365919891378137,-0.08514917867918204,-0.15641421947449763,3.406688143745179,50.23203751968065,,,,PRICE ONLY,,,,,放電精密加工研究所,"HODEN SEIMITSU KAKO KENKYUSHO CO.,LTD.",スタンダード,,機械,機械,True,True,71.78470254957507,35.0,50.640877271378486,BASE,True
1820,2026-10-08,5111.0,762986521.0253906,74,-0.06701088818635881,-0.03541635219847594,-0.09013611370169305,1.3923320841741136,19.96724046304565,,,,PRICE ONLY,,,,,西松建設,"Nishimatsu Construction Co.,Ltd.",プライム,,建設業,建設・資材,True,True,80.02832861189802,35.0,50.62046356470303,BASE,True
3050,2026-10-08,1518.0,528252930.0,74,-0.0386320455984801,0.025802841736757953,-0.06354102405922268,1.2197303977315805,14.887302393820729,,,,PRICE ONLY,,,,,ＤＣＭホールディングス,"DCM Holdings Co.,Ltd.",プライム,,小売業,小売,True,True,76.54390934844193,35.0,50.61023110450249,BASE,True
1941,2026-10-08,5040.0,414325757.1484375,74,-0.02128238981139674,-0.019403832429807366,-0.1005446705203017,1.3985662180857754,12.736899333483665,,,,PRICE ONLY,,,,,中電工,CHUDENKO CORPORATION,プライム,,建設業,建設・資材,True,True,73.54107648725213,35.0,50.59413016591218,BASE,True
9044,2026-10-08,3069.0,2136992627.1777344,74,-0.0020297405779254873,0.04267558009117689,-0.04571395386176291,0.5912644018819694,18.813245619840433,,,,PRICE ONLY,,,,,ＮＡＮＫＡＩ,"NANKAI Co.,Ltd.",プライム,,陸運業,運輸・物流,True,True,88.21529745042494,35.0,50.58905137278577,BASE,True
9843,2026-10-08,3116.0,11905310796.09253,74,-0.025834980967233356,0.29139110773929944,-0.07638128843545877,0.6022607743870331,35.29409544609209,,,,PRICE ONLY,,,,,ニトリホールディングス,"Nitori Holdings Co.,Ltd.",プライム,,小売業,小売,True,True,96.91218130311616,35.0,50.58886924922209,BASE,True
5911,2026-10-08,2828.0,289249108.5144043,74,-0.023578947013498053,0.0052891970114583575,-0.04927421468294435,1.3163203550534597,11.726223314406653,,,,PRICE ONLY,,,,,横河ブリッジホールディングス,Yokogawa Bridge Holdings Corp.,プライム,,金属製品,建設・資材,True,True,68.30028328611898,35.0,50.585216482778854,BASE,True
7172,2026-10-08,2119.0,290139140.0,74,-0.00563115908024403,0.021204819277108378,-0.01943544655252194,1.076470588235294,14.68952512242675,,,,PRICE ONLY,,,,,ジャパンインベストメントアドバイザー,"Japan Investment Adviser Co.,Ltd.",プライム,,証券･商品先物取引業,金融（除く銀行）,True,True,68.356940509915,35.0,50.58266217546249,BASE,True
4521,2026-10-08,3740.0,410939072.3864746,74,-0.015915165029548817,0.0007860451892363063,-0.05123503248051442,1.1319692134409611,13.697524183487847,,,,PRICE ONLY,,,,,科研製薬,"KAKEN PHARMACEUTICAL CO.,LTD.",プライム,,医薬品,医薬品,True,True,73.39943342776203,35.0,50.575070561386134,BASE,True
4183,2026-10-08,2116.5,5338128889.472656,74,-0.03399800229366279,0.025041871640144597,-0.0710558106910002,0.7085059035640396,35.95567664513536,,,,PRICE ONLY,,,,,三井化学,"Mitsui Chemicals,Inc.",プライム,,化学,素材・化学,True,True,93.8243626062323,35.0,50.57280938081411,BASE,True
8070,2026-10-08,980.0,104494425.48919678,74,0.02600555294628837,0.2142519911377101,-0.037254902431062775,1.3819688719703176,22.536002141192157,,,,PRICE ONLY,,,,,東京産業,"TOKYO SANGYO CO.,LTD.",プライム,,卸売業,商社・卸売,True,True,55.580736543909346,35.0,50.56963156059005,BASE,True
6454,2026-10-08,1895.0,483770455.0,74,-0.004726890756302504,0.08409610983981697,-0.023195876288659822,0.8788717239259088,18.74181571795141,,,,PRICE ONLY,,,,,マックス,"MAX CO.,LTD.",プライム,,機械,機械,True,True,75.29745042492918,35.0,50.56222791537056,BASE,True
6599,2026-10-08,4115.0,51255225.0,74,0.039141414141414144,0.35361842105263164,-0.09758771929824561,1.8776194467728415,46.52410518366975,,,,PRICE ONLY,,,,,エブレン,"EBRAINS,INC.",スタンダード,,電気機器,電機・精密,True,True,46.54390934844193,35.0,50.55615912249617,BASE,True
2158,2026-10-08,675.0,137509920.0,74,0.06803797468354422,0.09400324149108585,-0.03982930298719778,1.0726008882023557,33.714628455013745,,,,PRICE ONLY,,,,,ＦＲＯＮＴＥＯ,"FRONTEO,Inc.",グロース,,サービス業,情報通信・サービスその他,True,True,59.008498583569406,35.0,50.55017432774813,BASE,True
9424,2026-10-08,119.0,259579940.0,74,-0.008333333333333304,0.072072072072072,-0.024590163934426257,1.1540135518364616,25.411744396590326,,,,PRICE ONLY,,,,,日本通信,Japan Communications Inc.,プライム,,情報･通信業,情報通信・サービスその他,True,True,66.88385269121812,35.0,50.54482341309404,BASE,True
6113,2026-10-08,2580.5,5509323770.493164,74,0.020081452270492406,-0.12283264793015547,-0.18313792541679585,0.9624707314154366,35.83654241937817,,,,PRICE ONLY,,,,,アマダ,"AMADA CO.,LTD.",プライム,,機械,機械,True,True,94.10764872521247,35.0,50.53404945627833,BASE,True
2269,2026-10-08,4176.0,4420582515.166016,74,-0.03217816404128193,0.10050711779261579,-0.06902524472729266,0.7068651501635445,18.032200070040478,,,,PRICE ONLY,,,,,明治ホールディングス,"Meiji Holdings Co.,Ltd.",プライム,,食料品,食品,True,True,92.94617563739376,35.0,50.514621479230954,BASE,True
8595,2026-10-08,2215.0,840148553.0322266,74,-0.0029129110482358778,-0.031074450033101608,-0.05397666723807781,0.846872677073378,8.742851055010053,,,,PRICE ONLY,,,,,ジャフコ　グループ,"JAFCO Group Co.,Ltd.",プライム,,証券･商品先物取引業,金融（除く銀行）,True,True,80.79320113314448,35.0,50.50986896213151,BASE,True
2811,2026-10-08,2678.5,918259752.5,74,-0.014713996689350695,-0.010345464622205758,-0.06493279804503405,0.9248606465997771,15.935491708899663,,,,PRICE ONLY,,,,,カゴメ,"KAGOME CO.,LTD.",プライム,,食料品,食品,True,True,81.98300283286119,35.0,50.50706619713893,BASE,True
3023,2026-10-08,1999.0,52902772.48413086,74,0.0027972836465213202,0.12579226084368034,-0.04900095147478589,1.8058058058058057,18.613278995005167,,,,PRICE ONLY,,,,,ラサ商事,Rasa Corporation,スタンダード,,卸売業,商社・卸売,True,True,47.02549575070821,35.0,50.50670427665435,BASE,True
5929,2026-10-08,3464.0,2269698192.0446777,74,-0.013306499562931284,-0.049624918323993294,-0.10516161562968174,0.9109718387215697,20.70562878808944,,,,PRICE ONLY,,,,,三和ホールディングス,Sanwa Holdings Corporation,プライム,,金属製品,建設・資材,True,True,88.69688385269122,35.0,50.49807082141688,BASE,True
4722,2026-10-08,2426.0,1537077130.0,74,-0.00817661488143906,0.3776263486655309,-0.010199918400652819,0.1584084608754397,3.7201888239535146,,,,PRICE ONLY,,,,,フューチャー,Future Corporation,プライム,,情報･通信業,情報通信・サービスその他,True,True,86.03399433427762,35.0,50.48781758004211,BASE,True
6395,2026-10-08,1301.0,399230620.0,74,-0.0889355742296919,0.013239875389408073,-0.10151933701657456,1.7452168197402782,28.74258325611505,,,,PRICE ONLY,,,,,タダノ,TADANO LTD.,プライム,,機械,機械,True,True,73.08781869688386,35.0,50.46326820625528,BASE,True
9501,2026-10-08,514.5999755859375,18328147962.695618,74,-0.08758869576961437,0.07409720106484752,-0.10519910027532153,0.998035953277329,35.50515261309137,,,,PRICE ONLY,,,,,東京電力ホールディングス,"Tokyo Electric Power Company Holdings,Incorporated",プライム,,電気･ガス業,電気・ガス,True,True,98.18696883852691,35.0,50.42847884231475,BASE,True
9509,2026-10-08,1087.0,2291461325.428467,74,-0.03291195274762593,0.13124504865341158,-0.05810077186474105,0.7692871896671248,25.884932293150737,,,,PRICE ONLY,,,,,北海道電力,"Hokkaido Electric Power Company,Incorporated",プライム,,電気･ガス業,電気・ガス,True,True,88.78186968838527,35.0,50.42779411755425,BASE,True
7981,2026-10-08,2962.0,281501686.54052734,74,-0.02996359670619353,-0.0109120981376305,-0.0787611321675935,1.4822145252625214,12.31371021215975,,,,PRICE ONLY,,,,,タカラスタンダード,"TAKARA STANDARD CO.,LTD.",プライム,,その他製品,情報通信・サービスその他,True,True,67.84702549575071,35.0,50.42329896600305,BASE,True
7613,2026-10-08,1633.0,274852060.0,74,0.021902377972465636,0.24277016742770163,-0.025656324582338907,0.9576563972246809,27.723012395772184,,,,PRICE ONLY,,,,,シークス,SIIX CORPORATION,プライム,,卸売業,商社・卸売,True,True,67.64872521246458,35.0,50.39075295793027,BASE,True
2802,2026-10-08,5293.0,14963566169.28711,74,0.01926924656231388,-0.07016849665404168,-0.1385317759499678,0.6235185011308397,23.62871554195504,,,,PRICE ONLY,,,,,味の素,"Ajinomoto Co.,Inc.",プライム,,食料品,食品,True,True,97.56373937677054,35.0,50.38743885617937,BASE,True
3837,2026-10-08,1358.0,122260938.13476562,74,0.008218832452167035,-0.07664125827442436,-0.09891265943954519,1.6789563244469654,27.407108044003202,,,,PRICE ONLY,,,,,アドソル日進,Ad-Sol Nissin Corporation,プライム,,情報･通信業,情報通信・サービスその他,True,True,57.6770538243626,35.0,50.35510384680804,BASE,True
4008,2026-10-08,1480.0,240114085.31433105,74,0.01601748358316235,0.1881428359333006,-0.033259685874144074,1.0658478749923999,27.108063799390457,,,,PRICE ONLY,,,,,住友精化,"Sumitomo Seika Chemicals Company,Limited.",プライム,,化学,素材・化学,True,True,66.0056657223796,35.0,50.33454052874781,BASE,True
9684,2026-10-08,2795.0,3251249630.789795,74,-0.018786188104606416,0.08159952837229878,-0.1103578479312396,0.8643170351998644,21.573700355830503,,,,PRICE ONLY,,,,,スクウェア・エニックス・ホールディングス,"SQUARE ENIX HOLDINGS CO.,LTD.",プライム,,情報･通信業,情報通信・サービスその他,True,True,91.21813031161473,35.0,50.334535504208354,BASE,True
6962,2026-10-08,852.0,287181009.96795654,74,0.1292037336806786,0.046013630010271145,-0.12071140954393633,0.8438830788840929,53.989955290271894,,,,PRICE ONLY,,,,,大真空,DAISHINKU CORP.,プライム,,電気機器,電機・精密,True,True,68.18696883852691,35.0,50.329526257235145,BASE,True
3825,2026-10-08,245.0,250514480.0,74,0.047008547008547064,0.26943005181347157,-0.07547169811320753,1.0964828476490958,39.9412587548192,,,,PRICE ONLY,,,,,リミックスポイント,"Remixpoint,inc.",スタンダード,,小売業,小売,True,True,66.43059490084985,35.0,50.31441986373013,BASE,True
3405,2026-10-08,1806.5,2711578107.5,74,-0.0027601435274634545,0.06830277942046137,-0.07572269122537734,0.649758604120564,22.079298542557684,,,,PRICE ONLY,,,,,クラレ,"KURARAY CO.,LTD.",プライム,,化学,素材・化学,True,True,89.88668555240793,35.0,50.312963990280885,BASE,True
3997,2026-10-08,440.0,88525955.0,74,0.1282051282051282,0.2359550561797752,0.0,0.6876608258791814,30.854412589333286,,,,PRICE ONLY,,,,,トレードワークス,"TRADE WORKS Co.,Ltd",スタンダード,,情報･通信業,情報通信・サービスその他,True,True,53.85269121813031,35.0,50.31007195461548,BASE,True
8425,2026-10-08,1251.0,769770434.7735596,74,-0.0678224675317588,-0.026550508429755038,-0.08455210621426335,1.3173862412552206,16.220832311242265,,,,PRICE ONLY,,,,,みずほリース,"Mizuho Leasing Company,Limited",プライム,,その他金融業,金融（除く銀行）,True,True,80.1416430594901,35.0,50.29714216721372,BASE,True
6902,2026-10-08,1826.0,14057703226.843872,74,-0.03378854616445126,-0.03428968742515204,-0.15675295880170081,0.9775210300498552,18.121388825852943,,,,PRICE ONLY,,,,,デンソー,DENSO CORPORATION,プライム,,輸送用機器,自動車・輸送機,True,True,97.36543909348441,35.0,50.29648289424041,BASE,True
6750,2026-10-08,1950.0,358935397.7832031,74,-0.01540537052288471,0.0946600238579749,-0.034626338014337676,1.058618165437243,19.629861527234866,,,,PRICE ONLY,,,,,エレコム,"ELECOM CO.,LTD.",プライム,,電気機器,電機・精密,True,True,71.58640226628896,35.0,50.28071858135073,BASE,True
1719,2026-10-08,1715.0,1416640339.6154785,74,-0.07796249589245685,-0.03853325076385772,-0.10479050195853845,1.3043735574362312,21.081490704778876,,,,PRICE ONLY,,,,,安藤・間,HAZAMA ANDO CORPORATION,プライム,,建設業,建設・資材,True,True,85.4957507082153,35.0,50.275806494585964,BASE,True
5214,2026-10-08,5219.0,2869730380.0,74,0.08143389970990467,-0.12359361880772457,-0.23181573660188892,0.9582580256476461,24.94468090526862,,,,PRICE ONLY,,,,,日本電気硝子,"Nippon Electric Glass Co.,Ltd.",プライム,,ガラス･土石製品,建設・資材,True,True,90.33994334277621,35.0,50.27390729479394,BASE,True
8111,2026-10-08,2152.5,1098134425.423584,74,0.03979915029479275,-0.031760369301256475,-0.09821215330712518,0.7315845936221317,17.994414384130867,,,,PRICE ONLY,,,,,ゴールドウイン,Goldwin Inc.,プライム,,繊維製品,素材・化学,True,True,83.25779036827196,35.0,50.26095982066565,BASE,True
3563,2026-10-08,5390.0,14272562677.321777,74,-0.05362504494516307,0.11574678141997463,-0.10407744785049022,0.8151084568918177,37.80725950387486,,,,PRICE ONLY,,,,,ＦＯＯＤ　＆　ＬＩＦＥ　ＣＯＭＰＡＮＩＥＳ,FOOD & LIFE COMPANIES LTD.,プライム,,小売業,小売,True,True,97.42209631728045,35.0,50.256909427569305,BASE,True
2897,2026-10-08,2871.5,3263518008.203125,74,-0.008447656941751758,0.0035358542239340984,-0.06159516783501218,0.5605225165678106,18.64283282481085,,,,PRICE ONLY,,,,,日清食品ホールディングス,"NISSIN FOODS HOLDINGS CO.,LTD.",プライム,,食料品,食品,True,True,91.24645892351275,35.0,50.254155464418574,BASE,True
8075,2026-10-08,2990.0,164148417.91137695,74,-0.014329479436156811,0.25074846026290043,-0.05379746835443033,1.4615987460815048,15.57902874424903,,,,PRICE ONLY,,,,,神鋼商事,Shinsho Corporation,プライム,,卸売業,商社・卸売,True,True,60.934844192634564,35.0,50.25077012926402,BASE,True
2432,2026-10-08,2481.5,2623489700.0,74,-0.031798673429574764,-0.02705351891785923,-0.06868080315256142,0.7579443369663073,23.417689022944028,,,,PRICE ONLY,,,,,ディー・エヌ・エー,"DeNA Co.,Ltd.",プライム,,情報･通信業,情報通信・サービスその他,True,True,89.80169971671388,35.0,50.25045966497925,BASE,True
6481,2026-10-08,6491.0,6661482565.0,74,-0.0026121696373694325,-0.12331172339276064,-0.19783264159688507,1.0764330286581565,43.7383192213057,,,,PRICE ONLY,,,,,ＴＨＫ,"THK CO.,LTD.",プライム,,機械,機械,True,True,95.04249291784703,35.0,50.22512163039616,BASE,True
9110,2026-10-08,10520.0,876392050.0,74,0.0019047619047618536,0.5425219941348973,0.0,0.23186369225364484,1.1614320896142318,,,,PRICE ONLY,,,,,ＮＳユナイテッド海運,"NS United Kaiun Kaisha,Ltd.",プライム,,海運業,運輸・物流,True,True,81.33144475920679,35.0,50.22445221714748,BASE,True
4847,2026-10-08,1517.0,120173810.0,74,0.10487982520029138,0.5934873949579831,-0.014294996751137101,0.7538424005855087,23.737521392799955,,,,PRICE ONLY,,,,,インテリジェント　ウェイブ,INTELLIGENT WAVE INC.,プライム,,情報･通信業,情報通信・サービスその他,True,True,57.422096317280456,35.0,50.200851403624185,BASE,True
2820,2026-10-08,6700.0,109654900.0,74,0.01823708206686936,0.4179894179894179,-0.00887573964497046,1.2103578702356705,33.52682798031723,,,,PRICE ONLY,,,,,やまみ,Yamami Company,スタンダード,,食料品,食品,True,True,56.17563739376771,35.0,50.20051360320342,BASE,True
2767,2026-10-08,2393.0,1050187009.5727539,74,0.00424834863568746,0.7217694737540121,-0.07711613858141975,0.8117238538049556,26.996446141325674,,,,PRICE ONLY,,,,,円谷フィールズホールディングス,TSUBURAYA FIELDS HOLDINGS INC.,プライム,,卸売業,商社・卸売,True,True,82.94617563739376,35.0,50.19963445931541,BASE,True
7711,2026-10-08,4830.0,470360640.94970703,74,-0.07161526633819781,0.047562455779430524,-0.14516694791405527,1.7716535433070866,67.24222259265932,,,,PRICE ONLY,,,,,助川電気工業,"SUKEGAWA ELECTRIC CO.,LTD.",スタンダード,,精密機器,電機・精密,True,True,74.95750708215297,35.0,50.188742480628065,BASE,True
1885,2026-10-08,2000.0,835765524.0185547,74,-0.04757010625778524,-0.005229587716722661,-0.0781824395330103,1.1493340608646048,23.54924526561261,,,,PRICE ONLY,,,,,東亜建設工業,TOA CORPORATION,プライム,,建設業,建設・資材,True,True,80.6798866855524,35.0,50.18582386254667,BASE,True
8008,2026-10-08,2091.0,153666965.0,74,-0.007122507122507171,0.03538302374043867,-0.0337338262476895,1.3354037267080745,17.310052079739542,,,,PRICE ONLY,,,,,ヨンドシーホールディングス,YONDOSHI HOLDINGS INC.,プライム,,小売業,小売,True,True,60.31161473087818,35.0,50.18398866983646,BASE,True
8133,2026-10-08,2192.0,266790106.11206055,74,-0.02002424826662441,0.10399255843006472,-0.06295495846015564,1.3346093614059509,17.862011315003535,,,,PRICE ONLY,,,,,伊藤忠エネクス,"ITOCHU ENEX CO.,LTD.",プライム,,卸売業,商社・卸売,True,True,67.28045325779037,35.0,50.180428398977476,BASE,True
4212,2026-10-08,2918.0,165362673.77319336,74,0.01079796705943492,0.10792493406934645,-0.018224989175701478,1.1436870291367887,21.827288288526407,,,,PRICE ONLY,,,,,積水樹脂,Sekisui Jushi Corporation,プライム,,化学,素材・化学,True,True,61.01983002832861,35.0,50.165973874690835,BASE,True
6479,2026-10-08,3680.0,9805576340.13916,74,0.07013062692033167,-0.1507521335315345,-0.2925633090807783,1.1136727813694616,34.45226347905461,,,,PRICE ONLY,,,,,ミネベアミツミ,MINEBEA MITSUMI Inc.,プライム,,電気機器,電機・精密,True,True,96.40226628895185,35.0,50.16063336858714,BASE,True
8739,2026-10-08,2603.0,417186261.0205078,74,0.003712797303145443,0.19078477919377157,-0.027279521674140494,0.8427947598253275,22.04800993118733,,,,PRICE ONLY,,,,,スパークス・グループ,"SPARX Group Co.,Ltd.",プライム,,証券･商品先物取引業,金融（除く銀行）,True,True,73.68271954674222,35.0,50.15541090416795,BASE,True
5482,2026-10-08,2818.0,537253836.2915039,74,-0.1162254338256401,-0.05081446376800869,-0.14248916682465973,1.9306945571484386,23.476869229729484,,,,PRICE ONLY,,,,,愛知製鋼,AICHI STEEL CORPORATION,プライム,,鉄鋼,鉄鋼・非鉄,True,True,76.68555240793201,35.0,50.15216140008594,BASE,True
9948,2026-10-08,3520.0,345454475.0,74,-0.0369357045143639,0.0038069404953200436,-0.07490144546649147,1.3562367864693445,17.843188798805567,,,,PRICE ONLY,,,,,アークス,"ARCS COMPANY,LIMITED",プライム,,小売業,小売,True,True,71.21813031161473,35.0,50.14406445872704,BASE,True
1945,2026-10-08,2079.0,292854464.20410156,74,-0.028611392836948024,0.029501880389515733,-0.08330195351480885,1.432041398246911,22.679764125309212,,,,PRICE ONLY,,,,,東京エネシス,TOKYO ENERGY & SYSTEMS INC.,プライム,,建設業,建設・資材,True,True,68.58356940509915,35.0,50.13490481616783,BASE,True
6306,2026-10-08,986.0,87006981.82739258,74,0.008702706320876219,0.05744255933893072,-0.03522504892367906,1.459177764910249,13.981048906017064,,,,PRICE ONLY,,,,,日工,"NIKKO CO.,LTD.",プライム,,機械,機械,True,True,53.45609065155807,35.0,50.13215811831422,BASE,True
3002,2026-10-08,4065.0,720369500.0,74,-0.00974421437271622,0.0074349442379182396,-0.041273584905660354,0.7947320617620345,14.150761956122752,,,,PRICE ONLY,,,,,グンゼ,GUNZE LIMITED,プライム,,繊維製品,素材・化学,True,True,79.74504249291785,35.0,50.13126719383195,BASE,True
4553,2026-10-08,3545.0,388502565.8508301,74,0.0010901438366610616,-0.10177877905104771,-0.15969456149175698,1.5284399339155061,30.611777144255072,,,,PRICE ONLY,,,,,東和薬品,"TOWA PHARMACEUTICAL CO.,LTD.",プライム,,医薬品,医薬品,True,True,72.66288951841359,35.0,50.129004384275234,BASE,True
4592,2026-10-08,869.0,865272120.0,74,-0.07356076759061836,-0.12838515546639917,-0.19012115563839704,1.8039022771863793,58.3746554831887,,,,PRICE ONLY,,,,,サンバイオ,SanBio Company Limited,グロース,,医薬品,医薬品,True,True,81.21813031161473,35.0,50.128144034591614,BASE,True
9505,2026-10-08,1057.5,1224555884.0844727,74,0.003840718803647114,0.17057960448428688,-0.08035239230416791,0.7796340493237868,28.887896898677962,,,,PRICE ONLY,,,,,北陸電力,Hokuriku Electric Power Company,プライム,,電気･ガス業,電気・ガス,True,True,84.22096317280453,35.0,50.12150581057812,BASE,True
6728,2026-10-08,8249.0,3639889060.0,74,0.12583594922887942,-0.1203881424610791,-0.2588499550763702,0.7907773603599885,35.74632745081942,,,,PRICE ONLY,,,,,アルバック,"ULVAC, Inc.",プライム,,電気機器,電機・精密,True,True,91.92634560906515,35.0,50.11839386255441,BASE,True
8877,2026-10-08,4885.0,175730203.80859375,74,-0.04398828492713058,-0.003995772461585445,-0.08257964319525735,1.7123185151923366,19.118231479494955,,,,PRICE ONLY,,,,,エスリード,ESLEAD CORPORATION,プライム,,不動産業,不動産,True,True,61.671388101983005,35.0,50.11725002509326,BASE,True
4182,2026-10-08,3909.0,5200966862.518311,74,0.008420750715963043,-0.14871892045876867,-0.2998907810896757,1.5374972789983712,36.839583969216285,,,,PRICE ONLY,,,,,三菱瓦斯化学,"Mitsubishi Gas Chemical Company,Inc.",プライム,,化学,素材・化学,True,True,93.6827195467422,35.0,50.08831064656566,BASE,True
4927,2026-10-08,1370.5,694154700.0,74,0.012186115214180226,0.03355957767722484,-0.04060203010150509,0.6811978551656053,19.215667726534647,,,,PRICE ONLY,,,,,ポーラ・オルビスホールディングス,POLA ORBIS HOLDINGS INC.,プライム,,化学,素材・化学,True,True,79.43342776203967,35.0,50.085772082556375,BASE,True
8628,2026-10-08,1110.0,1331466476.2469482,74,-0.04407288330326542,0.14672704107594448,-0.06374222022061538,0.9139944130482357,27.107290447998317,,,,PRICE ONLY,,,,,松井証券,"MATSUI SECURITIES CO.,LTD.",プライム,,証券･商品先物取引業,金融（除く銀行）,True,True,85.01416430594901,35.0,50.07296031584846,BASE,True
3034,2026-10-08,2344.0,286800667.94311523,74,0.046137250554203035,0.16317325859126885,-0.10138472140702903,1.1391823610473129,29.32605598697693,,,,PRICE ONLY,,,,,クオールホールディングス,"Qol Holdings Co.,Ltd.",プライム,,小売業,小売,True,True,68.1586402266289,35.0,50.07264607319972,BASE,True
3694,2026-10-08,469.0,92659560.0,74,0.08064516129032251,0.13834951456310685,-0.03696098562628336,1.0584501996110145,34.64358167081681,,,,PRICE ONLY,,,,,オプティム,OPTiM CORPORATION,プライム,,情報･通信業,情報通信・サービスその他,True,True,54.39093484419264,35.0,50.0577903681069,BASE,True
7322,2026-10-08,2150.0,1058467405.0976562,74,0.014324757153624912,0.19397966557614432,-0.063588850174216,0.6696971244700956,48.56690665260605,,,,PRICE ONLY,,,,,三十三フィナンシャルグループ,"San ju San Financial Group,Inc.",プライム,,銀行業,銀行,True,True,83.03116147308782,35.0,50.05490050092809,BASE,True
6455,2026-10-08,2434.0,176648437.7722168,74,0.00012359014938367885,0.020340565748274697,-0.036124133219675336,1.245452600042799,16.251488023422496,,,,PRICE ONLY,,,,,モリタホールディングス,MORITA HOLDINGS CORPORATION,プライム,,輸送用機器,自動車・輸送機,True,True,61.756373937677054,35.0,50.04401897758873,BASE,True
7177,2026-10-08,1107.0,250684726.28723145,74,-0.03997754012495425,0.08246011905511486,-0.08093005758132488,1.5280087423385755,23.29453705904543,,,,PRICE ONLY,,,,,ＧＭＯフィナンシャルホールディングス,"GMO Financial Holdings,Inc.",スタンダード,,証券･商品先物取引業,金融（除く銀行）,True,True,66.45892351274789,35.0,50.03714807103431,BASE,True
6250,2026-10-08,4275.0,479958975.0,74,-0.05315614617940201,0.13395225464190985,-0.056291390728476776,1.2118479779991884,31.42226821559651,,,,PRICE ONLY,,,,,やまびこ,YAMABIKO CORPORATION,プライム,,機械,機械,True,True,75.24079320113314,35.0,50.034702330632896,BASE,True
3167,2026-10-08,1315.0,845983724.1394043,74,0.010305936867883503,0.1388588998512741,-0.05013975249889324,0.6841014192313826,18.299161203595528,,,,PRICE ONLY,,,,,ＴＯＫＡＩホールディングス,TOKAI Holdings Corporation,プライム,,卸売業,商社・卸売,True,True,80.90651558073655,35.0,50.02530750456516,BASE,True
4549,2026-10-08,2363.0,295983413.02490234,74,0.049802232982529615,-0.0543480448565945,-0.10258839490142779,1.0999809560083793,27.09607547911516,,,,PRICE ONLY,,,,,栄研化学,"EIKEN CHEMICAL CO.,LTD.",プライム,,医薬品,医薬品,True,True,68.75354107648725,35.0,50.016820694743636,BASE,True
8016,2026-10-08,699.0,489590675.0,74,-0.02237762237762242,-0.03431831479657799,-0.08507853403141363,1.1864997025407373,14.560546903425104,,,,PRICE ONLY,,,,,オンワードホールディングス,"ONWARD HOLDINGS CO.,LTD.",プライム,,繊維製品,素材・化学,True,True,75.38243626062324,35.0,50.013723955333006,BASE,True
2579,2026-10-08,3754.0,2759163245.0,74,-0.003451022033448381,-0.1044847328244275,-0.1823132215203659,1.1205986097784895,24.176550703156565,,,,PRICE ONLY,,,,,コカ・コーラ　ボトラーズジャパンホールディングス,Coca-Cola Bottlers Japan Holdings Inc.,プライム,,食料品,食品,True,True,90.11331444759206,35.0,50.00934364272108,BASE,True
8364,2026-10-08,3080.0,124267517.34008789,74,-0.028615379142589603,0.15856528950999782,-0.0792227204783259,1.712677566336103,38.40277143628855,,,,PRICE ONLY,,,,,清水銀行,"THE SHIMIZU BANK,LTD.",プライム,,銀行業,銀行,True,True,57.875354107648725,35.0,49.99660794428844,BASE,True
2181,2026-10-08,280.20001220703125,2590392552.9042053,74,-0.02774058607534191,0.11439371333751702,-0.058093730075806205,0.649098768972586,30.151266979906737,,,,PRICE ONLY,,,,,パーソルホールディングス,"PERSOL HOLDINGS CO.,LTD.",プライム,,サービス業,情報通信・サービスその他,True,True,89.71671388101983,35.0,49.991039676450534,BASE,True
9301,2026-10-08,1460.5,1452721568.461914,74,-0.04173789575393483,-0.0815417341246355,-0.0950071760016713,1.018122049016426,18.67782378814477,,,,PRICE ONLY,,,,,三菱倉庫,Mitsubishi Logistics Corporation,プライム,,倉庫･運輸関連業,運輸・物流,True,True,85.77903682719547,35.0,49.98406471297842,BASE,True
8136,2026-10-08,1202.0,17227777329.544678,74,-0.04216679133913803,0.07051950525628237,-0.16794615250520284,1.01039475632856,33.01568185995607,,,,PRICE ONLY,,,,,サンリオ,"Sanrio Company,Ltd.",プライム,,卸売業,商社・卸売,True,True,97.96033994334277,35.0,49.98358832376466,BASE,True
4543,2026-10-08,2308.5,11664328903.659668,74,-0.019678452671282542,0.04457602090297419,-0.12935705158271749,0.7384744715428257,28.293221363385555,,,,PRICE ONLY,,,,,テルモ,TERUMO CORPORATION,プライム,,精密機器,電機・精密,True,True,96.88385269121812,35.0,49.98066350907541,BASE,True
6806,2026-10-08,25290.0,3323043262.5683594,74,0.022572845742849346,-0.0764513452048825,-0.18471424846668938,0.9565505316213532,29.53143243152369,,,,PRICE ONLY,,,,,ヒロセ電機,"HIROSE ELECTRIC CO.,LTD.",プライム,,電気機器,電機・精密,True,True,91.35977337110481,35.0,49.97919509247456,BASE,True
9757,2026-10-08,1166.0,260374420.0,74,0.0008583690987125081,0.05807622504537213,-0.02589807852965753,1.0260861823361824,11.002622902783656,,,,PRICE ONLY,,,,,船井総研ホールディングス,Funai Soken Holdings Incorporated,プライム,,サービス業,情報通信・サービスその他,True,True,66.94050991501416,35.0,49.9759425868908,BASE,True
1833,2026-10-08,5230.0,939365475.3955078,74,-0.06431293605466326,-0.06104129263913827,-0.09122779748242782,1.2231727894378497,15.515680507360225,,,,PRICE ONLY,,,,,奥村組,OKUMURA CORPORATION,プライム,,建設業,建設・資材,True,True,82.15297450424929,35.0,49.97468560466816,BASE,True
4751,2026-10-08,1221.0,5361588627.076416,74,-0.011056859896083404,-0.17120292355029332,-0.21248499853439728,1.1880688889674755,18.158235026292118,,,,PRICE ONLY,,,,,サイバーエージェント,"CyberAgent,Inc.",プライム,,サービス業,情報通信・サービスその他,True,True,93.88101983002834,35.0,49.97133224365045,BASE,True
7717,2026-10-08,6740.0,1096632934.9731445,74,0.12899078258696073,0.029625897289678793,-0.2766274195620918,1.0998871331828441,49.872332936772864,,,,PRICE ONLY,,,,,ブイ・テクノロジー,"V Technology Co.,Ltd.",プライム,,精密機器,電機・精密,True,True,83.22946175637394,35.0,49.97014703018347,BASE,True
5802,2026-10-08,2398.0,42914728737.49878,74,0.0987464912617273,0.007451206525995735,-0.28329173297950594,0.8046985882311894,52.32980229742419,,,,PRICE ONLY,,,,,住友電気工業,"Sumitomo Electric Industries,Ltd.",プライム,,非鉄金属,鉄鋼・非鉄,True,True,99.32011331444758,35.0,49.96681639157035,BASE,True
9533,2026-10-08,1196.0,1040464454.142456,74,-0.045979887900860716,-0.00794453839185194,-0.09089608370082847,1.1048289924923533,27.333013732065346,,,,PRICE ONLY,,,,,東邦瓦斯,"TOHO GAS CO.,LTD.",プライム,,電気･ガス業,電気・ガス,True,True,82.8328611898017,35.0,49.96104664436483,BASE,True
9143,2026-10-08,1441.5,2034571036.2713623,74,0.0010746780437689285,-0.08416970702083915,-0.11561688450773588,0.8342586371512429,15.126117270464123,,,,PRICE ONLY,,,,,ＳＧホールディングス,"SG HOLDINGS CO.,LTD.",プライム,,陸運業,運輸・物流,True,True,87.79036827195468,35.0,49.95861906944607,BASE,True
8052,2026-10-08,3010.0,208342462.1826172,74,0.027661599248018254,0.08061507522959976,-0.0066006600660065695,0.8806991396246867,16.39135923589274,,,,PRICE ONLY,,,,,椿本興業,"TSUBAKIMOTO KOGYO CO.,LTD.",プライム,,卸売業,商社・卸売,True,True,63.93767705382436,35.0,49.952263054144865,BASE,True
3543,2026-10-08,2789.0,517380065.0,74,-0.02243252716438837,-0.010060451444734109,-0.06054736842105268,1.0328766377032659,9.525610088144267,,,,PRICE ONLY,,,,,コメダホールディングス,"KOMEDA Holdings Co.,Ltd.",プライム,,卸売業,商社・卸売,True,True,76.1756373937677,35.0,49.9435908488835,BASE,True
6379,2026-10-08,967.0,650406625.2713013,74,0.03918021181573872,0.23616534670275335,-0.03205923530658095,0.44449907094777785,29.350435121983846,,,,PRICE ONLY,,,,,レイズネクスト,RAIZNEXT Corporation,プライム,,建設業,建設・資材,True,True,78.69688385269122,35.0,49.93363031389969,BASE,True
4323,2026-10-08,1839.0,85620793.12133789,74,-0.0176902743689471,0.004126994495163405,-0.07688325745008762,1.7725608442817145,21.519018437237037,,,,PRICE ONLY,,,,,日本システム技術,"Japan System Techniques Co.,Ltd.",プライム,,情報･通信業,情報通信・サービスその他,True,True,53.286118980169974,35.0,49.928590340991775,BASE,True
6503,2026-10-08,5051.0,30297097858.989258,74,-0.056595008140893244,-0.12152239757610472,-0.17835422519236033,1.095204364626765,33.474512356293054,,,,PRICE ONLY,,,,,三菱電機,Mitsubishi Electric Corporation,プライム,,電気機器,電機・精密,True,True,98.92351274787535,35.0,49.90867619207594,BASE,True
3101,2026-10-08,1640.0,679731425.0,74,-0.0024330900243308973,-0.06446092413006277,-0.09989023051591661,1.0247026532479415,26.678010774571604,,,,PRICE ONLY,,,,,東洋紡,"TOYOBO CO.,LTD.",プライム,,化学,素材・化学,True,True,79.20679886685552,35.0,49.90238188337494,BASE,True
5461,2026-10-08,2114.0,252794233.68530273,74,0.00808369838136258,0.06337518867693981,-0.027598896044158217,0.9954019073569482,21.45525567214026,,,,PRICE ONLY,,,,,中部鋼鈑,"Chubu Steel Plate Co.,Ltd.",プライム,,鉄鋼,鉄鋼・非鉄,True,True,66.62889518413597,35.0,49.901506813704145,BASE,True
3665,2026-10-08,404.0,66807485.0,74,-0.04941176470588238,-0.0073710073710073765,-0.07339449541284404,2.460829792065397,16.476751258538584,,,,PRICE ONLY,,,,,エニグモ,Enigmo Inc.,プライム,,情報･通信業,情報通信・サービスその他,True,True,50.31161473087818,35.0,49.875741341056525,BASE,True
4368,2026-10-08,3370.0,2133844318.8891602,74,0.1495120483111645,-0.1526124710634169,-0.3084140637517707,0.9863705199394245,33.480005597379744,,,,PRICE ONLY,,,,,扶桑化学工業,"FUSO CHEMICAL CO.,LTD.",プライム,,化学,素材・化学,True,True,88.18696883852691,35.0,49.87539134222798,BASE,True
1898,2026-10-08,1414.0,256865531.47644043,74,-0.02734324159245327,-0.01878802427997084,-0.04338305885675753,1.2468756284655385,10.471374455505217,,,,PRICE ONLY,,,,,世紀東急工業,"SEIKITOKYU KOGYO CO.,LTD.",プライム,,建設業,建設・資材,True,True,66.74220963172804,35.0,49.873037943910944,BASE,True
1939,2026-10-08,2181.0,209445146.15478516,74,-0.04765795334711809,0.11713365548312837,-0.05414753618609547,1.4865749836280289,15.15777282616737,,,,PRICE ONLY,,,,,四電工,YONDENKO CORPORATION,プライム,,建設業,建設・資材,True,True,63.96600566572238,35.0,49.86944293557252,BASE,True
3143,2026-10-08,1080.0,50599793.17901611,74,0.48689578304809467,0.5733432753248477,-0.015496809480401108,0.5505423388934464,82.66267137636598,,,,PRICE ONLY,,,,,オーウイル,O'will Corporation,スタンダード,,卸売業,商社・卸売,True,True,46.40226628895184,35.0,49.86375587563364,BASE,True
9946,2026-10-08,1756.0,87937880.0,74,-0.022271714922049046,-0.035283763068464036,-0.06492018006385392,1.7155333749220212,12.4747730565288,,,,PRICE ONLY,,,,,ミニストップ,"MINISTOP CO.,LTD.",プライム,,小売業,小売,True,True,53.682719546742206,35.0,49.859449378473556,BASE,True
6737,2026-10-08,3130.0,446711963.3935547,74,0.02040559683453691,0.24609903958714252,-0.023400936037441533,0.6720584751785049,27.582498818871944,,,,PRICE ONLY,,,,,ＥＩＺＯ,EIZO Corporation,プライム,,電気機器,電機・精密,True,True,74.36260623229461,35.0,49.851524932187665,BASE,True
6998,2026-10-08,3925.0,380620418.45947266,74,0.08704567169973876,0.9752218804279886,-0.08079625292740045,0.6633894433685883,58.77285477024948,,,,PRICE ONLY,,,,,日本タングステン,"Nippon Tungsten Co.,Ltd.",スタンダード,,電気機器,電機・精密,True,True,72.43626062322946,35.0,49.82791703285844,BASE,True
7350,2026-10-08,7520.0,653890082.5317383,74,-0.038840469508396924,0.12277042809952987,-0.08063004674286933,1.1183928462056716,34.20748467161297,,,,PRICE ONLY,,,,,おきなわフィナンシャルグループ,"Okinawa Financial Group,Inc.",プライム,,銀行業,銀行,True,True,78.78186968838527,35.0,49.81970029580753,BASE,True
5032,2026-10-08,3035.0,2151134145.0,74,0.029511533242876586,0.26669449081803,-0.08446455505279038,0.3544495800123063,61.649989073806125,,,,PRICE ONLY,,,,,ＡＮＹＣＯＬＯＲ,ANYCOLOR Inc.,プライム,,情報･通信業,情報通信・サービスその他,True,True,88.27195467422096,35.0,49.81397403538428,BASE,True
5333,2026-10-08,5610.0,7384617679.477539,74,0.06577288264548642,-0.1964759099361595,-0.2785370602756324,1.041988432999495,36.09306823034976,,,,PRICE ONLY,,,,,ＮＧＫ,NGK Corporation,プライム,,ガラス･土石製品,建設・資材,True,True,95.4957507082153,35.0,49.80787930766975,BASE,True
3769,2026-10-08,8571.0,2466028886.6430664,74,-0.0012570906936256732,-0.09205189123786561,-0.1486604262739023,0.9394152689316555,28.014680271229114,,,,PRICE ONLY,,,,,ＧＭＯペイメントゲートウェイ,"GMO Payment Gateway,Inc.",プライム,,情報･通信業,情報通信・サービスその他,True,True,89.29178470254956,35.0,49.80608510332339,BASE,True
7199,2026-10-08,2110.0,397844682.18078613,74,0.004457820851295535,0.014925793791527475,-0.026132484276247592,0.8007492390540857,23.88258321385073,,,,PRICE ONLY,,,,,プレミアグループ,"Premium Group Co.,Ltd.",プライム,,その他金融業,金融（除く銀行）,True,True,73.0028328611898,35.0,49.80195247518871,BASE,True
7780,2026-10-08,1852.0,480308080.0,74,0.023204419889502725,0.12106537530266337,-0.11217641418983704,1.0557634388975083,26.397155710770097,,,,PRICE ONLY,,,,,メニコン,"Menicon Co.,Ltd.",プライム,,精密機器,電機・精密,True,True,75.26912181303116,35.0,49.801617747440964,BASE,True
4208,2026-10-08,3339.0,2506532304.0270996,74,-0.014780017110276544,0.08016220743644253,-0.06821656140348964,0.6101645357645996,21.208820047164835,,,,PRICE ONLY,,,,,ＵＢＥ,UBE Corporation,プライム,,化学,素材・化学,True,True,89.46175637393767,35.0,49.79585696668102,BASE,True
9075,2026-10-08,5880.0,459502133.9868164,74,-0.04855601777510343,0.05659468828270198,-0.08526293153182896,1.3064036746825183,25.373416413888293,,,,PRICE ONLY,,,,,福山通運,"FUKUYAMA TRANSPORTING CO.,LTD.",プライム,,陸運業,運輸・物流,True,True,74.6742209631728,35.0,49.76790280630146,BASE,True
9324,2026-10-08,2569.0,222883482.40966797,74,0.01346434968668464,0.07497522912358345,-0.06948184920716538,1.2041062801932367,25.117631227668006,,,,PRICE ONLY,,,,,安田倉庫,Yasuda Logistics Corporation,プライム,,倉庫･運輸関連業,運輸・物流,True,True,64.8441926345609,35.0,49.75921228489197,BASE,True
5411,2026-10-08,1676.5,8700023406.204834,74,-0.08437633546207235,0.05805400294969432,-0.11464488196554823,0.9944941992091408,21.09345611512851,,,,PRICE ONLY,,,,,ＪＦＥホールディングス,"JFE Holdings,Inc.",プライム,,鉄鋼,鉄鋼・非鉄,True,True,95.92067988668556,35.0,49.754759520913346,BASE,True
4634,2026-10-08,5010.0,668380175.0,74,-0.005952380952380931,0.17056074766355134,-0.03653846153846152,0.7158682863473146,24.36808431679842,,,,PRICE ONLY,,,,,ａｒｔｉｅｎｃｅ,"artience Co.,Ltd.",プライム,,化学,素材・化学,True,True,79.03682719546742,35.0,49.747762858279664,BASE,True
6866,2026-10-08,11140.0,416227050.0,74,0.06704980842911867,0.009057971014492683,-0.15669947009841034,1.086329047494096,47.30716817450667,,,,PRICE ONLY,,,,,日置電機,HIOKI E.E.CORPORATION,プライム,,電気機器,電機・精密,True,True,73.65439093484419,35.0,49.73871344296759,BASE,True
4477,2026-10-08,370.0,691234055.0,74,0.07871720116618075,0.2802768166089966,-0.08415841584158412,0.32947330901723476,52.94383103707102,,,,PRICE ONLY,,,,,ＢＡＳＥ,"BASE,Inc.",グロース,,情報･通信業,情報通信・サービスその他,True,True,79.40509915014164,35.0,49.73760392658876,BASE,True
5713,2026-10-08,9263.0,23427035793.183594,74,-0.057778761412695334,0.3024668680011444,-0.1909514413683414,1.1500619337412537,46.112238871080685,,,,PRICE ONLY,,,,,住友金属鉱山,"Sumitomo Metal Mining Co.,Ltd.",プライム,,非鉄金属,鉄鋼・非鉄,True,True,98.47025495750708,35.0,49.733746409251026,BASE,True
6471,2026-10-08,1074.0,2606960711.690674,74,-0.02775517646246284,-0.04100338453056651,-0.10438530351184028,0.8333384983131176,28.473279205228692,,,,PRICE ONLY,,,,,日本精工,NSK Ltd.,プライム,,機械,機械,True,True,89.77337110481587,35.0,49.72565960496471,BASE,True
8081,2026-10-08,2554.0,134483068.71948242,74,0.04799882429042435,0.03921324368103707,-0.03294206739871264,1.0257406508013598,17.371635573768806,,,,PRICE ONLY,,,,,カナデン,KANADEN CORPORATION,プライム,,卸売業,商社・卸売,True,True,58.72521246458924,35.0,49.71789409299758,BASE,True
7278,2026-10-08,5730.0,1672622497.4145508,74,-0.03055216619426726,-0.007741618320130428,-0.05988259107171101,0.7247114731839783,19.51973320759507,,,,PRICE ONLY,,,,,エクセディ,EXEDY Corporation,プライム,,輸送用機器,自動車・輸送機,True,True,86.60056657223795,35.0,49.717359894421016,BASE,True
7994,2026-10-08,2166.0,556524499.6984863,74,-0.06785383775496567,-0.018728354796408997,-0.08441672631623265,1.322268676886693,13.637399016772145,,,,PRICE ONLY,,,,,オカムラ,OKAMURA CORPORATION,プライム,,その他製品,情報通信・サービスその他,True,True,77.05382436260622,35.0,49.71545229488949,BASE,True
5542,2026-10-08,1201.0,206683830.0,74,0.29697624190064786,0.4863861386138615,-0.11691176470588238,0.26533288602885113,118.8121416993261,,,,PRICE ONLY,,,,,新報国マテリアル,Shinhokoku Material Corp.,スタンダード,,鉄鋼,鉄鋼・非鉄,True,True,63.79603399433428,35.0,49.70957444592568,BASE,True
6961,2026-10-08,11110.0,1344821278.305664,74,0.07112224436444947,-0.08889034111513039,-0.21178716513058338,0.9833700356898778,55.67748825943898,,,,PRICE ONLY,,,,,エンプラス,ENPLAS CORPORATION,プライム,,電気機器,電機・精密,True,True,85.1558073654391,35.0,49.70187960343846,BASE,True
3107,2026-10-08,3521.0,1295400518.2104492,74,-0.04130462196088014,0.050281497267756325,-0.07481672128034655,0.9035943684843916,18.366430944873965,,,,PRICE ONLY,,,,,ダイワボウホールディングス,"Daiwabo Holdings Co.,Ltd.",プライム,,卸売業,商社・卸売,True,True,84.8158640226629,35.0,49.69895716177756,BASE,True
8153,2026-10-08,3865.0,895211259.9267578,74,0.004406408795865069,0.021587045759188683,-0.042655801916908986,0.6118225326607166,13.913247733716174,,,,PRICE ONLY,,,,,モスフードサービス,"MOS FOOD SERVICES,INC.",プライム,,卸売業,商社・卸売,True,True,81.47308781869688,35.0,49.697721568369516,BASE,True
3153,2026-10-08,2954.0,307877445.0,74,-0.060731319554849006,0.05650929899856938,-0.099390243902439,1.5760082730093072,39.23605840755134,,,,PRICE ONLY,,,,,八洲電機,"Yashima Denki Co.,Ltd.",プライム,,卸売業,商社・卸売,True,True,69.71671388101983,35.0,49.6971888085086,BASE,True
1871,2026-10-08,2020.0,233203628.05297852,74,-0.060018202240731955,-0.04964596845101932,-0.130773702929323,1.8479087452471483,23.15499424049823,,,,PRICE ONLY,,,,,ピーエス・コンストラクション,"PS Construction Co.,Ltd.",プライム,,建設業,建設・資材,True,True,65.60906515580737,35.0,49.69281619649533,BASE,True
4064,2026-10-08,3655.0,324327591.94091797,74,0.06240514670619124,0.1301153585953998,-0.05188067444876787,0.687104727194769,28.17572726774424,,,,PRICE ONLY,,,,,日本カーバイド工業,"Nippon Carbide Industries Company,Incorporated",プライム,,化学,素材・化学,True,True,70.45325779036827,35.0,49.68435665923752,BASE,True
2120,2026-10-08,233.0,218992105.6539154,74,0.0661738538040797,0.20547299807517638,-0.01684788690281136,0.6739203074095731,26.76738295244651,,,,PRICE ONLY,,,,,ＬＩＦＵＬＬ,"LIFULL Co.,Ltd.",プライム,,サービス業,情報通信・サービスその他,True,True,64.5042492917847,35.0,49.674437237647844,BASE,True
7313,2026-10-08,1751.0,612364748.9465332,74,-0.02853550708020447,0.03054374680114713,-0.04960965876248957,0.9109718866204621,15.583886873287828,,,,PRICE ONLY,,,,,テイ・エス　テック,"TS TECH CO.,LTD.",プライム,,輸送用機器,自動車・輸送機,True,True,78.15864022662889,35.0,49.67372361312189,BASE,True
7261,2026-10-08,1082.5,6796578263.40332,74,-0.04785178688846348,0.0003582764107021852,-0.13019161533923185,0.8919922556892119,26.748864874522948,,,,PRICE ONLY,,,,,マツダ,Mazda Motor Corporation,プライム,,輸送用機器,自動車・輸送機,True,True,95.12747875354107,35.0,49.65977440631632,BASE,True
1934,2026-10-08,2446.0,306006113.41918945,74,-0.06307161606608724,0.025128018013280018,-0.07148088127433827,1.4540084388185655,17.13728495307352,,,,PRICE ONLY,,,,,ユアテック,YURTEC CORPORATION,プライム,,建設業,建設・資材,True,True,69.46175637393767,35.0,49.65968062703899,BASE,True
6005,2026-10-08,2994.0,1290258917.9760742,74,-0.06189231266339634,-0.05455877645648266,-0.07424344117399051,1.0026423778965698,23.198508948222653,,,,PRICE ONLY,,,,,三浦工業,"MIURA CO.,LTD.",プライム,,機械,機械,True,True,84.73087818696884,35.0,49.65504797961404,BASE,True
5408,2026-10-08,595.0,109923560.35186768,74,-0.07418211179602774,-0.03444115883146193,-0.09081362205263432,2.1001846447078445,16.577890461383262,,,,PRICE ONLY,,,,,中山製鋼所,"NAKAYAMA STEEL WORKS,LTD.",プライム,,鉄鋼,鉄鋼・非鉄,True,True,56.20396600566572,35.0,49.63882093713015,BASE,True
2433,2026-10-08,1295.5,1081832034.6862793,74,0.00944016005346282,0.09090083019690254,-0.058339088169532594,0.6031399507640857,18.147172963079385,,,,PRICE ONLY,,,,,博報堂ＤＹホールディングス,HAKUHODO DY HOLDINGS INCORPORATED,プライム,,サービス業,情報通信・サービスその他,True,True,83.14447592067988,35.0,49.636994263648326,BASE,True
6289,2026-10-08,1937.0,132714580.0,74,0.04646137223122637,0.0689398279837179,-0.046282619399310665,1.0899780541331383,18.461942301744564,,,,PRICE ONLY,,,,,技研製作所,GIKEN LTD.,プライム,,機械,機械,True,True,58.52691218130312,35.0,49.62020280983647,BASE,True
3048,2026-10-08,1631.5,1041776152.5,74,-0.05200464846019759,0.0004094379412591387,-0.1008289443073268,1.1320065122769711,17.344292140949154,,,,PRICE ONLY,,,,,ビックカメラ,BIC CAMERA INC.,プライム,,小売業,小売,True,True,82.86118980169972,35.0,49.61851464308677,BASE,True
8150,2026-10-08,3300.0,119197133.90258789,74,0.02295232632578803,0.18647935985169006,-0.023668639053254448,1.1307125989720794,18.672345167663238,,,,PRICE ONLY,,,,,三信電気,"SANSHIN ELECTRONICS CO.,LTD.",プライム,,卸売業,商社・卸売,True,True,57.25212464589235,35.0,49.565738865217156,BASE,True
7747,2026-10-08,3374.0,4821476700.0,74,-0.014026884862653466,-0.08115468409586057,-0.18186226964112517,1.0098858788025946,27.80846338456002,,,,PRICE ONLY,,,,,朝日インテック,"ASAHI INTECC CO.,LTD.",プライム,,精密機器,電機・精密,True,True,93.31444759206798,35.0,49.56354032323191,BASE,True
9682,2026-10-08,1092.0,701366882.0874023,74,0.015948930351620483,0.0301381422685032,-0.061049011177988,0.6807480985443365,21.559833314198894,,,,PRICE ONLY,,,,,ＤＴＳ,DTS CORPORATION,プライム,,情報･通信業,情報通信・サービスその他,True,True,79.4900849858357,35.0,49.558589069567006,BASE,True
3288,2026-10-08,7460.0,2078016498.2128906,74,-0.007933181357475116,-0.12770875330947096,-0.14195672604570597,0.9436685792645519,21.584461453217468,,,,PRICE ONLY,,,,,オープンハウスグループ,"Open House Group Co.,Ltd.",プライム,,不動産業,不動産,True,True,87.93201133144476,35.0,49.55146155169185,BASE,True
7510,2026-10-08,2867.0,148658703.49731445,74,0.0569279887416847,0.24548788688058276,-0.015791280466872615,0.8362044883136233,26.11369488325869,,,,PRICE ONLY,,,,,たけびし,TAKEBISHI CORPORATION,プライム,,卸売業,商社・卸売,True,True,59.858356940509914,35.0,49.54449192806768,BASE,True
8881,2026-10-08,627.0,75559970.0,74,-0.05429864253393668,-0.05572289156626509,-0.0873362445414847,2.010685663401603,12.661465990943361,,,,PRICE ONLY,,,,,日神グループホールディングス,"NISSHIN GROUP HOLDINGS Company,Limited",プライム,,不動産業,不動産,True,True,51.75637393767706,35.0,49.544036238773614,BASE,True
2607,2026-10-08,4331.0,1163932545.8911133,74,-0.022302800283590885,0.06482104958107104,-0.07790549461950547,0.8265051656572854,24.70680750679317,,,,PRICE ONLY,,,,,不二製油,"FUJI OIL CO.,LTD.",プライム,,食料品,食品,True,True,83.8243626062323,35.0,49.53783475505704,BASE,True
6981,2026-10-08,8267.0,168835241628.94287,74,0.08967306813912823,-0.12366131872211239,-0.3221788485634768,0.958655906660911,58.92225210718293,,,,PRICE ONLY,,,,,村田製作所,"Murata Manufacturing Co.,Ltd.",プライム,,電気機器,電機・精密,True,True,99.85835694050992,35.0,49.525927190393745,BASE,True
5302,2026-10-08,5180.0,199822100.0,74,0.013698630136986356,0.09282700421940926,-0.035381750465549366,1.0475340894609404,20.83537202885496,,,,PRICE ONLY,,,,,日本カーボン,"Nippon Carbon Co.,Ltd.",プライム,,ガラス･土石製品,建設・資材,True,True,63.31444759206799,35.0,49.525734353195716,BASE,True
9308,2026-10-08,2191.0,419363432.9876709,74,0.05292689577235299,0.3727533649668684,-0.1161758773699072,0.9263909816396004,52.61399414999796,,,,PRICE ONLY,,,,,乾汽船,"Inui Global Logistics Co.,Ltd.",スタンダード,,海運業,運輸・物流,True,True,73.71104815864022,35.0,49.51659373080788,BASE,True
4331,2026-10-08,838.0,118160550.0,74,0.12483221476510065,0.2488822652757079,-0.04337899543378998,0.6976409666283084,61.631283836042925,,,,PRICE ONLY,,,,,テイクアンドギヴ・ニーズ,"TAKE AND GIVE. NEEDS Co.,Ltd.",プライム,,サービス業,情報通信・サービスその他,True,True,57.138810198300284,35.0,49.50836992419691,BASE,True
6349,2026-10-08,1952.0,299022204.60510254,74,-0.00451358429940274,0.2686458793482511,-0.031014910307223365,0.9419817470664928,17.872265943546214,,,,PRICE ONLY,,,,,小森コーポレーション,KOMORI CORPORATION,プライム,,機械,機械,True,True,69.1501416430595,35.0,49.506694405233766,BASE,True
4092,2026-10-08,5510.0,671315744.7949219,74,0.04688070836038394,0.39930885713421227,-0.07819670138503143,0.6100623835372275,53.30398695456915,,,,PRICE ONLY,,,,,日本化学工業,"Nippon Chemical Industrial Co.,Ltd.",プライム,,化学,素材・化学,True,True,79.06515580736544,35.0,49.505583305254255,BASE,True
2001,2026-10-08,2783.0,473769038.6254883,74,-0.03239908607667508,-0.010639955236001697,-0.06764286675922215,1.0847206350186862,16.78092927310777,,,,PRICE ONLY,,,,,ニップン,NIPPN CORPORATION,プライム,,食料品,食品,True,True,75.09915014164305,35.0,49.501605759959126,BASE,True
4633,2026-10-08,2599.0,326791460.0,74,0.0034749034749035346,0.0770824699544137,-0.03705075954057058,0.8869860247192827,22.548746415581995,,,,PRICE ONLY,,,,,サカタインクス,SAKATA INX CORPORATION,プライム,,化学,素材・化学,True,True,70.56657223796033,35.0,49.501068284553526,BASE,True
6228,2026-10-08,698.0,53615145.0,74,0.2807339449541284,0.43621399176954734,-0.03190013869625519,0.547945205479452,70.7689440601037,,,,PRICE ONLY,,,,,ジェイ・イー・ティ,"J.E.T.Co.,LTD.",スタンダード,,機械,機械,True,True,47.3371104815864,35.0,49.50030229188533,BASE,True
7128,2026-10-08,2831.0,220976410.0,74,0.007831968672125322,0.14291481631005243,-0.06721581548599675,1.1867364746945899,18.50046687991373,,,,PRICE ONLY,,,,,ユニソルホールディングス,UNISOL Holdings Corporation,プライム,,卸売業,商社・卸売,True,True,64.61756373937678,35.0,49.47862369225536,BASE,True
9746,2026-10-08,4045.0,271073060.2282715,74,0.01612883244219354,0.1608806743796103,-0.01664945084659819,0.8124270711785297,14.847402164595188,,,,PRICE ONLY,,,,,ＴＫＣ,TKC Corporation,プライム,,情報･通信業,情報通信・サービスその他,True,True,67.45042492917847,35.0,49.4776706582438,BASE,True
6498,2026-10-08,2008.0,690465195.0,74,0.03292181069958855,-0.1552376945729912,-0.24157157073713398,1.4649755306518402,24.849694400938834,,,,PRICE ONLY,,,,,キッツ,KITZ CORPORATION,プライム,,機械,機械,True,True,79.34844192634561,35.0,49.473387478929475,BASE,True
4579,2026-10-08,606.0,71138825.0,74,0.09782608695652173,0.2677824267782427,-0.04113924050632911,1.0031642863251518,34.86817535108466,,,,PRICE ONLY,,,,,ラクオリア創薬,RaQualia Pharma Inc.,グロース,,医薬品,医薬品,True,True,51.01983002832861,35.0,49.46826367464893,BASE,True
8584,2026-10-08,3430.0,597968436.3916016,74,-0.06618663319566243,-0.03552789327627581,-0.09379291803830236,1.2952450711102972,14.587971289687781,,,,PRICE ONLY,,,,,ジャックス,"JACCS CO.,LTD.",プライム,,その他金融業,金融（除く銀行）,True,True,77.90368271954674,35.0,49.457701662643785,BASE,True
4719,2026-10-08,3160.0,51180266.18408203,74,-0.03808227642128992,-0.0466073963618584,-0.07529112730685872,2.151983860121049,19.476696649392075,,,,PRICE ONLY,,,,,アルファシステムズ,ALPHA SYSTEMS INC.,プライム,,情報･通信業,情報通信・サービスその他,True,True,46.51558073654391,35.0,49.443333603963076,BASE,True
7352,2026-10-08,362.0,78291800.0,74,0.10365853658536595,-0.09005553706825842,-0.25904518650179786,36.34006116207951,104.48349630477833,,,,PRICE ONLY,,,,,ＴＷＯＳＴＯＮＥ＆Ｓｏｎｓ,TWOSTONE&Sons Inc.,グロース,,サービス業,情報通信・サービスその他,True,True,52.067988668555245,35.0,49.44149328390088,BASE,True
5957,2026-10-08,742.0,66237970.0,74,-0.036363636363636376,-0.05597964376590325,-0.07481296758104738,1.8828026999581864,16.252149494332365,,,,PRICE ONLY,,,,,日東精工,"NITTOSEIKO CO.,LTD.",プライム,,金属製品,建設・資材,True,True,50.02832861189802,35.0,49.43903283848737,BASE,True
2384,2026-10-08,5190.0,499243400.0,74,0.04216867469879526,0.2536231884057971,-0.03710575139146566,0.5264800749141608,20.986927291245454,,,,PRICE ONLY,,,,,ＳＢＳホールディングス,"SBS Holdings,Inc.",プライム,,陸運業,運輸・物流,True,True,75.60906515580737,35.0,49.431050219087176,BASE,True
8830,2026-10-08,3075.0,9780700400.36499,74,-0.03446258404526692,-0.18304591967915462,-0.20381595880212833,1.1066892128433943,23.931226400971774,,,,PRICE ONLY,,,,,住友不動産,"Sumitomo Realty & Development Co.,Ltd.",プライム,,不動産業,不動産,True,True,96.37393767705382,35.0,49.406646459364595,BASE,True
5930,2026-10-08,1825.0,197962081.66748047,74,-0.02725544310842587,-0.05106558675107198,-0.05635886337142537,1.3457727074974621,16.071356354500935,,,,PRICE ONLY,,,,,文化シヤッター,"Bunka Shutter Co.,Ltd.",プライム,,金属製品,建設・資材,True,True,63.20113314447592,35.0,49.40543309368472,BASE,True
7990,2026-10-08,2327.0,164377309.23095703,74,-0.00824297141534791,0.006465251661401883,-0.13153271292701074,1.681376215407629,15.964638433501428,,,,PRICE ONLY,,,,,グローブライド,"GLOBERIDE,Inc.",プライム,,その他製品,情報通信・サービスその他,True,True,60.963172804532576,35.0,49.403903806874744,BASE,True
4666,2026-10-08,1727.0,3355700605.0,74,-0.12777777777777777,-0.1399402390438247,-0.168111753371869,1.5568834389398407,28.819540758733115,,,,PRICE ONLY,,,,,パーク２４,"PARK24 Co.,Ltd.",プライム,,不動産業,不動産,True,True,91.41643059490086,35.0,49.377448489231455,BASE,True
5959,2026-10-08,901.0,71777535.0,74,-0.05456453305351516,0.0011111111111110628,-0.07017543859649122,1.9083293604849145,11.78498251544336,,,,PRICE ONLY,,,,,岡部,"OKABE CO.,LTD.",プライム,,金属製品,建設・資材,True,True,51.13314447592068,35.0,49.35686269648184,BASE,True
9278,2026-10-08,2733.0,303984440.0,74,-0.040716040716040736,0.26410730804810356,-0.11838709677419357,1.5241142857142858,36.846538200924144,,,,PRICE ONLY,,,,,ブックオフグループホールディングス,BOOKOFF GROUP HOLDINGS LIMITED,プライム,,小売業,小売,True,True,69.3484419263456,35.0,49.34641491555786,BASE,True
5631,2026-10-08,6920.0,6586333699.362793,74,-0.058040581695247284,-0.12293375470655032,-0.18550804597701154,1.1703322465624966,44.04817569464339,,,,PRICE ONLY,,,,,日本製鋼所,"The Japan Steel Works,Ltd.",プライム,,機械,機械,True,True,94.92917847025495,35.0,49.32860018542533,BASE,True
9842,2026-10-08,1848.0,298283795.0,74,-0.010706638115631661,-0.005522736553011498,-0.0633759844060322,1.1079752655779294,13.312375825452152,,,,PRICE ONLY,,,,,アークランズ,ARCLANDS CORPORATION,プライム,,小売業,小売,True,True,69.03682719546742,35.0,49.326586790547694,BASE,True
4107,2026-10-08,3725.0,690777875.0,74,-0.10240963855421692,-0.0013404825737265424,-0.21330517423442452,2.5389048991354466,37.1180089014316,,,,PRICE ONLY,,,,,伊勢化学工業,ISE CHEMICALS CORPORATION,スタンダード,,化学,素材・化学,True,True,79.37677053824362,35.0,49.32460548031392,BASE,True
9726,2026-10-08,2019.0,67479285.0,74,0.054858934169278895,0.05762179151388169,-0.0004950495049504955,1.0237452011943693,17.014833631635373,,,,PRICE ONLY,,,,,ＫＮＴ−ＣＴホールディングス,"KNT-CT Holdings Co.,Ltd.",スタンダード,,サービス業,情報通信・サービスその他,True,True,50.36827195467423,35.0,49.32293484245693,BASE,True
8542,2026-10-08,1855.0,74004354.26452637,74,-0.04780291106318424,0.22629564647033762,-0.06123481781376516,1.810958904109589,24.53799015975557,,,,PRICE ONLY,,,,,トマト銀行,"TOMATO BANK,LTD.",スタンダード,,銀行業,銀行,True,True,51.52974504249291,35.0,49.30944364906787,BASE,True
1887,2026-10-08,507.0,133928170.0,74,-0.08483754512635377,-0.050561797752809,-0.08483754512635377,1.903551148402407,14.499537970911083,,,,PRICE ONLY,,,,,日本国土開発,JDC CORPORATION,プライム,,建設業,建設・資材,True,True,58.611898016997166,35.0,49.306308352762564,BASE,True
6332,2026-10-08,2491.0,613305209.8706055,74,-0.10761816992182427,-0.05394859698265275,-0.11448260323890402,1.5772105865714863,34.64297492834702,,,,PRICE ONLY,,,,,月島ホールディングス,"TSUKISHIMA HOLDINGS CO.,LTD.",プライム,,機械,機械,True,True,78.18696883852692,35.0,49.3012043898836,BASE,True
4674,2026-10-08,1882.0,277632810.6921387,74,0.04055720301333032,0.25858520122301343,-0.06309398877330041,0.8778180875874579,29.75798197022197,,,,PRICE ONLY,,,,,クレスコ,CRESCO LTD.,プライム,,情報･通信業,情報通信・サービスその他,True,True,67.73371104815864,35.0,49.298364642682415,BASE,True
9003,2026-10-08,2502.0,1431058767.0983887,74,-0.024460286196742898,-0.005133156568507546,-0.1004201296360896,0.8537131677347986,15.73767820508726,,,,PRICE ONLY,,,,,相鉄ホールディングス,"Sotetsu Holdings,Inc.",プライム,,陸運業,運輸・物流,True,True,85.63739376770539,35.0,49.276131084235644,BASE,True
8537,2026-10-08,3180.0,123365502.64404297,74,0.023860668017583464,0.2008477756951237,-0.08357348703170031,1.3563402889245586,32.10698261206188,,,,PRICE ONLY,,,,,大光銀行,"THE TAIKO BANK,LTD.",スタンダード,,銀行業,銀行,True,True,57.73371104815864,35.0,49.25047632977282,BASE,True
4687,2026-10-08,1091.0,80058725.0,74,0.034123222748815074,0.117827868852459,-0.031083481349911235,1.2065025788339754,21.786074191762197,,,,PRICE ONLY,,,,,ＴＤＣソフト,TDC SOFT Inc.,プライム,,情報･通信業,情報通信・サービスその他,True,True,52.43626062322946,35.0,49.249852381531085,BASE,True
6324,2026-10-08,6160.0,5790351505.078125,74,0.033440546498795465,-0.17847668940109063,-0.30600224267741183,1.2906730345176245,41.053107028909245,,,,PRICE ONLY,,,,,ハーモニック・ドライブ・システムズ,Harmonic Drive Systems Inc.,プライム,,機械,機械,True,True,94.41926345609065,35.0,49.24932353332607,BASE,True
6371,2026-10-08,2586.0,529789935.87890625,74,-0.03814517609045798,0.008026809515230937,-0.0489486027146151,0.9389217904074423,22.650180264039882,,,,PRICE ONLY,,,,,椿本チエイン,TSUBAKIMOTO CHAIN CO.,プライム,,機械,機械,True,True,76.60056657223797,35.0,49.240451529647,BASE,True
2593,2026-10-08,3089.0,1175496655.0,74,-0.012783636944710741,0.034147974556411054,-0.056217537427436626,0.625311214193988,19.314572387503155,,,,PRICE ONLY,,,,,伊藤園,"ITO EN,LTD.",プライム,,食料品,食品,True,True,83.88101983002832,35.0,49.23910311327905,BASE,True
4922,2026-10-08,5437.0,1607907275.0,74,-0.04210711768851305,0.03957934990439771,-0.09968537837390301,0.9171033416373163,17.375218316551486,,,,PRICE ONLY,,,,,コーセーホールディングス,KOSE Holdings Corporation,プライム,,化学,素材・化学,True,True,86.23229461756374,35.0,49.23655760700351,BASE,True
9008,2026-10-08,746.9000244140625,2002702453.7902832,74,-0.019403568485997003,0.006658872056321874,-0.0990594952139876,0.752774743769073,18.673096284405823,,,,PRICE ONLY,,,,,京王電鉄,Keio Corporation,プライム,,陸運業,運輸・物流,True,True,87.64872521246458,35.0,49.22306834412177,BASE,True
4189,2026-10-08,3335.0,405935900.0,74,0.02457757296466978,0.1480206540447504,-0.05390070921985812,0.7378609322480055,24.927412961521522,,,,PRICE ONLY,,,,,ＫＨネオケム,"KH Neochem Co.,Ltd.",プライム,,化学,素材・化学,True,True,73.22946175637394,35.0,49.21537563730954,BASE,True
3097,2026-10-08,5430.0,1110472100.0,74,-0.06217616580310881,0.07738095238095233,-0.07809847198641762,0.9968066814050602,28.524635128543984,,,,PRICE ONLY,,,,,物語コーポレーション,The Monogatari Corporation,プライム,,小売業,小売,True,True,83.37110481586403,35.0,49.20916805306519,BASE,True
9504,2026-10-08,994.4000244140625,2088613119.4232178,74,-0.06349812915181208,0.08569697484229755,-0.10225852463863594,0.9812025651585574,29.38662670746181,,,,PRICE ONLY,,,,,中国電力,"The Chugoku Electric Power Company,Incorporated",プライム,,電気･ガス業,電気・ガス,True,True,87.96033994334277,35.0,49.19246146805067,BASE,True
6309,2026-10-08,1918.0,267248135.0,74,-0.0680272108843537,0.02676659528907921,-0.07342995169082123,1.4807395993836672,20.064234703584276,,,,PRICE ONLY,,,,,巴工業,"TOMOE ENGINEERING CO.,LTD.(TOMOE KOGYO CO.,LTD.)",プライム,,機械,機械,True,True,67.30878186968839,35.0,49.174042566699256,BASE,True
7419,2026-10-08,1246.0,821236982.7386475,74,0.0070906171518621,-0.06420119647871869,-0.14042299120442048,1.0231267345050878,16.452976455143116,,,,PRICE ONLY,,,,,ノジマ,"Nojima Co.,Ltd.",プライム,,小売業,小売,True,True,80.56657223796034,35.0,49.173042813450934,BASE,True
4732,2026-10-08,1794.0,2996597532.4108887,74,-0.07052957707855156,-0.09206975899251979,-0.11736337041122968,1.0074851185377387,14.302646970116594,,,,PRICE ONLY,,,,,ユー・エス・エス,"USS Co.,Ltd.",プライム,,サービス業,情報通信・サービスその他,True,True,90.62322946175637,35.0,49.1682706920209,BASE,True
5715,2026-10-08,3835.0,838952327.2717285,74,-0.09201597221740532,0.09239830517255898,-0.14418737638024803,1.5440792905581637,39.646720859056465,,,,PRICE ONLY,,,,,古河機械金属,"FURUKAWA CO.,LTD.",プライム,,非鉄金属,鉄鋼・非鉄,True,True,80.76487252124646,35.0,49.16543718530129,BASE,True
3349,2026-10-08,6359.0,2752211135.0,74,-0.043471720818291204,-0.023944742900997684,-0.0920902341519132,0.761260064458743,27.1329329324313,,,,PRICE ONLY,,,,,コスモス薬品,COSMOS Pharmaceutical Corporation,プライム,,小売業,小売,True,True,90.05665722379604,35.0,49.162530741253185,BASE,True
4410,2026-10-08,1106.0,69000232.19177246,74,0.011302033151558977,0.11103594129077621,-0.04201499769817629,1.4130345899092323,27.119449083358475,,,,PRICE ONLY,,,,,ハリマ化成グループ,"HARIMA CHEMICALS GROUP,INC.",プライム,,化学,素材・化学,True,True,50.73654390934844,35.0,49.14907404507967,BASE,True
4689,2026-10-08,493.0,9855368178.112183,74,-0.05465004793863859,0.10389608880956769,-0.12727920217146416,0.7946340486412196,28.63548063651026,,,,PRICE ONLY,,,,,ＬＩＮＥヤフー,LY Corporation,プライム,,情報･通信業,情報通信・サービスその他,True,True,96.43059490084985,35.0,49.13291311407124,BASE,True
9880,2026-10-08,3735.0,440365814.31030273,74,0.09502176292193631,0.08264868819457916,-0.15860020133897457,0.8420557450311654,43.94876635611668,,,,PRICE ONLY,,,,,イノテック,INNOTECH CORPORATION,プライム,,電気機器,電機・精密,True,True,74.27762039660057,35.0,49.13213532666807,BASE,True
6810,2026-10-08,2560.0,411953418.001709,74,0.009652774909197914,0.22991446585407882,-0.040479760119940034,0.7285546415981199,30.190352860034903,,,,PRICE ONLY,,,,,マクセル,"Maxell,Ltd.",プライム,,電気機器,電機・精密,True,True,73.45609065155807,35.0,49.12313296252591,BASE,True
4891,2026-10-08,122.0,66193410.0,74,0.14018691588785037,0.196078431372549,-0.1029411764705882,1.0653089200039165,48.54027971399492,,,,PRICE ONLY,,,,,ティムス,"TMS Co.,Ltd.",グロース,,医薬品,医薬品,True,True,50.0,35.0,49.12240358564877,BASE,True
2153,2026-10-08,1822.0,109620290.0,74,-0.012466124661246636,0.08452380952380945,-0.04457262716308341,1.3810696692470092,12.17732234555311,,,,PRICE ONLY,,,,,Ｅ・Ｊホールディングス,E・J Holdings Inc.,プライム,,サービス業,情報通信・サービスその他,True,True,56.14730878186969,35.0,49.12009632302534,BASE,True
8558,2026-10-08,1475.0,294625225.0,74,-0.02960526315789469,0.11236802413273006,-0.06998738965952078,1.2182228715632886,40.00844489855472,,,,PRICE ONLY,,,,,東和銀行,"THE TOWA BANK,LTD.",プライム,,銀行業,銀行,True,True,68.64022662889518,35.0,49.11942718780538,BASE,True
9302,2026-10-08,3294.0,773805245.6176758,74,-0.013110519838987256,-0.04875058227102724,-0.11660652637015378,1.0137375651350071,16.166604498998613,,,,PRICE ONLY,,,,,三井倉庫ホールディングス,"MITSUI-SOKO HOLDINGS Co.,Ltd.",プライム,,倉庫･運輸関連業,運輸・物流,True,True,80.16997167138811,35.0,49.112552933668105,BASE,True
2353,2026-10-08,257.0,571537715.0,74,-0.044609665427509326,0.03073840217100221,-0.05860805860805862,0.9686742603612409,26.744492936758334,,,,PRICE ONLY,,,,,日本駐車場開発,"NIPPON PARKING DEVELOPMENT Co.,Ltd.",プライム,,不動産業,不動産,True,True,77.47875354107649,35.0,49.07886677215658,BASE,True
1944,2026-10-08,6580.0,3714810338.1445312,74,-0.06790518610127483,-0.1305934918253463,-0.19969298632679777,1.339574483769016,25.7290292472463,,,,PRICE ONLY,,,,,きんでん,KINDEN CORPORATION,プライム,,建設業,建設・資材,True,True,92.01133144475921,35.0,49.07408679212827,BASE,True
5947,2026-10-08,3350.0,1139867553.1311035,74,-0.03173943674693358,-0.05012071128801976,-0.10011437445567206,0.9204809987693311,18.2561869820369,,,,PRICE ONLY,,,,,リンナイ,RINNAI CORPORATION,プライム,,金属製品,建設・資材,True,True,83.59773371104816,35.0,49.073684113824775,BASE,True
5021,2026-10-08,4016.0,3189097975.871582,74,-0.07175015075315638,0.05592015606234013,-0.11938348895434836,0.9940713518011303,27.56535070559431,,,,PRICE ONLY,,,,,コスモエネルギーホールディングス,"COSMO ENERGY HOLDINGS COMPANY,LIMITED",プライム,,石油･石炭製品,エネルギー資源,True,True,91.10481586402265,35.0,49.067660767973244,BASE,True
8002,2026-10-08,4710.0,24837835323.745117,74,-0.07371936234086829,-0.03195777339690287,-0.12538712813733932,0.8058887334349897,22.78348441330987,,,,PRICE ONLY,,,,,丸紅,Marubeni Corporation,プライム,,卸売業,商社・卸売,True,True,98.61189801699717,35.0,49.05189231014893,BASE,True
9045,2026-10-08,3124.0,1015188140.0,74,-0.010766307789740304,-0.03131782945736439,-0.09027373325567856,0.788318863456985,17.77229134515396,,,,PRICE ONLY,,,,,京阪ホールディングス,"Keihan Holdings Co.,Ltd.",プライム,,陸運業,運輸・物流,True,True,82.63456090651559,35.0,49.03886819693951,BASE,True
9142,2026-10-08,3326.0,2953434469.486084,74,-0.04471583595750872,-0.054060487153472,-0.11189408933148715,0.8321926861506829,19.928082393962473,,,,PRICE ONLY,,,,,九州旅客鉄道,Kyushu Railway Company,プライム,,陸運業,運輸・物流,True,True,90.45325779036827,35.0,49.02845432964268,BASE,True
2211,2026-10-08,2490.0,70941105.0,74,0.0004017677782242046,0.022587268993839782,-0.015810276679841917,1.314639475600874,11.236173462838225,,,,PRICE ONLY,,,,,不二家,"Fujiya Co.,Ltd.",プライム,,食料品,食品,True,True,50.991501416430594,35.0,49.02202816664096,BASE,True
3196,2026-10-08,1610.0,123757105.0,74,-0.022465088038858494,0.00814026299311199,-0.047337278106508895,1.3794520547945206,15.367837142604282,,,,PRICE ONLY,,,,,ホットランドホールディングス,"HOTLAND HOLDINGS Co.,Ltd.",プライム,,小売業,小売,True,True,57.84702549575071,35.0,49.01658281227216,BASE,True
6465,2026-10-08,5218.0,1990972845.0,74,-0.043270993766043264,-0.059819819819819875,-0.10711841204654349,0.8863382751474573,13.772857940197236,,,,PRICE ONLY,,,,,ホシザキ,HOSHIZAKI CORPORATION,プライム,,機械,機械,True,True,87.56373937677053,35.0,49.016268198560155,BASE,True
3302,2026-10-08,2916.0,151805070.0,74,-0.04861337683523659,-0.14361233480176216,-0.16086330935251802,2.2148865935470132,17.272732027211156,,,,PRICE ONLY,,,,,帝国繊維,"TEIKOKU SEN-I Co.,Ltd.",プライム,,繊維製品,素材・化学,True,True,60.08498583569405,35.0,49.015052407402436,BASE,True
1870,2026-10-08,2025.0,234099947.96264648,74,-0.02555795688601481,0.11514252606187192,-0.07584048889179074,1.2961951574731476,15.820408186202023,,,,PRICE ONLY,,,,,矢作建設工業,"YAHAGI CONSTRUCTION CO.,LTD.",プライム,,建設業,建設・資材,True,True,65.75070821529745,35.0,49.00987780590059,BASE,True
5706,2026-10-08,2715.0,38861581648.24951,74,0.12028013450647035,-0.17631155022503098,-0.4539348359802057,1.1201755414688945,64.49915417506402,,,,PRICE ONLY,,,,,三井金属,"Mitsui Kinzoku Company,Limited",プライム,,非鉄金属,鉄鋼・非鉄,True,True,99.1784702549575,35.0,48.98694512957741,BASE,True
4436,2026-10-08,614.0,213198745.0,74,0.47951807228915655,0.3406113537117903,-0.14125874125874127,0.3948410080485552,112.02424330523012,,,,PRICE ONLY,,,,,ミンカブ・ジ・インフォノイド,"MINKABU THE INFONOID,Inc.",グロース,,情報･通信業,情報通信・サービスその他,True,True,64.13597733711049,35.0,48.98628637651301,BASE,True
4628,2026-10-08,10040.0,138920400.0,74,0.035051546391752675,0.11308203991130816,-0.044719314938154175,1.024140453547915,23.91154288861674,,,,PRICE ONLY,,,,,エスケー化研,"SK KAKEN CO.,LTD.",スタンダード,,化学,素材・化学,True,True,59.23512747875355,35.0,48.98254189829737,BASE,True
4958,2026-10-08,3340.0,395885988.3117676,74,0.03647171833592555,0.050934119960668545,-0.03025388367631421,0.5377633156362391,20.872700806940173,,,,PRICE ONLY,,,,,長谷川香料,"T.HASEGAWA CO.,LTD.",プライム,,化学,素材・化学,True,True,72.8328611898017,35.0,48.9783925132868,BASE,True
7157,2026-10-08,1491.0,425883550.0,74,0.0514809590973202,-0.1198347107438017,-0.1595264937993236,1.0574428235132396,27.827137215293828,,,,PRICE ONLY,,,,,ライフネット生命保険,LIFENET INSURANCE COMPANY,プライム,,保険業,金融（除く銀行）,True,True,73.93767705382436,35.0,48.97712844999752,BASE,True
6412,2026-10-08,2039.0,817844688.425293,74,-0.03634705261657911,0.025517088822362144,-0.07703460872671075,0.9078066620017692,17.232469743171556,,,,PRICE ONLY,,,,,平和,Heiwa Corporation,プライム,,機械,機械,True,True,80.5099150141643,35.0,48.96374178094384,BASE,True
9621,2026-10-08,3275.0,218791100.0,74,0.03149606299212593,0.11432460020415114,-0.023845007451564815,0.7804951690821256,18.1684530164463,,,,PRICE ONLY,,,,,建設技術研究所,"CTI Engineering Co.,Ltd.",プライム,,サービス業,情報通信・サービスその他,True,True,64.47592067988668,35.0,48.96291134741235,BASE,True
1813,2026-10-08,2717.0,229476087.79785156,74,-0.0425870653271917,0.0032707534993527965,-0.10181818181818181,1.5187009184080926,26.847704171583025,,,,PRICE ONLY,,,,,不動テトラ,Fudo Tetra Corporation,プライム,,建設業,建設・資材,True,True,65.21246458923513,35.0,48.95747065359207,BASE,True
6741,2026-10-08,1794.0,237953410.90515137,74,-0.004950248690533177,0.1255379188874608,-0.04180394078064653,1.0132433324773469,23.98707598744575,,,,PRICE ONLY,,,,,日本信号,"Nippon Signal Company,Limited",プライム,,電気機器,電機・精密,True,True,65.8356940509915,35.0,48.95326728195323,BASE,True
3151,2026-10-08,1464.0,121448268.35266113,74,-0.06921676480965144,-0.04364253018767694,-0.1262700609267895,2.6792584819867087,22.26998956261057,,,,PRICE ONLY,,,,,バイタルケーエスケー・ホールディングス,"VITAL KSK HOLDINGS,INC.",プライム,,卸売業,商社・卸売,True,True,57.64872521246459,35.0,48.94567898318421,BASE,True
9902,2026-10-08,3170.0,255581182.54760742,74,0.050253776763966806,0.20325277990506185,-0.023112480739599373,0.6115107913669064,22.199883761544072,,,,PRICE ONLY,,,,,日伝,NICHIDEN Corporation,プライム,,卸売業,商社・卸売,True,True,66.65722379603399,35.0,48.93953818571377,BASE,True
8084,2026-10-08,2425.0,191206432.5,74,0.07033848398527809,0.2786867919602416,-0.02257154373236603,0.6222115036778005,23.986905877956218,,,,PRICE ONLY,,,,,ＲＹＯＤＥＮ,RYODEN CORPORATION,プライム,,卸売業,商社・卸売,True,True,62.74787535410765,35.0,48.93520556543832,BASE,True
9503,2026-10-08,2644.5,12224427203.189697,74,-0.09519788478288127,0.17169898143626994,-0.11328796902889149,0.8872792912705666,28.77692178736946,,,,PRICE ONLY,,,,,関西電力,"The Kansai Electric Power Company,Incorporated",プライム,,電気･ガス業,電気・ガス,True,True,96.9971671388102,35.0,48.928366040713776,BASE,True
9837,2026-10-08,1802.0,85042655.0,74,0.00952380952380949,0.016930022573363512,-0.03429796355841375,1.278058210718505,13.072450954454116,,,,PRICE ONLY,,,,,モリト,"MORITO CO.,LTD.",プライム,,卸売業,商社・卸売,True,True,53.1728045325779,35.0,48.92631958409254,BASE,True
4972,2026-10-08,4410.0,207371100.0,74,0.08220858895705518,0.26,-0.0360655737704918,0.5916203937405351,50.74004535398946,,,,PRICE ONLY,,,,,綜研化学,"Soken Chemical & Engineering Co.,Ltd.",スタンダード,,化学,素材・化学,True,True,63.88101983002833,35.0,48.926312779072056,BASE,True
8604,2026-10-08,1490.0,15509126457.5,74,-0.10024154589371981,-0.023591087811271283,-0.11044776119402988,0.8768724276429191,28.23812310075079,,,,PRICE ONLY,,,,,野村ホールディングス,"Nomura Holdings, Inc.",プライム,,証券･商品先物取引業,金融（除く銀行）,True,True,97.73371104815864,35.0,48.9256769625653,BASE,True
5471,2026-10-08,2452.5,2238236751.4257812,74,0.017956183491206756,-0.028750059461677524,-0.16271554337797844,0.796685887263605,37.425494342573245,,,,PRICE ONLY,,,,,大同特殊鋼,"Daido Steel Co.,Ltd.",プライム,,鉄鋼,鉄鋼・非鉄,True,True,88.52691218130312,35.0,48.90353091126554,BASE,True
4432,2026-10-08,3345.0,317254675.0,74,0.03400309119010814,0.3258472632685172,-0.061711079943899017,0.7752243811026729,25.69138458545252,,,,PRICE ONLY,,,,,ウイングアーク１ｓｔ,WingArc1st Inc.,プライム,,情報･通信業,情報通信・サービスその他,True,True,70.02832861189802,35.0,48.89356224378632,BASE,True
9416,2026-10-08,1021.0,305004220.0,74,-0.022030651340996132,0.01189296333002976,-0.053753475440222465,1.042522096179275,17.758462913654693,,,,PRICE ONLY,,,,,ビジョン,VISION INC.,プライム,,情報･通信業,情報通信・サービスその他,True,True,69.40509915014165,35.0,48.88836637820116,BASE,True
8267,2026-10-08,1201.5,14832889387.5,74,-0.13498920086393085,-0.14585201814152227,-0.17360309055206036,1.3645306845390048,26.458971617824396,,,,PRICE ONLY,,,,,イオン,"AEON CO.,LTD.",プライム,,小売業,小売,True,True,97.5070821529745,35.0,48.887509854959156,BASE,True
4187,2026-10-08,4640.0,604331975.0,74,0.056947608200455635,-0.11787072243346008,-0.24675324675324672,1.316403213267686,38.3300661786237,,,,PRICE ONLY,,,,,大阪有機化学工業,OSAKA ORGANIC CHEMICAL INDUSTRY LTD.,プライム,,化学,素材・化学,True,True,78.01699716713881,35.0,48.87195356927125,BASE,True
8093,2026-10-08,1727.0,61938747.712402344,74,-0.021189436477595303,0.017804769118141328,-0.06728151772026036,1.702567128946592,12.677246147702038,,,,PRICE ONLY,,,,,極東貿易,"Kyokuto Boeki Kaisha,Limited",プライム,,卸売業,商社・卸売,True,True,49.34844192634561,35.0,48.86651543024896,BASE,True
1786,2026-10-08,323.0,152622928.5762024,74,-0.0717332557794429,-0.07951205737116873,-0.14183673072257819,2.14980828176171,16.125836759774728,,,,PRICE ONLY,,,,,オリエンタル白石,Oriental Shiraishi Corporation,プライム,,建設業,建設・資材,True,True,60.19830028328612,35.0,48.86339753859254,BASE,True
3723,2026-10-08,2533.0,79143327.25585938,74,-0.04272663944825039,-0.035593416486298435,-0.12374163946931449,13.25587679005674,35.96007618951513,,,,PRICE ONLY,,,,,日本ファルコム,NIHON FALCOM CORPORATION,グロース,,情報･通信業,情報通信・サービスその他,True,True,52.23796033994334,35.0,48.85393257558165,BASE,True
4251,2026-10-08,1180.0,103348685.0,74,0.005110732538330387,-0.0033783783783783994,-0.10060975609756095,1.5440562775724336,14.722282657139774,,,,PRICE ONLY,,,,,恵和,KEIWA Incorporated,プライム,,化学,素材・化学,True,True,55.46742209631728,35.0,48.85212478836599,BASE,True
3076,2026-10-08,2962.0,311459420.0,74,-0.006373700100637425,0.11521084337349397,-0.022442244224422425,0.791095399608274,15.235232863699355,,,,PRICE ONLY,,,,,あい　ホールディングス,Ai Holdings Corporation,プライム,,卸売業,商社・卸売,True,True,69.77337110481587,35.0,48.8402675633218,BASE,True
6101,2026-10-08,5580.0,1602225300.6176758,74,0.06485463664122171,-0.24489529052677217,-0.3113593136732945,1.3393828793383449,47.78353409081843,,,,PRICE ONLY,,,,,ツガミ,TSUGAMI CORPORATION,プライム,,機械,機械,True,True,86.20396600566572,35.0,48.8339460538486,BASE,True
2157,2026-10-08,984.0,589270845.0,74,-0.018943170488534444,0.029439407703726106,-0.08890855785968343,0.937465812792958,15.187799874774417,,,,PRICE ONLY,,,,,コシダカホールディングス,"KOSHIDAKA HOLDINGS Co.,LTD.",プライム,,サービス業,情報通信・サービスその他,True,True,77.79036827195468,35.0,48.828361287725954,BASE,True
8804,2026-10-08,3157.0,3268618775.0,74,-0.05422408627920916,-0.060416666666666674,-0.10515873015873012,0.7927085389243982,17.72098986792513,,,,PRICE ONLY,,,,,東京建物,"Tokyo Tatemono Co.,Ltd.",プライム,,不動産業,不動産,True,True,91.27478753541077,35.0,48.822434649703666,BASE,True
6272,2026-10-08,1435.0,84356208.12988281,74,-0.0567451613087,-0.030508958220536897,-0.06933787209301678,1.7789560288874668,18.70831900811411,,,,PRICE ONLY,,,,,レオン自動機,"RHEON AUTOMATIC MACHINERY CO.,LTD.",プライム,,機械,機械,True,True,53.002832861189795,35.0,48.82076801026165,BASE,True
8050,2026-10-08,10590.0,5569234189.467773,74,-0.03042371753880746,0.43670001605731024,-0.09856502380820564,0.5510593956234804,73.87567370751945,,,,PRICE ONLY,,,,,セイコーグループ,SEIKO GROUP CORPORATION,プライム,,精密機器,電機・精密,True,True,94.1643059490085,35.0,48.81965214267054,BASE,True
4587,2026-10-08,1052.5,785229100.0,74,-0.03307303628847036,0.02933985330073341,-0.07105030891438657,0.8475356345526361,31.9429180759936,,,,PRICE ONLY,,,,,ペプチドリーム,PeptiDream Inc.,プライム,,医薬品,医薬品,True,True,80.25495750708215,35.0,48.817685162159364,BASE,True
9048,2026-10-08,1839.0,2465461725.0,74,-0.011556033324375159,-0.019199999999999995,-0.07796440210579092,0.4876782804169195,15.264956520690234,,,,PRICE ONLY,,,,,名古屋鉄道,"Nagoya Railroad Co., Ltd.",プライム,,陸運業,運輸・物流,True,True,89.26345609065156,35.0,48.815498435713536,BASE,True
8219,2026-10-08,725.0,497819985.51971436,74,-0.022645104915243408,0.03444648265205097,-0.04767341252712254,0.8187468429490699,15.502736976031168,,,,PRICE ONLY,,,,,青山商事,"AOYAMA TRADING Co.,Ltd.",プライム,,小売業,小売,True,True,75.58073654390934,35.0,48.808193900407275,BASE,True
5038,2026-10-08,2295.0,88186320.0,74,0.06447124304267171,0.10389610389610393,-0.014598540145985384,0.8651336233685519,30.84656953229578,,,,PRICE ONLY,,,,,ｅＷｅＬＬ,"eWeLL Co.,Ltd.",グロース,,情報･通信業,情報通信・サービスその他,True,True,53.71104815864023,35.0,48.805280994236895,BASE,True
5031,2026-10-08,385.0,315466610.0,74,0.13569321533923295,0.14243323442136502,-0.11494252873563215,0.1513361353761129,99.71940411422477,,,,PRICE ONLY,,,,,モイ,Moi Corporation,グロース,,情報･通信業,情報通信・サービスその他,True,True,69.94334277620396,35.0,48.798232325820734,BASE,True
8103,2026-10-08,984.0,156537345.0,74,0.01968911917098448,0.08131868131868125,-0.03339882121807469,0.9816228808075579,17.118434469223224,,,,PRICE ONLY,,,,,明和産業,Meiwa Corporation,プライム,,卸売業,商社・卸売,True,True,60.453257790368276,35.0,48.783921731160845,BASE,True
7231,2026-10-08,2940.0,159773472.87231445,74,-0.030195183624235455,0.06324682727536635,-0.06054906621982914,1.3648293963254594,21.688756659562358,,,,PRICE ONLY,,,,,トピー工業,"TOPY INDUSTRIES,LIMITED",プライム,,輸送用機器,自動車・輸送機,True,True,60.594900849858355,35.0,48.774258530975544,BASE,True
2154,2026-10-08,1971.0,319721030.0,74,0.003053435114503733,0.015455950540958163,-0.053314121037464024,0.8719927229384272,17.51367479657747,,,,PRICE ONLY,,,,,オープンアップグループ,Open Up Group Inc.,プライム,,サービス業,情報通信・サービスその他,True,True,70.1416430594901,35.0,48.7731175112196,BASE,True
5975,2026-10-08,3335.0,296618872.98950195,74,-0.00759053577932034,0.3040911035393248,-0.031726396020116066,0.8576701769623276,30.46304463585159,,,,PRICE ONLY,,,,,東プレ,Topre Corporation,プライム,,金属製品,建設・資材,True,True,68.86685552407931,35.0,48.75934128242949,BASE,True
9619,2026-10-08,2628.0,100109193.74389648,74,-0.01175597011403795,0.16190679736149294,-0.03947368421052633,1.3259972489683631,15.448455019979296,,,,PRICE ONLY,,,,,イチネンホールディングス,"ICHINEN HOLDINGS CO.,LTD.",プライム,,サービス業,情報通信・サービスその他,True,True,55.184135977337114,35.0,48.750376095456915,BASE,True
6505,2026-10-08,2304.0,83805105.0,74,-0.06112469437652812,0.15604616156547912,-0.07618283881315158,1.825372680255552,19.016128103721186,,,,PRICE ONLY,,,,,東洋電機製造,"TOYO DENKI SEIZO K.K.(TOYO ELECTRIC MFG.CO.,LTD.)",スタンダード,,電気機器,電機・精密,True,True,52.946175637393765,35.0,48.74626407008356,BASE,True
9832,2026-10-08,1501.0,664053246.8322754,74,-0.023815249282460593,0.02114923502616728,-0.06154507444023294,0.7835798657878112,15.05028079610266,,,,PRICE ONLY,,,,,オートバックスセブン,"AUTOBACS SEVEN CO.,LTD.",プライム,,卸売業,商社・卸売,True,True,78.89518413597733,35.0,48.74568865678895,BASE,True
7148,2026-10-08,1599.0,1034339034.3029785,74,-0.04273188470403555,0.059039452853935304,-0.05484227622471949,0.7324067599525452,23.27985923026236,,,,PRICE ONLY,,,,,ＦＰＧ,"Financial Partners Group Co.,Ltd.",プライム,,証券･商品先物取引業,金融（除く銀行）,True,True,82.74787535410765,35.0,48.74434344620628,BASE,True
6976,2026-10-08,10955.0,275301223977.3242,74,0.12067222431346591,-0.2500351151600084,-0.5140373087542527,1.0578570404106684,67.56484194369912,,,,PRICE ONLY,,,,,太陽誘電,"TAIYO YUDEN CO.,LTD.",プライム,,電気機器,電機・精密,True,True,99.94334277620396,35.0,48.73790603920217,BASE,True
1662,2026-10-08,1683.0,2485613053.057251,74,-0.09284845013959486,0.011657166438378885,-0.14476370662837257,1.228498801214364,27.05067035895748,,,,PRICE ONLY,,,,,石油資源開発,"Japan Petroleum Exploration Co.,Ltd.",プライム,,鉱業,エネルギー資源,True,True,89.37677053824362,35.0,48.73667402648865,BASE,True
9039,2026-10-08,2963.0,314851372.4206543,74,0.005554955783645621,0.02800812143871778,-0.028398831399716107,0.738584856147717,14.324748892518338,,,,PRICE ONLY,,,,,サカイ引越センター,"Sakai Moving Service Co.,Ltd.",プライム,,陸運業,運輸・物流,True,True,69.91501416430594,35.0,48.73391928974685,BASE,True
6240,2026-10-08,496.0,167998226.24404907,74,-0.05482504270548849,0.003310761159003528,-0.09540495069982446,1.6381110243373762,21.189727047660586,,,,PRICE ONLY,,,,,ヤマシンフィルタ,YAMASHIN-FILTER CORP.,プライム,,機械,機械,True,True,61.1614730878187,35.0,48.73218194168997,BASE,True
3864,2026-10-08,1226.0,150712070.98937988,74,0.0396194124966629,0.22199071588547215,-0.019199999999999995,0.8163919964713902,18.576356365330682,,,,PRICE ONLY,,,,,三菱製紙,Mitsubishi Paper Mills Limited,プライム,,パルプ・紙,素材・化学,True,True,59.97167138810199,35.0,48.73085125398191,BASE,True
3436,2026-10-08,3473.0,33963533760.0,74,0.04766214177978889,-0.23569542253521125,-0.3455813077068023,1.1929702258444115,61.63717878700156,,,,PRICE ONLY,,,,,ＳＵＭＣＯ,SUMCO CORPORATION,プライム,,金属製品,建設・資材,True,True,99.06515580736543,35.0,48.72842788479562,BASE,True
4099,2026-10-08,2550.0,2113598205.0,74,0.15436849253055684,-0.11211699164345401,-0.29746793042801667,0.7380322766696049,47.25879132940348,,,,PRICE ONLY,,,,,四国化成ホールディングス,SHIKOKU KASEI HOLDINGS CORPORATION,プライム,,化学,素材・化学,True,True,88.07365439093485,35.0,48.719396156216696,BASE,True
2109,2026-10-08,3655.0,221414103.64624023,74,-0.0035803108660001914,0.11259415248347326,-0.05188067444876787,1.0523613963039014,17.14760878231951,,,,PRICE ONLY,,,,,ＤＭ三井製糖,"Mitsui DM Sugar Co.,Ltd.",プライム,,食料品,食品,True,True,64.70254957507082,35.0,48.70690093157331,BASE,True
5036,2026-10-08,1600.0,201415321.44348145,74,0.0778466060273788,0.03932748204140557,-0.01712362434463721,0.47202018702686654,21.044687348714987,,,,PRICE ONLY,,,,,日本ビジネスシステムズ,"Japan Business Systems,Inc.",プライム,,情報･通信業,情報通信・サービスその他,True,True,63.48441926345609,35.0,48.70224969671493,BASE,True
7279,2026-10-08,2331.0,195569505.0,74,-0.09965237543453076,0.15338941118258287,-0.1344225770516153,2.409356725146199,38.457727242746444,,,,PRICE ONLY,,,,,ハイレックスコーポレーション,HI-LEX CORPORATION,スタンダード,,輸送用機器,自動車・輸送機,True,True,62.946175637393765,35.0,48.696705644117344,BASE,True
9729,2026-10-08,2535.0,73164834.23217773,74,0.039640749140170906,0.07165636847104917,-0.008779770300337053,1.0178117048346056,17.363080410989316,,,,PRICE ONLY,,,,,トーカイ,TOKAI Corp.,プライム,,サービス業,情報通信・サービスその他,True,True,51.388101983002834,35.0,48.69632443601903,BASE,True
1835,2026-10-08,3730.0,300022640.45532227,74,-0.04182916225777433,-0.0985928256907842,-0.1153631514261293,1.4189951549744475,13.667999270029133,,,,PRICE ONLY,,,,,東鉄工業,"TOTETSU KOGYO CO.,LTD.",プライム,,建設業,建設・資材,True,True,69.20679886685552,35.0,48.67740615539452,BASE,True
8337,2026-10-08,2680.0,344760710.0,74,-0.023679417122040025,-0.005934718100890191,-0.0589887640449438,0.9916301315265046,35.80234574429558,,,,PRICE ONLY,,,,,千葉興業銀行,"The Chiba Kogyo Bank,Ltd.",プライム,,銀行業,銀行,True,True,71.16147308781869,35.0,48.67368540923839,BASE,True
2730,2026-10-08,2329.0,764814449.8852539,74,-0.054272174690882746,0.010726243771949084,-0.09709483747613568,1.0675666819581886,20.080153228847948,,,,PRICE ONLY,,,,,エディオン,EDION Corporation,プライム,,小売業,小売,True,True,80.05665722379604,35.0,48.67162397424722,BASE,True
4174,2026-10-08,998.0,469511090.0,74,0.12134831460674156,0.47718815158512484,-0.13443191673894184,0.2415807637651411,85.61427755061469,,,,PRICE ONLY,,,,,アピリッツ,Appirits Inc.,スタンダード,,情報･通信業,情報通信・サービスその他,True,True,74.92917847025495,35.0,48.67016918655223,BASE,True
2784,2026-10-08,2226.0,1056390347.520752,74,-0.013656627041054081,0.015144958025061994,-0.08048319506336743,0.6889209946011711,17.46238873936906,,,,PRICE ONLY,,,,,アルフレッサ　ホールディングス,Alfresa Holdings Corporation,プライム,,卸売業,商社・卸売,True,True,83.0028328611898,35.0,48.66896596004067,BASE,True
6526,2026-10-08,2140.0,12964720182.886963,74,0.08461496152779868,-0.18699690712603878,-0.24654357935638194,0.5680851653024974,65.92087833604995,,,,PRICE ONLY,,,,,ソシオネクスト,Socionext Inc.,プライム,,電気機器,電機・精密,True,True,97.16713881019831,35.0,48.66860407306986,BASE,True
6674,2026-10-08,5511.0,4098502445.397949,74,0.08344071079447546,-0.10515115784185813,-0.26276453110921505,0.7929142723267453,39.46992432633295,,,,PRICE ONLY,,,,,ジーエス・ユアサ　コーポレーション,GS Yuasa Corporation,プライム,,電気機器,電機・精密,True,True,92.46458923512748,35.0,48.65951391444109,BASE,True
7966,2026-10-08,5790.0,6149884935.075684,74,0.06757523111521135,-0.10271283264754993,-0.1996836508602109,0.4918624087270168,39.152514047993314,,,,PRICE ONLY,,,,,リンテック,LINTEC Corporation,プライム,,その他製品,情報通信・サービスその他,True,True,94.64589235127478,35.0,48.64918202696249,BASE,True
6745,2026-10-08,1905.0,289162185.0701904,74,0.006283857658746506,-0.06416089484049448,-0.10213567959179282,1.1309345825442705,30.62240296606816,,,,PRICE ONLY,,,,,ホーチキ,HOCHIKI CORPORATION,プライム,,電気機器,電機・精密,True,True,68.24362606232295,35.0,48.64384986718349,BASE,True
3231,2026-10-08,842.2000122070312,4421328210.867004,74,-0.0624149590644999,-0.07843178112866256,-0.13042432965795436,0.8800971903658249,16.328453081583323,,,,PRICE ONLY,,,,,野村不動産ホールディングス,"Nomura Real Estate Holdings,Inc.",プライム,,不動産業,不動産,True,True,92.97450424929178,35.0,48.64300709429749,BASE,True
8570,2026-10-08,1466.0,958936977.5,74,-0.09310238168883389,-0.02927554016805667,-0.13710254316616954,1.388034936704596,22.835529115317346,,,,PRICE ONLY,,,,,イオンフィナンシャルサービス,"AEON Financial Service Co.,Ltd.",プライム,,その他金融業,金融（除く銀行）,True,True,82.29461756373938,35.0,48.6240992561656,BASE,True
6376,2026-10-08,3680.0,1431884100.0,74,0.017980636237897585,-0.009421265141319024,-0.1607753705815279,0.8299737396900544,48.41152445973376,,,,PRICE ONLY,,,,,日機装,"NIKKISO CO.,LTD.",プライム,,精密機器,電機・精密,True,True,85.66572237960341,35.0,48.617105962873126,BASE,True
3580,2026-10-08,696.0,60337216.65100098,74,-0.06717264882313334,-0.008381042785415183,-0.08525068869330088,2.9581653558918775,17.958323520304393,,,,PRICE ONLY,,,,,小松マテーレ,"KOMATSU MATERE Co.,Ltd.",プライム,,繊維製品,素材・化学,True,True,48.98016997167139,35.0,48.61518150929457,BASE,True
4641,2026-10-08,866.0,75800775.0,74,0.016431924882629012,0.06781750924784213,-0.029147982062780242,1.2093023255813953,14.266106219791524,,,,PRICE ONLY,,,,,アルプス技研,Altech Corporation,プライム,,サービス業,情報通信・サービスその他,True,True,51.84135977337111,35.0,48.60588213272378,BASE,True
6929,2026-10-08,3680.0,289392375.0,74,-0.013404825737265424,-0.01997336884154466,-0.05882352941176472,1.0120942075111394,21.015107842835803,,,,PRICE ONLY,,,,,日本セラミック,"NIPPON CERAMIC CO.,LTD.",プライム,,電気機器,電機・精密,True,True,68.328611898017,35.0,48.601182174708114,BASE,True
2753,2026-10-08,1263.0,73053069.30969238,74,-0.07469184404913898,-0.04139739881487714,-0.09242306075254747,2.392889243982822,18.19328337744077,,,,PRICE ONLY,,,,,あみやき亭,"AMIYAKI TEI CO.,LTD.",プライム,,小売業,小売,True,True,51.35977337110481,35.0,48.60019911807841,BASE,True
7003,2026-10-08,3926.0,7346950874.802246,74,-0.12131341026148212,-0.11679921263302195,-0.2280183759794211,1.5730480786000813,36.623910779862825,,,,PRICE ONLY,,,,,三井Ｅ＆Ｓ,"MITSUI E&S Co.,Ltd.",プライム,,機械,機械,True,True,95.46742209631728,35.0,48.57008127687248,BASE,True
3431,2026-10-08,1411.0,146357208.44177246,74,-0.08872894418838151,-0.06133128907342811,-0.13065185888038477,2.504207337596769,14.898837621244848,,,,PRICE ONLY,,,,,宮地エンジニアリンググループ,"MIYAJI ENGINEERING GROUP,INC.",プライム,,金属製品,建設・資材,True,True,59.66005665722379,35.0,48.53654783137346,BASE,True
6440,2026-10-08,760.0,281626875.0,74,0.032608695652173836,0.4366729678638941,-0.12341407151095729,1.0914568538842264,42.44267150197385,,,,PRICE ONLY,,,,,ＪＵＫＩ,JUKI CORPORATION,プライム,,機械,機械,True,True,67.87535410764872,35.0,48.518028755202536,BASE,True
4373,2026-10-08,1147.0,1845003820.0,74,0.002622377622377714,0.09030418250950567,-0.08895949166004768,0.43924632571877753,30.55644414999329,,,,PRICE ONLY,,,,,シンプレクス・ホールディングス,"Simplex Holdings,Inc.",プライム,,情報･通信業,情報通信・サービスその他,True,True,87.11048158640227,35.0,48.51368007109615,BASE,True
4552,2026-10-08,483.0,373082564.41970825,74,-0.06696829708938123,0.039326365459491086,-0.09772761322426904,1.3518985937369983,28.438148928056243,,,,PRICE ONLY,,,,,ＪＣＲファーマ,"JCR Pharmaceuticals Co.,Ltd.",プライム,,医薬品,医薬品,True,True,72.03966005665723,35.0,48.50790978243915,BASE,True
9274,2026-10-08,1086.0,402970441.7077637,74,0.022265866213598606,0.06154595677002672,-0.06031518822875914,0.676188947734446,24.82671133456991,,,,PRICE ONLY,,,,,ＫＰＰグループホールディングス,"KPP GROUP HOLDINGS CO.,LTD.",プライム,,卸売業,商社・卸売,True,True,73.17280453257791,35.0,48.50516854415774,BASE,True
8255,2026-10-08,1248.0,291975719.95666504,74,-0.006005801628484964,0.06451412382376098,-0.0663817124484648,0.9907965003976821,21.57028878867778,,,,PRICE ONLY,,,,,アクシアル　リテイリング,Axial Retailing Inc.,プライム,,小売業,小売,True,True,68.4985835694051,35.0,48.50123167279002,BASE,True
6486,2026-09-30,3005.0,377191730.8703613,68,0.010400530037351752,0.07201027445371455,-0.005922638308299422,0.0,24.322530525413697,,,,PRICE ONLY,,,,,イーグル工業,"EAGLE INDUSTRY CO.,LTD.",プライム,,機械,機械,True,True,72.1813031161473,35.0,48.493221622347505,BASE,True
6328,2026-10-08,2438.0,167934075.0,74,0.00952380952380949,0.007438016528925617,-0.03940110323089041,0.9978888106966924,23.31472222480285,,,,PRICE ONLY,,,,,荏原実業,"EBARA JITSUGYO CO.,LTD.",プライム,,機械,機械,True,True,61.13314447592067,35.0,48.48473953326018,BASE,True
3946,2026-10-08,4330.0,242883482.68554688,74,0.01799021366356235,0.08294172971067248,-0.07192686132622872,0.9615557756369857,17.946358369360414,,,,PRICE ONLY,,,,,トーモク,"TOMOKU CO.,LTD.",プライム,,パルプ・紙,素材・化学,True,True,66.1756373937677,35.0,48.484207458362675,BASE,True
5184,2026-10-08,4110.0,55305650.0,74,-0.0012150668286755595,0.013563501849568338,-0.019093078758949833,1.3530326594090203,13.493322480079643,,,,PRICE ONLY,,,,,ニチリン,"NICHIRIN CO.,LTD.",スタンダード,,ゴム製品,自動車・輸送機,True,True,47.79036827195468,35.0,48.47563069951633,BASE,True
7616,2026-10-08,2009.5,1354165300.0,74,-0.03249879634087627,0.052094240837696315,-0.06902941857771605,0.6342343948476812,26.12932468010254,,,,PRICE ONLY,,,,,コロワイド,"COLOWIDE CO.,LTD.",プライム,,小売業,小売,True,True,85.21246458923513,35.0,48.47254547660671,BASE,True
8057,2026-10-08,2257.0,353815060.0,74,-0.0013274336283185528,0.11361538575975683,-0.03834682573498083,0.7349353500853867,30.53258558537657,,,,PRICE ONLY,,,,,内田洋行,"UCHIDA YOKO CO.,LTD.",プライム,,卸売業,商社・卸売,True,True,71.47308781869688,35.0,48.46192652733178,BASE,True
4072,2026-10-08,3155.0,91635075.0,74,0.02269043760129663,0.08344780219780223,-0.03220858895705525,1.0954616588419406,20.7239986106801,,,,PRICE ONLY,,,,,電算システムホールディングス,"Densan System Holdings Co.,Ltd.",プライム,,情報･通信業,情報通信・サービスその他,True,True,54.22096317280454,35.0,48.43797288920924,BASE,True
9508,2026-10-07,1959.0,4224242002.695923,73,-0.08148010105011949,0.13325241696916157,-0.10288458764884068,0.8207223910152496,27.745282674938537,,,,PRICE ONLY,,,,,九州電力,"Kyushu Electric Power Company,Incorporated",プライム,,電気･ガス業,電気・ガス,True,True,92.71954674220963,35.0,48.43756320157122,BASE,True
6908,2026-10-08,2764.0,544810285.0,74,-0.025044091710758387,-0.029835029835029836,-0.08019966722129779,0.8975039830058418,33.17838879740127,,,,PRICE ONLY,,,,,イリソ電子工業,"IRISO ELECTRONICS CO.,LTD.",プライム,,電気機器,電機・精密,True,True,76.79886685552408,35.0,48.43751330970177,BASE,True
4765,2026-10-08,596.0,179704699.54162598,74,-0.03943751667973827,0.0542759393281389,-0.06899327835248126,1.357092448835568,14.926113352566553,,,,PRICE ONLY,,,,,ＳＢＩグローバルアセットマネジメント,"SBI Global Asset Management Co.,Ltd.",プライム,,サービス業,情報通信・サービスその他,True,True,61.98300283286119,35.0,48.40898239285793,BASE,True
4527,2026-10-08,2707.5,3062279997.866211,74,-0.05945348510194104,0.10824238485088689,-0.12047089804375932,0.8427594101774374,19.5616442930166,,,,PRICE ONLY,,,,,ロート製薬,"ROHTO PHARMACEUTICAL CO.,LTD.",プライム,,医薬品,医薬品,True,True,90.8215297450425,35.0,48.3885164364646,BASE,True
6023,2026-10-08,3260.0,457785654.20043945,74,-0.02288460432379069,0.26212302905519325,-0.04117647058823526,0.7537096103175703,35.43166091007944,,,,PRICE ONLY,,,,,ダイハツインフィニアース,"DAIHATSU INFINEARTH MFG.CO.,LTD.",スタンダード,,輸送用機器,自動車・輸送機,True,True,74.61756373937676,35.0,48.38491699334487,BASE,True
1762,2026-10-08,3845.0,171560243.37524414,74,-0.05627492397345435,0.08059129691855094,-0.09450451393161086,1.581739666872301,22.30248912058354,,,,PRICE ONLY,,,,,高松コンストラクショングループ,"TAKAMATSU CONSTRUCTION GROUP CO.,LTD.",プライム,,建設業,建設・資材,True,True,61.38810198300283,35.0,48.38125265102488,BASE,True
8043,2026-10-08,1488.0,351686499.12597656,74,0.013099310144443876,0.16160434997848738,-0.05578885579979309,0.7352191641182467,17.813030214243504,,,,PRICE ONLY,,,,,スターゼン,Starzen Company Limited,プライム,,卸売業,商社・卸売,True,True,71.41643059490085,35.0,48.38025241408472,BASE,True
7239,2026-10-08,2250.0,237961490.90454102,74,-0.029655827892783315,0.07584584819343476,-0.038558137657067615,1.037110341415141,19.969101186659575,,,,PRICE ONLY,,,,,タチエス,"TACHI-S CO.,LTD.",プライム,,輸送用機器,自動車・輸送機,True,True,65.86402266288952,35.0,48.37648656897634,BASE,True
8158,2026-10-08,1333.0,55939610.524902344,74,0.005391211798132511,0.18987471700810565,-0.03470989635888144,1.3724183877415057,18.005272281204135,,,,PRICE ONLY,,,,,ソーダニッカ,"SODA NIKKA CO.,LTD.",プライム,,卸売業,商社・卸売,True,True,48.04532577903683,35.0,48.37481479930878,BASE,True
2602,2026-10-08,1985.0,557951430.3790283,74,-0.011633115765772972,0.06351194677888272,-0.050310344912169125,0.6613248250607302,14.54478472785799,,,,PRICE ONLY,,,,,日清オイリオグループ,"The Nisshin OilliO Group,Ltd.",プライム,,食料品,食品,True,True,77.1671388101983,35.0,48.36784784559158,BASE,True
3964,2026-10-08,1327.0,522555200.0,74,-0.019940915805022108,-0.058865248226950384,-0.1159227181878747,1.045131245785248,24.42627530154285,,,,PRICE ONLY,,,,,オークネット,AUCNET INC.,プライム,,情報･通信業,情報通信・サービスその他,True,True,76.43059490084985,35.0,48.3620075452697,BASE,True
2296,2026-10-08,4845.0,646175094.9731445,74,-0.01630334136610523,0.009955572401900481,-0.04495466726315933,0.6140947201450261,14.697137938039065,,,,PRICE ONLY,,,,,伊藤ハム米久ホールディングス,ITOHAM YONEKYU HOLDINGS INC.,プライム,,食料品,食品,True,True,78.64022662889518,35.0,48.36153554623626,BASE,True
6226,2026-10-08,2233.0,224011606.38916016,74,0.01633075356904312,-0.03380990525781269,-0.14495480530368443,1.342229958417948,34.74349749929379,,,,PRICE ONLY,,,,,守谷輸送機工業,"Moriya Transportation Engineering and Manufacturing Co.,Ltd.",スタンダード,,機械,機械,True,True,64.92917847025495,35.0,48.34243960492999,BASE,True
2613,2026-10-08,2188.0,141875832.0703125,74,-0.0033097900544818426,0.05426420058157144,-0.050892518442472334,1.1463471928588207,15.608823050601833,,,,PRICE ONLY,,,,,Ｊ−オイルミルズ,"J-OIL MILLS, INC.",プライム,,食料品,食品,True,True,59.433427762039656,35.0,48.32103861545654,BASE,True
2220,2026-10-08,1267.0,305953073.22387695,74,-0.03794001492132937,-0.013310135287814884,-0.10370451031810302,1.2805251641137856,20.39693006803385,,,,PRICE ONLY,,,,,亀田製菓,"KAMEDA SEIKA CO.,LTD.",プライム,,食料品,食品,True,True,69.43342776203966,35.0,48.311846692430194,BASE,True
6351,2026-10-08,2572.0,163805715.28564453,74,-0.01718150864038548,0.10777435914691713,-0.02427921092564489,1.0435607557909716,29.555222530497844,,,,PRICE ONLY,,,,,鶴見製作所,"TSURUMI MANUFACTURING CO.,LTD.",プライム,,機械,機械,True,True,60.84985835694051,35.0,48.30841253485981,BASE,True
5711,2026-10-08,4795.0,7825974667.96875,74,-0.07810224336690352,0.22477375105669317,-0.1993885450020687,1.1651865694444892,37.66269006372412,,,,PRICE ONLY,,,,,三菱マテリアル,Mitsubishi Materials Corporation,プライム,,非鉄金属,鉄鋼・非鉄,True,True,95.63739376770538,35.0,48.29699411230994,BASE,True
8566,2026-10-08,6200.0,334920748.50341797,74,-0.07367513059636976,-0.01288506216695584,-0.0896922936849267,1.3512961828944683,15.620616631972634,,,,PRICE ONLY,,,,,リコーリース,"RICOH LEASING COMPANY,LTD.",プライム,,その他金融業,金融（除く銀行）,True,True,70.82152974504248,35.0,48.291466955478825,BASE,True
7458,2026-10-08,1720.0,903368864.6484375,74,-0.04411811595294235,0.0009449498179221472,-0.08314389743099204,0.8430956365565941,17.592605126740793,,,,PRICE ONLY,,,,,第一興商,"DAIICHIKOSHO CO.,LTD.",プライム,,卸売業,商社・卸売,True,True,81.61473087818698,35.0,48.28830977731133,BASE,True
7085,2026-10-08,922.0,263158075.0,74,0.004357298474945592,0.03360809914833318,-0.05269919356775643,0.8795768779442527,19.47016609293669,,,,PRICE ONLY,,,,,カーブスホールディングス,"CURVES HOLDINGS Co.,Ltd.",プライム,,サービス業,情報通信・サービスその他,True,True,67.05382436260624,35.0,48.270803834624225,BASE,True
4534,2026-10-08,3080.0,137925806.7626953,74,-0.026307724046942482,-0.002976446854909942,-0.06426273403760174,1.3328598484848484,17.391545538352933,,,,PRICE ONLY,,,,,持田製薬,"Mochida Pharmaceutical Co.,Ltd.",プライム,,医薬品,医薬品,True,True,59.06515580736544,35.0,48.26776932782629,BASE,True
6103,2026-10-08,4700.0,1741667362.770996,74,0.013899191101079511,-0.01136941604897801,-0.14690746867196347,0.691069336186255,38.9116652352285,,,,PRICE ONLY,,,,,オークマ,OKUMA Corporation,プライム,,機械,機械,True,True,86.88385269121814,35.0,48.245474218731154,BASE,True
2060,2026-10-08,1409.0,135447603.60961914,74,-0.007441184852226224,0.13558782428492333,-0.03677133712170366,1.1056184553234465,17.825344087018276,,,,PRICE ONLY,,,,,フィード・ワン,"FEED ONE CO.,LTD.",プライム,,食料品,食品,True,True,58.81019830028329,35.0,48.242158377490796,BASE,True
3180,2026-10-08,1666.0,83917480.0,74,0.00969696969696976,0.17988668555240794,-0.004778972520907976,1.0346501019120644,26.053205522789213,,,,PRICE ONLY,,,,,ビューティガレージ,BEAUTY GARAGE Inc.,プライム,,卸売業,商社・卸売,True,True,52.97450424929179,35.0,48.22924293100062,BASE,True
4912,2026-10-08,1748.5,1735395642.5,74,-0.028611111111111143,0.020128354725787556,-0.08431526577638127,0.6020404627424968,15.318531231647034,,,,PRICE ONLY,,,,,ライオン,Lion Corporation,プライム,,化学,素材・化学,True,True,86.8555240793201,35.0,48.22303319165303,BASE,True
7979,2026-10-08,2246.0,148327360.16235352,74,0.0020870422994239135,0.10374800477222967,-0.05196744031757117,1.0970654627539504,21.833095366030726,,,,PRICE ONLY,,,,,松風,SHOFU INC.,プライム,,精密機器,電機・精密,True,True,59.830028328611895,35.0,48.221913152598376,BASE,True
6370,2026-10-08,7738.0,4140071627.1240234,74,-0.012367357604627038,-0.12761139818676626,-0.18372088255712749,0.8302603234875315,25.65156096587753,,,,PRICE ONLY,,,,,栗田工業,Kurita Water Industries Ltd.,プライム,,機械,機械,True,True,92.57790368271954,35.0,48.21522099690979,BASE,True
2929,2026-10-08,673.0,282401660.0,74,0.10873146622734753,0.14184821593982933,-0.09299191374663074,0.3543984259958175,52.02204160505149,,,,PRICE ONLY,,,,,ファーマフーズ,"Pharma Foods International Co.,Ltd.",プライム,,食料品,食品,True,True,67.93201133144477,35.0,48.18495819731823,BASE,True
3291,2026-10-08,2136.0,1183535440.9265137,74,-0.049873451208072406,-0.0166673204193023,-0.08744912110303948,0.8044973053335811,19.495088571610996,,,,PRICE ONLY,,,,,飯田グループホールディングス,"Iida Group Holdings Co.,Ltd.",プライム,,不動産業,不動産,True,True,83.9943342776204,35.0,48.169662699527166,BASE,True
5288,2026-10-08,1395.0,280248115.5480957,74,-0.05772582059517961,-0.03870276555997609,-0.09474797551190861,1.3616077323262998,19.85665511846718,,,,PRICE ONLY,,,,,アジアパイルホールディングス,ASIA PILE HOLDINGS CORPORATION,プライム,,ガラス･土石製品,建設・資材,True,True,67.79036827195468,35.0,48.13650215011832,BASE,True
4045,2026-10-08,1791.0,474034315.0,74,-0.020240700218818408,0.029606208680655444,-0.05885444035733056,0.7719887955182073,17.07670278981625,,,,PRICE ONLY,,,,,東亞合成,"TOAGOSEI CO.,LTD.",プライム,,化学,素材・化学,True,True,75.12747875354108,35.0,48.12487535409496,BASE,True
7731,2026-10-08,1892.5,3212317534.812622,74,0.015027598511467177,-0.11256092952318675,-0.17185232936296768,0.6607509844550797,35.83737144566314,,,,PRICE ONLY,,,,,ニコン,NIKON CORPORATION,プライム,,精密機器,電機・精密,True,True,91.13314447592067,35.0,48.121190512409946,BASE,True
2501,2026-10-08,1821.0,2260597767.5,74,-0.01620745542949753,-0.12028985507246381,-0.15811373092926495,0.8284580837710482,22.778138973994544,,,,PRICE ONLY,,,,,サッポロビール,SAPPORO BREWERIES LIMITED,プライム,,食料品,食品,True,True,88.61189801699717,35.0,48.11057686337492,BASE,True
5076,2026-10-08,2260.0,5817268990.213623,74,-0.16374672356140463,-0.20473248500995445,-0.20867887354091785,1.5870046282399424,52.192909834180156,,,,PRICE ONLY,,,,,インフロニア・ホールディングス,INFRONEER Holdings Inc.,プライム,,建設業,建設・資材,True,True,94.44759206798867,35.0,48.10415254511752,BASE,True
1801,2026-10-08,11775.0,10240251818.354492,74,-0.0675784461032719,-0.14887501374706336,-0.2083213452654168,1.0955846077947706,31.75612139615819,,,,PRICE ONLY,,,,,大成建設,TAISEI CORPORATION,プライム,,建設業,建設・資材,True,True,96.57223796033995,35.0,48.090449770794905,BASE,True
6333,2026-10-08,3445.0,137549110.078125,74,0.02884220327236786,0.11553322494793195,-0.04438280166435504,0.9259259259259259,25.17412978800424,,,,PRICE ONLY,,,,,ＴＥＩＫＯＫＵ,TEIKOKU CORPORATION,プライム,,機械,機械,True,True,59.036827195467424,35.0,48.0861632414655,BASE,True
1968,2026-10-08,2418.0,282619050.0,74,-0.05213641709133676,-0.039714058776807004,-0.09675009338812102,1.3280141843971631,20.304355157308954,,,,PRICE ONLY,,,,,太平電業,"TAIHEI DENGYO KAISHA,LTD.",プライム,,建設業,建設・資材,True,True,67.96033994334277,35.0,48.073107358785116,BASE,True
7888,2026-10-08,894.0,89672420.0,74,-0.021881838074398252,0.17786561264822143,-0.08119218910585813,1.5145512722840164,22.34250016419124,,,,PRICE ONLY,,,,,三光合成,SANKO GOSEI LTD.,プライム,,化学,素材・化学,True,True,54.022662889518415,35.0,48.07208427511547,BASE,True
8233,2026-10-08,2140.5,3363626257.5,74,-0.018569463548830822,-0.06254719347576865,-0.1706316848549334,0.8105092064724291,21.719399164483953,,,,PRICE ONLY,,,,,高島屋,"Takashimaya Company,Limited",プライム,,小売業,小売,True,True,91.44475920679886,35.0,48.06967328124024,BASE,True
4595,2026-10-08,1690.0,117829055.0,74,-0.012273524254821755,0.010161386730424438,-0.036488027366020526,1.153903345724907,13.005205420165456,,,,PRICE ONLY,,,,,ミズホメディー,"MIZUHO MEDY CO.,LTD.",スタンダード,,医薬品,医薬品,True,True,57.082152974504254,35.0,48.06197594064878,BASE,True
2292,2026-10-08,2642.0,350080275.0,74,-0.04552023121387283,-0.023126651666730558,-0.10044262853251618,1.2065272422790825,16.667955057109207,,,,PRICE ONLY,,,,,Ｓ　Ｆｏｏｄｓ,S Foods Inc.,プライム,,食料品,食品,True,True,71.35977337110482,35.0,48.04991436334672,BASE,True
4246,2026-10-08,1061.0,241318555.99243164,74,-0.021787116401398854,0.09081998508167644,-0.062195179057386474,1.0528442508867237,23.800675044851996,,,,PRICE ONLY,,,,,ダイキョーニシカワ,DaikyoNishikawa Corporation,プライム,,化学,素材・化学,True,True,66.06232294617563,35.0,48.022619903924074,BASE,True
6706,2026-10-08,3275.0,94355409.36401367,74,0.011970223283130688,0.07932539588030862,-0.04198205958859591,1.120339282558756,16.688460282655303,,,,PRICE ONLY,,,,,電気興業,"DKK Co.,Ltd.",プライム,,電気機器,電機・精密,True,True,54.73087818696884,35.0,48.02061871610154,BASE,True
9974,2026-10-08,6480.0,189427100.0,74,-0.03427719821162445,-0.02203570712183711,-0.08085106382978724,1.309851403412218,21.03586215875248,,,,PRICE ONLY,,,,,ベルク,"Belc CO.,LTD.",プライム,,小売業,小売,True,True,62.63456090651558,35.0,48.015900881375075,BASE,True
4413,2026-10-08,2985.0,859582925.0,74,0.007424907188660068,-0.04632587859424919,-0.07298136645962738,0.4538234626730202,4.970147184857883,,,,PRICE ONLY,,,,,ボードルア,"baudroie,inc.",プライム,,情報･通信業,情報通信・サービスその他,True,True,81.18980169971671,35.0,48.013491319330946,BASE,True
8125,2026-10-08,1812.0,252131320.0,74,-0.07926829268292679,0.03947480832896133,-0.082995951417004,1.431559010377619,13.727316904389939,,,,PRICE ONLY,,,,,ワキタ,"Wakita & Co.,LTD.",プライム,,卸売業,商社・卸売,True,True,66.57223796033995,35.0,48.002559681546764,BASE,True
7811,2026-10-08,2185.0,74304535.0,74,0.10970035551041146,0.15088286012990526,-0.06623931623931623,0.8260132531977192,51.20245572145408,,,,PRICE ONLY,,,,,中本パックス,"NAKAMOTO PACKS CO.,LTD.",スタンダード,,その他製品,情報通信・サービスその他,True,True,51.58640226628896,35.0,47.9919365523932,BASE,True
3776,2026-10-08,273.0,110009305.0,74,0.10080645161290325,-0.0714285714285714,-0.07457627118644072,0.7705091767426177,33.29513375672056,,,,PRICE ONLY,,,,,ブロードバンドタワー,"BroadBand Tower,Inc.",スタンダード,,情報･通信業,情報通信・サービスその他,True,True,56.23229461756374,35.0,47.9752029625847,BASE,True
3687,2026-10-08,2163.0,1195738755.513916,74,-0.01899407021469046,-0.008742766247894163,-0.23042074812503155,1.3078690149092382,28.61025314082573,,,,PRICE ONLY,,,,,フィックスターズ,Fixstars Corporation,プライム,,情報･通信業,情報通信・サービスその他,True,True,84.13597733711048,35.0,47.9659464644403,BASE,True
5344,2026-10-08,58460.0,5628132808.261719,74,0.0008220166719854483,-0.02502391876311172,-0.20750185709979796,0.790760088181731,39.34100335120683,,,,PRICE ONLY,,,,,ＭＡＲＵＷＡ,"MARUWA CO.,LTD.",プライム,,ガラス･土石製品,建設・資材,True,True,94.24929178470255,35.0,47.96548916068622,BASE,True
6954,2026-10-08,6019.0,25762352335.0,74,0.0013308933621694052,-0.12144212523719167,-0.24384422110552761,0.827188569590885,25.868566792144136,,,,PRICE ONLY,,,,,ファナック,FANUC CORPORATION,プライム,,電気機器,電機・精密,True,True,98.75354107648725,35.0,47.94551593239095,BASE,True
3937,2026-10-08,1115.0,68756105.0,74,-0.047008547008547064,0.11499999999999999,-0.13766434648105186,5.213882163034706,24.789417629306907,,,,PRICE ONLY,,,,,Ｕｂｉｃｏｍホールディングス,"Ubicom Holdings,Inc.",スタンダード,,情報･通信業,情報通信・サービスその他,True,True,50.67988668555241,35.0,47.943021607611826,BASE,True
2685,2026-10-08,3040.0,702560630.0,74,-0.06317411402157169,-0.13262037136752247,-0.14703668159303152,1.263573992457631,19.592040275928714,,,,PRICE ONLY,,,,,アンドエスティＨＤ,"and ST HD Co.,Ltd.",プライム,,小売業,小売,True,True,79.51841359773371,35.0,47.942371370084494,BASE,True
4516,2026-10-08,3368.0,1508560674.2333984,74,0.0013117270957294647,-0.1639865482301025,-0.17505023731915825,0.8763364015779543,17.95974315036848,,,,PRICE ONLY,,,,,日本新薬,"Nippon Shinyaku Co.,Ltd.",プライム,,医薬品,医薬品,True,True,85.92067988668555,35.0,47.94174325159965,BASE,True
5632,2026-10-08,2351.0,297908570.0292969,74,0.02398911113237845,0.1435684475823571,-0.07473717334332608,0.778509220264137,41.36264475884626,,,,PRICE ONLY,,,,,三菱製鋼,"Mitsubishi Steel Mfg.Co.,Ltd.",プライム,,鉄鋼,鉄鋼・非鉄,True,True,68.98016997167139,35.0,47.93914494888054,BASE,True
1812,2026-10-08,4757.0,11153273857.131348,74,-0.03725664565971587,-0.1695407391343967,-0.2244867775257301,0.9895929082911474,25.46914018941363,,,,PRICE ONLY,,,,,鹿島建設,KAJIMA CORPORATION,プライム,,建設業,建設・資材,True,True,96.77053824362606,35.0,47.937726535604,BASE,True
9001,2026-10-08,2765.5,2362486826.960449,74,-0.03771081716129365,-0.037049184034866345,-0.12407008467473257,0.734753407196784,15.83353069592116,,,,PRICE ONLY,,,,,東武鉄道,"TOBU RAILWAY CO.,LTD.",プライム,,陸運業,運輸・物流,True,True,89.0084985835694,35.0,47.93435951961452,BASE,True
4151,2026-10-08,2209.0,4075557890.0,74,-0.0757322175732218,-0.17389678384442786,-0.19246938402485836,1.160436488253596,25.29307798750494,,,,PRICE ONLY,,,,,協和キリン,"Kyowa Kirin Co.,Ltd.",プライム,,医薬品,医薬品,True,True,92.40793201133144,35.0,47.92556531206714,BASE,True
2127,2026-10-08,616.5,1966501487.6217651,74,-0.03701887343612775,-0.06805059987333795,-0.10164757391812229,0.6656800645999196,20.890305818330017,,,,PRICE ONLY,,,,,日本Ｍ＆Ａセンターホールディングス,Nihon M&A Center Holdings Inc.,プライム,,サービス業,情報通信・サービスその他,True,True,87.47875354107649,35.0,47.920376944922836,BASE,True
7238,2026-10-08,102.0,407682685.0,74,-0.04672897196261683,-0.04672897196261683,-0.10526315789473684,1.1574040276575552,25.40519610595001,,,,PRICE ONLY,,,,,曙ブレーキ工業,"AKEBONO BRAKE INDUSTRY CO.,LTD.",プライム,,輸送用機器,自動車・輸送機,True,True,73.31444759206799,35.0,47.9152513658334,BASE,True
3661,2026-10-08,814.0,318749105.0,74,0.004938271604938205,0.08969210174029452,-0.06436781609195408,0.788162688675738,28.42047604752233,,,,PRICE ONLY,,,,,エムアップホールディングス,"m-up holdings,Inc.",プライム,,情報･通信業,情報通信・サービスその他,True,True,70.11331444759207,35.0,47.9139627698708,BASE,True
3371,2026-10-08,2169.0,139296816.86523438,74,0.0650204739149689,0.14959891538775816,-0.006868131868131844,0.5219527172244397,20.350909087273276,,,,PRICE ONLY,,,,,ソフトクリエイトホールディングス,SOFTCREATE HOLDINGS CORP.,プライム,,情報･通信業,情報通信・サービスその他,True,True,59.26345609065156,35.0,47.89795891480646,BASE,True
6118,2026-10-08,1206.0,321648670.0,74,-0.04588607594936711,0.01858108108108114,-0.08497723823975722,1.1399598201473262,22.155480615357682,,,,PRICE ONLY,,,,,アイダエンジニアリング,"AIDA ENGINEERING,LTD.",プライム,,機械,機械,True,True,70.31161473087819,35.0,47.886581757530266,BASE,True
4395,2026-10-08,742.0,106066560.0,74,-0.009345794392523366,-0.0026881720430107503,-0.20386266094420602,1.9705503155323336,99.9443522925131,,,,PRICE ONLY,,,,,アクリート,Accrete Inc.,グロース,,情報･通信業,情報通信・サービスその他,True,True,55.6657223796034,35.0,47.8837066719916,BASE,True
9163,2026-10-08,2346.0,53728170.0,74,0.001280409731113874,0.027145359019264514,-0.029375258585022768,1.3114754098360655,11.793125014312555,,,,PRICE ONLY,,,,,ナレルグループ,Nareru Group Inc.,グロース,,サービス業,情報通信・サービスその他,True,True,47.422096317280456,35.0,47.876316330083384,BASE,True
2301,2026-10-08,1695.0,222361025.0,74,0.0,0.04823747680890533,-0.04882154882154888,0.8913318570072761,24.73936926335786,,,,PRICE ONLY,,,,,学情,"GAKUJO CO.,Ltd.",プライム,,サービス業,情報通信・サービスその他,True,True,64.78753541076487,35.0,47.87254293502495,BASE,True
7974,2026-10-08,7851.0,61212514780.0,74,-0.10274285714285714,0.10266853932584263,-0.13753707568933315,0.8105606220271344,31.430201691242942,,,,PRICE ONLY,,,,,任天堂,"Nintendo Co.,Ltd.",プライム,,その他製品,情報通信・サービスその他,True,True,99.46175637393767,35.0,47.86304535969096,BASE,True
6245,2026-10-08,1742.0,79840449.3182373,74,-0.0789516112272084,0.034909847923963566,-0.11725262814483217,2.1624612660469236,27.209915326090993,,,,PRICE ONLY,,,,,ヒラノテクシード,"HIRANO TECSEED CO.,LTD.",スタンダード,,機械,機械,True,True,52.40793201133145,35.0,47.856820745483525,BASE,True
4088,2026-10-08,2834.0,3164793845.0,74,-0.06003316749585408,0.07838660578386603,-0.06776315789473686,0.5021252572195335,24.821752864423903,,,,PRICE ONLY,,,,,エア・ウォーター,AIR WATER INC.,プライム,,化学,素材・化学,True,True,90.9915014164306,35.0,47.844743147598585,BASE,True
3222,2026-10-08,792.0,323912040.0,74,-0.04578313253012045,-0.033222587649287094,-0.08439306358381504,1.1271935442551557,16.945467205362952,,,,PRICE ONLY,,,,,ユナイテッド・スーパーマーケット・ホールディングス,United Super Markets Holdings Inc.,スタンダード,,小売業,小売,True,True,70.39660056657225,35.0,47.84098558369928,BASE,True
6209,2026-10-08,3825.0,332741944.93652344,74,-0.0029472723857021377,0.009951182985385776,-0.054851970424791174,0.7511028558161134,19.680198321102534,,,,PRICE ONLY,,,,,リケンＮＰＲ,NPR-RIKEN CORPORATION,プライム,,機械,機械,True,True,70.76487252124646,35.0,47.83611230813646,BASE,True
9506,2026-10-08,1263.0,5724707060.0354,74,-0.0749794012633892,0.1708480285860623,-0.11884638965340544,0.7246819268594715,29.695135956442126,,,,PRICE ONLY,,,,,東北電力,"Tohoku Electric Power Company,Incorporated",プライム,,電気･ガス業,電気・ガス,True,True,94.3342776203966,35.0,47.82436218656679,BASE,True
8088,2026-10-08,1952.5,1390869987.722168,74,-0.08119747721760495,-0.006287553774722232,-0.13833447504647478,1.1218245320755844,20.50777543056849,,,,PRICE ONLY,,,,,岩谷産業,IWATANI  CORPORATION,プライム,,卸売業,商社・卸売,True,True,85.3257790368272,35.0,47.82372588711245,BASE,True
8218,2026-10-08,3735.0,349308088.828125,74,-0.028851660712057137,0.07828075421067737,-0.07424363275334178,0.9594624366600573,15.026895670694184,,,,PRICE ONLY,,,,,コメリ,"KOMERI CO.,LTD.",プライム,,小売業,小売,True,True,71.3314447592068,35.0,47.82011114543999,BASE,True
9984,2026-10-08,6040.0,433803669016.35986,74,-0.02761382356901676,0.05008246638716929,-0.16547142331691966,0.53750376548827,70.24303619456789,,,,PRICE ONLY,,,,,ソフトバンクグループ,SoftBank Group Corp.,プライム,,情報･通信業,情報通信・サービスその他,True,True,100.0,35.0,47.81830132308896,BASE,True
3091,2026-10-08,2774.0,185407985.0,74,-0.015613910574875822,0.21347331583552065,-0.05162393162393164,1.0446607943130892,15.003217561371423,,,,PRICE ONLY,,,,,ブロンコビリー,"BRONCO BILLY Co.,LTD.",プライム,,小売業,小売,True,True,62.46458923512748,35.0,47.803735097339235,BASE,True
6928,2026-10-08,3290.0,135595141.58935547,74,0.0944236681592674,0.16603220297992438,-0.049132947976878616,0.574855720267059,41.41381790521235,,,,PRICE ONLY,,,,,エノモト,"ENOMOTO Co.,Ltd.",スタンダード,,電気機器,電機・精密,True,True,58.8385269121813,35.0,47.800162759476315,BASE,True
8713,2026-10-08,2634.0,230994716.69189453,74,-0.05472666282676475,0.3093751911476432,-0.0898410504492052,1.338289962825279,35.665470263783064,,,,PRICE ONLY,,,,,フィデアホールディングス,FIDEA Holdings Co.Ltd.,プライム,,銀行業,銀行,True,True,65.4957507082153,35.0,47.78443017158048,BASE,True
3632,2026-10-08,410.0,215789450.0,74,-0.009661835748792313,0.03535353535353525,-0.046511627906976716,0.9312965408985624,16.064303751014855,,,,PRICE ONLY,,,,,グリーホールディングス,"GREE Holdings,Inc.",プライム,,情報･通信業,情報通信・サービスその他,True,True,64.27762039660057,35.0,47.780800647899,BASE,True
8923,2026-10-08,1625.0,495634745.0,74,-0.05797101449275366,-0.06555491661874635,-0.12821888412017168,1.2378160757169092,23.31947308198627,,,,PRICE ONLY,,,,,トーセイ,TOSEI CORPORATION,プライム,,不動産業,不動産,True,True,75.52407932011332,35.0,47.7617554713354,BASE,True
6145,2026-10-08,2733.0,263731397.63183594,74,0.12457227173611019,-0.013701381962112902,-0.1551158941521964,0.6825130683499359,33.638564773926056,,,,PRICE ONLY,,,,,ＮＩＴＴＯＫＵ,"NITTOKU CO.,LTD.",スタンダード,,機械,機械,True,True,67.08215297450425,35.0,47.75582428347783,BASE,True
6143,2026-10-08,1711.0,747305845.0,74,-0.039842873176206495,-0.036599099099099086,-0.16260688828654335,1.1773925871288955,49.98236524034601,,,,PRICE ONLY,,,,,ソディック,"Sodick Co.,Ltd.",プライム,,機械,機械,True,True,79.91501416430596,35.0,47.741045321223616,BASE,True
7211,2026-10-08,343.5,3010479723.404999,74,-0.052864221613357576,0.053137079974195034,-0.12936451575450914,0.7565092752525645,34.98165203660401,,,,PRICE ONLY,,,,,三菱自動車工業,MITSUBISHI MOTORS CORPORATION,プライム,,輸送用機器,自動車・輸送機,True,True,90.70821529745042,35.0,47.72772767717052,BASE,True
2317,2026-10-08,425.0,324004959.0991211,74,-0.0023474178403756207,0.02353511937996977,-0.07269469273123652,0.8283600209581986,19.00392625093806,,,,PRICE ONLY,,,,,システナ,Systena Corporation,プライム,,情報･通信業,情報通信・サービスその他,True,True,70.42492917847025,35.0,47.72384937378968,BASE,True
7821,2026-10-08,1953.0,265337335.0,74,0.001025115325474113,0.06372549019607843,-0.06599713055954093,0.8761408083441982,15.542699820665378,,,,PRICE ONLY,,,,,前田工繊,"MAEDA KOSEN CO.,LTD.",プライム,,その他製品,情報通信・サービスその他,True,True,67.13881019830028,35.0,47.71846463945256,BASE,True
6383,2026-10-08,5716.0,9277175275.0,74,-0.01651754989676535,-0.15518770322199227,-0.2234750713218313,0.860395236904048,29.219667331646747,,,,PRICE ONLY,,,,,ダイフク,"DAIFUKU CO.,LTD.",プライム,,機械,機械,True,True,96.26062322946176,35.0,47.71836088702311,BASE,True
7951,2026-10-08,1188.5,2848237332.861328,74,-0.08670322971052646,0.0282407903188433,-0.14581417280059605,1.0225634753068145,24.97459029666576,,,,PRICE ONLY,,,,,ヤマハ,YAMAHA CORPORATION,プライム,,その他製品,情報通信・サービスその他,True,True,90.22662889518413,35.0,47.71029664641627,BASE,True
7727,2026-10-08,918.0,114852201.44927979,74,0.059573029148538126,0.24655650488063308,-0.06134969325153372,0.8670628246813917,42.16941199251362,,,,PRICE ONLY,,,,,オーバル,OVAL Corporation,スタンダード,,精密機器,電機・精密,True,True,56.600566572237966,35.0,47.70869478102715,BASE,True
6072,2026-10-08,1109.0,557213965.0,74,0.05418250950570336,0.10899999999999999,-0.12882953652788687,0.6078611044128286,42.36959242067824,,,,PRICE ONLY,,,,,地盤ネットホールディングス,"Jibannet Holdings Co.,Ltd.",スタンダード,,サービス業,情報通信・サービスその他,True,True,77.11048158640227,35.0,47.70475359259567,BASE,True
8399,2026-10-08,3075.0,542162395.2893066,74,-0.03999034136623936,0.13455684571001547,-0.09036986728855156,0.9143135049697559,33.63805834946601,,,,PRICE ONLY,,,,,琉球銀行,"Bank of The Ryukyus,Limited",プライム,,銀行業,銀行,True,True,76.77053824362606,35.0,47.70093671956507,BASE,True
3558,2026-10-08,1817.0,141609475.0,74,0.012820512820512775,0.14133165829145722,-0.052659019812304475,0.9797051629536591,19.87819765182575,,,,PRICE ONLY,,,,,ジェイドグループ,"JADE GROUP,Inc.",グロース,,小売業,小売,True,True,59.40509915014164,35.0,47.700053688237084,BASE,True
4828,2026-10-08,1337.0,146641022.60131836,74,-0.021836856590066622,0.23990002646731123,-0.07324882828765045,1.2467747880575009,28.753716765262954,,,,PRICE ONLY,,,,,ビジネスエンジニアリング,Business Engineering Corporation,プライム,,情報･通信業,情報通信・サービスその他,True,True,59.773371104815865,35.0,47.69675080557654,BASE,True
8157,2026-10-08,4160.0,221166907.70263672,74,0.014221418327645674,0.06233675856287113,-0.04587155963302747,0.7798693814829043,24.15650303777088,,,,PRICE ONLY,,,,,都築電気,"TSUZUKI DENKI CO.,LTD.",プライム,,情報･通信業,情報通信・サービスその他,True,True,64.6742209631728,35.0,47.69026300949029,BASE,True
6269,2026-10-08,8460.0,5854162035.0,74,-0.12962962962962965,-0.1418137553256239,-0.21045263649090062,1.4274947358606382,25.784141024446754,,,,PRICE ONLY,,,,,三井海洋開発,"MODEC,INC.",プライム,,機械,機械,True,True,94.47592067988668,35.0,47.68718438750669,BASE,True
3148,2026-10-08,3075.0,326473550.0,74,-0.0902366863905325,-0.0737951807228916,-0.12765957446808507,1.5393404310568684,19.814808940849638,,,,PRICE ONLY,,,,,クリエイトＳＤホールディングス,"CREATE SD HOLDINGS CO.,LTD.",プライム,,小売業,小売,True,True,70.53824362606233,35.0,47.68667665722724,BASE,True
3836,2026-10-08,1200.0,90533920.0,74,0.0033444816053511683,0.014370245139475823,-0.09638554216867468,1.398384925975774,15.88096508840392,,,,PRICE ONLY,,,,,アバントグループ,AVANT GROUP CORPORATION,プライム,,情報･通信業,情報通信・サービスその他,True,True,54.107648725212464,35.0,47.685757548011104,BASE,True
5142,2026-10-08,1938.0,127152890.0,74,0.06483516483516483,0.6003303055326177,-0.038690476190476164,0.6818507377166595,27.67529693397034,,,,PRICE ONLY,,,,,アキレス,Achilles Corporation,プライム,,化学,素材・化学,True,True,58.016997167138804,35.0,47.67407428874448,BASE,True
6472,2026-10-08,375.0,1120971654.3972778,74,-0.04311048896680225,-0.02050295833933169,-0.1395981066116928,0.9651926124182746,33.48548881194288,,,,PRICE ONLY,,,,,ＮＴＮ,NTN CORPORATION,プライム,,機械,機械,True,True,83.45609065155809,35.0,47.67034698364402,BASE,True
6952,2026-10-08,2217.0,3545341137.5,74,-0.043984476067270406,0.19870235198702346,-0.12023809523809526,0.6249887224150271,42.90997732235339,,,,PRICE ONLY,,,,,カシオ計算機,"CASIO COMPUTER CO.,LTD.",プライム,,電気機器,電機・精密,True,True,91.78470254957507,35.0,47.667278527518306,BASE,True
6516,2026-10-08,5560.0,528506789.4482422,74,0.06056735130036128,-0.04530998030904887,-0.208665066374638,0.9733972072163898,27.881904962011372,,,,PRICE ONLY,,,,,山洋電気,"SANYO DENKI CO.,LTD.",プライム,,電気機器,電機・精密,True,True,76.57223796033993,35.0,47.658266360918674,BASE,True
4480,2026-10-08,2412.0,578061155.0,74,-0.006180469715698411,0.1899358658115442,-0.18485974991551202,1.1655682855115077,29.65865755128716,,,,PRICE ONLY,,,,,メドレー,"MEDLEY,INC.",プライム,,情報･通信業,情報通信・サービスその他,True,True,77.64872521246458,35.0,47.63988039768203,BASE,True
4956,2026-10-08,1449.0,97991690.16296387,74,0.00026636786725453554,0.021148764487562977,-0.033975786502461136,1.0720293622878116,12.660345291834796,,,,PRICE ONLY,,,,,コニシ,"KONISHI CO.,LTD.",プライム,,化学,素材・化学,True,True,55.127478753541084,35.0,47.6368015267457,BASE,True
4259,2026-10-08,801.0,909314410.0,74,-0.07931034482758625,-0.09593679458239279,-0.16125654450261784,1.3001156332341288,47.69593802557541,,,,PRICE ONLY,,,,,エクサウィザーズ,ExaWizards Inc.,グロース,,情報･通信業,情報通信・サービスその他,True,True,81.81303116147309,35.0,47.62951807771744,BASE,True
8871,2026-10-08,2914.0,173913034.83520508,74,-0.07190084553232678,-0.11189321477369352,-0.1210354801166833,1.670001819174095,17.91599053115168,,,,PRICE ONLY,,,,,ゴールドクレスト,"GOLDCREST Co.,Ltd.",スタンダード,,不動産業,不動産,True,True,61.52974504249292,35.0,47.59999332856819,BASE,True
2217,2026-10-08,1417.0,52958145.0,74,-0.04963112005365522,-0.0859264554403022,-0.1231435643564357,2.4124867404152144,12.408245887963792,,,,PRICE ONLY,,,,,モロゾフ,Morozoff Limited,プライム,,食料品,食品,True,True,47.053824362606235,35.0,47.599817771954626,BASE,True
6823,2026-10-08,3455.0,132226439.69482422,74,0.05460011516505592,0.0017946631283090042,-0.11247851935592534,1.0678391959798994,22.212509837685026,,,,PRICE ONLY,,,,,リオン,"RION CO.,LTD.",プライム,,電気機器,電機・精密,True,True,58.49858356940509,35.0,47.59462056605279,BASE,True
7512,2026-10-08,840.0,102667925.0,74,-0.015240328253223967,-0.015240328253223967,-0.03448275862068961,1.1403324216284452,11.03039600672347,,,,PRICE ONLY,,,,,イオン北海道,Aeon Hokkaido Corporation,スタンダード,,小売業,小売,True,True,55.35410764872522,35.0,47.58934628817555,BASE,True
1963,2026-10-08,2140.0,3147803647.5,74,-0.10516412293539623,-0.08331548511458553,-0.1825821237585944,1.256848685420114,29.749406464113537,,,,PRICE ONLY,,,,,日揮ホールディングス,JGC HOLDINGS CORPORATION,プライム,,建設業,建設・資材,True,True,90.93484419263456,35.0,47.585937789959765,BASE,True
8935,2026-10-08,1886.0,104402950.91308594,74,-0.03696722545848752,0.07553912487113634,-0.07180924274241196,1.4265470004723666,20.435780826485267,,,,PRICE ONLY,,,,,ＦＪネクストホールディングス,"FJ NEXT HOLDINGS CO.,LTD.",プライム,,不動産業,不動産,True,True,55.55240793201133,35.0,47.57907061327485,BASE,True
7911,2026-10-08,2360.5,6951297717.346191,74,-0.08916802690949222,-0.08934166311659719,-0.12293973420068671,0.7489741875988799,42.36021192765319,,,,PRICE ONLY,,,,,ＴＯＰＰＡＮホールディングス,TOPPAN Holdings Inc.,プライム,,その他製品,情報通信・サービスその他,True,True,95.29745042492918,35.0,47.559444289606795,BASE,True
7949,2026-10-08,2669.0,144574056.9128418,74,-0.03982501494423951,0.053489313113408654,-0.044526829350149955,1.1852861035422344,13.568473538593864,,,,PRICE ONLY,,,,,小松ウオール工業,"KOMATSU WALL INDUSTRY CO.,LTD.",プライム,,その他製品,情報通信・サービスその他,True,True,59.54674220963173,35.0,47.55822857071601,BASE,True
4100,2026-10-08,1770.0,132120310.0,74,0.08323133414932671,0.2368972746331237,-0.1272189349112426,0.9864208822908604,61.449331707779194,,,,PRICE ONLY,,,,,戸田工業,TODA KOGYO CORP.,スタンダード,,化学,素材・化学,True,True,58.47025495750708,35.0,47.54874437394488,BASE,True
9130,2026-10-08,1667.0,649515438.6901855,74,0.028194038640820596,0.14788170754505092,-0.15982149366623677,0.8217544955222186,72.69949509813326,,,,PRICE ONLY,,,,,共栄タンカー,"KYOEI TANKER CO.,LTD.",スタンダード,,海運業,運輸・物流,True,True,78.6685552407932,35.0,47.544052370410775,BASE,True
3139,2026-10-08,3385.0,80073475.0,74,-0.004411764705882337,-0.027298850574712596,-0.0369843527738265,1.1757021554539517,13.396042205999045,,,,PRICE ONLY,,,,,ラクト・ジャパン,"Lacto Japan Co.,Ltd.",プライム,,卸売業,商社・卸売,True,True,52.46458923512748,35.0,47.53720405689128,BASE,True
1959,2026-10-08,7763.0,1340620309.4555664,74,-0.041361707382473245,-0.11409859698963598,-0.17588627365929455,1.0584891548242334,20.97756823900018,,,,PRICE ONLY,,,,,クラフティア,KRAFTIA CORPORATION,プライム,,建設業,建設・資材,True,True,85.12747875354107,35.0,47.50719435011504,BASE,True
4027,2026-10-08,2248.0,104850816.70898438,74,-0.07777712008267323,0.004441210656156658,-0.08916262940728659,1.7068273092369477,35.75089348948711,,,,PRICE ONLY,,,,,テイカ,TAYCA CORPORATION,プライム,,化学,素材・化学,True,True,55.60906515580737,35.0,47.495755996074564,BASE,True
7649,2026-10-08,1254.0,2868797520.0,74,-0.042748091603053484,-0.20188357554599334,-0.22834989192297772,1.1629735955442482,25.446305521049307,,,,PRICE ONLY,,,,,スギホールディングス,"SUGI HOLDINGS Co.,LTD.",プライム,,小売業,小売,True,True,90.31161473087819,35.0,47.48798371686916,BASE,True
8061,2026-10-08,2938.0,347351716.0534668,74,-0.03784137046533387,0.10388301271716949,-0.09340675649593244,1.0509199828840394,34.82875825303403,,,,PRICE ONLY,,,,,西華産業,SEIKA CORPORATION,プライム,,卸売業,商社・卸売,True,True,71.27478753541077,35.0,47.487476533760784,BASE,True
8203,2026-10-08,710.0,57512875.0,74,-0.05710491367861881,-0.09554140127388533,-0.1277641277641277,4.3426679542005795,10.375306308488142,,,,PRICE ONLY,,,,,ＭｒＭａｘＨＤ,MrMax Holdings Ltd.,プライム,,小売業,小売,True,True,48.47025495750708,35.0,47.47669122732891,BASE,True
7743,2026-10-08,793.0,282018770.0,74,0.0012626262626262985,0.5368217054263567,-0.0012594458438287548,0.46437806997140396,0.9961145792028248,,,,PRICE ONLY,,,,,シード,"SEED CO.,LTD.",スタンダード,,精密機器,電機・精密,True,True,67.90368271954674,35.0,47.4759517401321,BASE,True
6850,2026-10-08,1765.0,51948880.8404541,74,0.041510130911252885,0.10878779324858501,-0.030219780219780223,1.0661199384930804,22.03570096203979,,,,PRICE ONLY,,,,,チノー,Chino Corporation,プライム,,電気機器,電機・精密,True,True,46.79886685552408,35.0,47.46782506849212,BASE,True
2695,2026-10-08,1671.0,703202420.0,74,-0.01474056603773588,0.03788819875776395,-0.05646527385657818,0.35397892891844007,22.859920036617083,,,,PRICE ONLY,,,,,くら寿司,"Kura Sushi,Inc.",プライム,,小売業,小売,True,True,79.54674220963173,35.0,47.46169334886518,BASE,True
1663,2026-10-08,1810.0,370367465.0,74,-0.09273182957393489,-0.010928961748633892,-0.10617283950617284,1.366146587314353,25.096309494156472,,,,PRICE ONLY,,,,,Ｋ＆Ｏエナジーグループ,K&O Energy Group Inc.,プライム,,鉱業,エネルギー資源,True,True,71.92634560906515,35.0,47.42244254885177,BASE,True
8074,2026-10-08,5950.0,220478214.47753906,74,-0.06835384816283996,0.09825436175231128,-0.07834087440533788,1.3239395273741377,17.187011711996668,,,,PRICE ONLY,,,,,ＹＵＡＳＡ,"YUASA CO.,LTD.",プライム,,卸売業,商社・卸売,True,True,64.58923512747874,35.0,47.413995424233434,BASE,True
1429,2026-10-08,771.0,55229465.0,74,-0.05282555282555279,0.032128514056224855,-0.05282555282555279,1.6243359289716905,11.421727335572173,,,,PRICE ONLY,,,,,日本アクア,"Nippon Aqua Co.,Ltd.",プライム,,建設業,建設・資材,True,True,47.73371104815864,35.0,47.40717993430787,BASE,True
8562,2026-10-08,397.0,109281465.0,74,0.012755102040816313,0.16422287390029333,-0.04796163069544368,1.0125035929864903,31.07404551640786,,,,PRICE ONLY,,,,,福島銀行,"THE FUKUSHIMA BANK,LTD.",スタンダード,,銀行業,銀行,True,True,56.062322946175634,35.0,47.40057713865685,BASE,True
9739,2026-10-08,2644.0,63964985.036621094,74,0.005331686406794267,0.0791470036343831,-0.03760057037533571,1.1898839137645107,16.33413049273587,,,,PRICE ONLY,,,,,ＮＳＷ,NSW Inc.,プライム,,情報･通信業,情報通信・サービスその他,True,True,49.71671388101983,35.0,47.39620815043048,BASE,True
9790,2026-10-08,3045.0,108212790.0,74,0.024907438572871143,-0.04694835680751175,-0.06738131699846861,1.046195652173913,16.52649855033052,,,,PRICE ONLY,,,,,福井コンピュータホールディングス,"Fukui Computer Holdings,Inc.",プライム,,情報･通信業,情報通信・サービスその他,True,True,55.949008498583574,35.0,47.388039710448155,BASE,True
3708,2026-10-08,2072.0,138746471.78222656,74,-0.01269859365966075,0.07723883827084554,-0.061713512195197495,1.1139120844493462,19.314598735994963,,,,PRICE ONLY,,,,,特種東海製紙,"Tokushu Tokai Paper Co.,Ltd.",プライム,,パルプ・紙,素材・化学,True,True,59.20679886685553,35.0,47.385894645501125,BASE,True
5702,2026-10-08,1671.0,439226088.9691162,74,-0.07873373160019093,0.16409997146903832,-0.12751769907104893,1.3215517417300982,29.957348525873734,,,,PRICE ONLY,,,,,大紀アルミニウム工業所,"DAIKI ALUMINIUM INDUSTRY CO.,LTD.",プライム,,非鉄金属,鉄鋼・非鉄,True,True,74.19263456090651,35.0,47.36462822047108,BASE,True
4238,2026-10-08,2000.0,183529045.0,74,0.05932203389830515,0.21483798848217317,-0.03194578896418199,0.37926165019164815,58.11147742617466,,,,PRICE ONLY,,,,,ミライアル,"Miraial Co.,Ltd.",スタンダード,,化学,素材・化学,True,True,62.35127478753542,35.0,47.35877226411306,BASE,True
7012,2026-10-08,2270.0,24916038353.256836,74,-0.07995350054087091,-0.1665481197108225,-0.2941487632617744,1.4051251108525487,25.556869373434388,,,,PRICE ONLY,,,,,川崎重工業,"Kawasaki Heavy Industries,Ltd.",プライム,,輸送用機器,自動車・輸送機,True,True,98.64022662889519,35.0,47.35397219262517,BASE,True
7014,2026-10-08,4435.0,6308306896.606445,74,-0.12146040493636867,0.1869629935907986,-0.12146040493636867,0.8912231692369089,44.680965965003224,,,,PRICE ONLY,,,,,名村造船所,"Namura Shipbuilding Co.,Ltd.",スタンダード,,輸送用機器,自動車・輸送機,True,True,94.73087818696884,35.0,47.335367340722826,BASE,True
7630,2026-10-08,1027.0,631609450.0,74,-0.04730983302411873,0.14071410151035213,-0.08139534883720934,0.8027164685908319,21.03879400972388,,,,PRICE ONLY,,,,,壱番屋,"ICHIBANYA CO.,LTD.",プライム,,小売業,小売,True,True,78.44192634560908,35.0,47.331951947405415,BASE,True
5384,2026-10-08,3610.0,1004393303.9929199,74,0.07068652983116874,-0.10950220794257093,-0.2827031278605774,1.0510336358054173,36.401086292732046,,,,PRICE ONLY,,,,,フジミインコーポレーテッド,FUJIMI INCORPORATED,プライム,,ガラス･土石製品,建設・資材,True,True,82.57790368271955,35.0,47.31768196160848,BASE,True
9068,2026-10-08,3565.0,213652371.76757812,74,0.009564850961653049,-0.012204773173757122,-0.061531288149568986,0.8389374579690653,14.078906811543318,,,,PRICE ONLY,,,,,丸全昭和運輸,"Maruzen Showa Unyu Co.,Ltd.",プライム,,陸運業,運輸・物流,True,True,64.1643059490085,35.0,47.31347226818163,BASE,True
3150,2026-10-08,2348.0,103731364.55566406,74,-0.03227079490595752,-0.05797964256658261,-0.10212571611235532,1.5107743310442814,14.715111604955577,,,,PRICE ONLY,,,,,グリムス,"grems,Inc.",プライム,,電気･ガス業,電気・ガス,True,True,55.524079320113316,35.0,47.31065551960493,BASE,True
4318,2026-10-08,831.0,79721102.85736084,74,0.031117783726382076,0.11355317586783897,-0.026757077848831523,0.9124587668104542,15.105706155005313,,,,PRICE ONLY,,,,,クイック,"QUICK CO.,LTD.",プライム,,サービス業,情報通信・サービスその他,True,True,52.35127478753541,35.0,47.31012762439428,BASE,True
6820,2026-10-08,3460.0,57650563.115234375,74,-0.007557380630920818,0.0669138337533337,-0.0870712401055409,1.5169270833333333,33.048360777540005,,,,PRICE ONLY,,,,,アイコム,ICOM INCORPORATED,プライム,,電気機器,電機・精密,True,True,48.55524079320113,35.0,47.29449369389603,BASE,True
9742,2026-10-08,2217.0,59842705.0,74,0.05320665083135401,0.029725963771481734,-0.12267510882469335,1.3666550157287662,32.31820056534265,,,,PRICE ONLY,,,,,アイネス,INES Corporation,プライム,,情報･通信業,情報通信・サービスその他,True,True,48.89518413597734,35.0,47.28688106661208,BASE,True
7607,2026-10-08,2955.0,78476900.0,74,-0.02796052631578949,-0.06671131724951074,-0.08512216935181038,1.5023097007431212,12.777289133682862,,,,PRICE ONLY,,,,,進和,"Shinwa Co.,Ltd.",プライム,,卸売業,商社・卸売,True,True,52.15297450424929,35.0,47.28039959485262,BASE,True
4290,2026-10-08,666.0,474579742.1292114,74,-0.018016384356252413,0.020319248102822707,-0.08171265953428808,0.7434811231645534,22.10232847219924,,,,PRICE ONLY,,,,,プレステージ・インターナショナル,Prestige International Inc.,プライム,,サービス業,情報通信・サービスその他,True,True,75.1841359773371,35.0,47.27952578472381,BASE,True
4992,2026-10-08,1936.0,135157690.0,74,-0.023701462430660625,-0.037294878170064605,-0.13763919821826276,1.5336211311919221,28.79395446678224,,,,PRICE ONLY,,,,,北興化学工業,"HOKKO CHEMICAL INDUSTRY CO.,LTD.",スタンダード,,化学,素材・化学,True,True,58.78186968838527,35.0,47.25414311066892,BASE,True
4776,2026-10-08,2972.0,535203915.0,74,-0.006020066889632081,0.13305375524208918,-0.11150971599402093,0.7769457435592442,28.964845498718166,,,,PRICE ONLY,,,,,サイボウズ,"Cybozu,Inc.",プライム,,情報･通信業,情報通信・サービスその他,True,True,76.65722379603399,35.0,47.240138795961066,BASE,True
2931,2026-10-08,335.0,204511335.0,74,-0.02898550724637683,-0.026162790697674465,-0.08967391304347827,1.1801799492450846,18.476072713223584,,,,PRICE ONLY,,,,,ユーグレナ,"Euglena Co.,Ltd.",プライム,,食料品,食品,True,True,63.569405099150146,35.0,47.23308016386559,BASE,True
6809,2026-10-08,1708.0,150774064.11499023,74,-0.008130081300813052,0.08215163231858469,-0.02954545454545454,0.885850519905785,20.047982124032202,,,,PRICE ONLY,,,,,ＴＯＡ,TOA CORPORATION,プライム,,電気機器,電機・精密,True,True,60.0,35.0,47.22622102490247,BASE,True
7246,2026-10-08,965.0,313587721.8255615,74,-0.04863648141067822,0.23061940383777757,-0.04863648141067822,0.8903650435736487,21.300226348252668,,,,PRICE ONLY,,,,,プレス工業,"PRESS KOGYO CO.,LTD.",プライム,,輸送用機器,自動車・輸送機,True,True,69.88668555240794,35.0,47.224405725807046,BASE,True
6363,2026-10-08,2874.0,486870399.107666,74,-0.045246147558686944,-0.004374798602459595,-0.11768573346456723,1.0444550669216062,33.71175506723041,,,,PRICE ONLY,,,,,酉島製作所,"Torishima Pump Mfg.Co.,Ltd.",プライム,,機械,機械,True,True,75.3257790368272,35.0,47.21163057104179,BASE,True
3350,2026-10-08,258.0,6132362785.0,74,-0.047970479704797064,0.08403361344537807,-0.2543352601156069,1.1445859241301537,96.14552011126246,,,,PRICE ONLY,,,,,メタプラネット,Metaplanet Inc.,スタンダード,,卸売業,商社・卸売,True,True,94.61756373937678,35.0,47.20301126986897,BASE,True
6995,2026-10-08,3035.0,397442951.35131836,74,-0.0287117493566017,0.029468564148667165,-0.07517099839284835,0.8204412391919662,23.333236985577997,,,,PRICE ONLY,,,,,東海理化電機製作所,"TOKAI RIKA CO.,LTD.",プライム,,輸送用機器,自動車・輸送機,True,True,72.97450424929178,35.0,47.196572637810874,BASE,True
2201,2026-10-08,2368.5,858798440.2368164,74,-0.03611933494911135,-0.11199024828983972,-0.1418019743893416,0.9386512449084565,14.54641677279161,,,,PRICE ONLY,,,,,森永製菓,"Morinaga & Co.,Ltd.",プライム,,食料品,食品,True,True,81.10481586402265,35.0,47.191220582475864,BASE,True
9119,2026-10-08,1624.0,372099062.86376953,74,-0.05849162718476231,0.09602834753794154,-0.08002081185600873,1.02518315018315,21.636405992699423,,,,PRICE ONLY,,,,,飯野海運,"IINO KAIUN KAISHA,LTD.",プライム,,海運業,運輸・物流,True,True,72.01133144475921,35.0,47.19024082994642,BASE,True
6763,2026-10-08,2751.0,54287787.81616211,74,-0.0017211923536109008,-0.03330364121766671,-0.08282116206903622,1.4785582741383847,27.982178408406106,,,,PRICE ONLY,,,,,帝国通信工業,"Teikoku Tsushin Kogyo Co.,Ltd.",プライム,,電気機器,電機・精密,True,True,47.563739376770535,35.0,47.17862676929015,BASE,True
1861,2026-10-08,1193.0,1112616854.071045,74,-0.06155232740026806,-0.18264237752104628,-0.18428691702368338,1.2051983505011539,16.945008575385074,,,,PRICE ONLY,,,,,熊谷組,"Kumagai Gumi Co.,Ltd.",プライム,,建設業,建設・資材,True,True,83.39943342776203,35.0,47.17437585094786,BASE,True
8131,2026-10-08,2311.0,151863985.0,74,-0.058655804480651774,0.04807256235827673,-0.12627599243856336,1.6045698695540966,33.34820616676835,,,,PRICE ONLY,,,,,ミツウロコグループホールディングス,"Mitsuuroko Group Holdings Co.,Ltd.",スタンダード,,卸売業,商社・卸売,True,True,60.14164305949008,35.0,47.16995897724016,BASE,True
8142,2026-10-08,1396.0,133279265.0,74,-0.01897399859451865,0.057959573956912314,-0.03457814661134162,1.0007993605115908,10.949548561742702,,,,PRICE ONLY,,,,,トーホー,"TOHO Co.,Ltd.",プライム,,卸売業,商社・卸売,True,True,58.555240793201136,35.0,47.168240845370164,BASE,True
8624,2026-10-08,1531.0,257348390.95031738,74,-0.10681467686714508,0.08057546593210452,-0.1247882181053972,1.644859813084112,30.221663285308914,,,,PRICE ONLY,,,,,いちよし証券,"Ichiyoshi Securities Co.,Ltd.",プライム,,証券･商品先物取引業,金融（除く銀行）,True,True,66.77053824362606,35.0,47.161528964463194,BASE,True
7224,2026-10-08,1812.0,295127572.1594238,74,-0.06830263338017584,-0.0616476332588769,-0.1295926685475186,1.4122162662960758,23.564472339652003,,,,PRICE ONLY,,,,,新明和工業,"ShinMaywa Industries,LTD.",プライム,,輸送用機器,自動車・輸送機,True,True,68.69688385269122,35.0,47.160109387873604,BASE,True
7730,2026-10-08,1475.0,396496895.0,74,-0.007402422611036297,-0.10877138686463028,-0.14588469273705107,1.0521670374933343,15.786568412082067,,,,PRICE ONLY,,,,,マニー,"MANI,INC.",プライム,,精密機器,電機・精密,True,True,72.88951841359773,35.0,47.15682454824733,BASE,True
5218,2026-10-08,1693.0,146556675.0,74,-0.02645198389879244,0.17569444444444438,-0.030910131654264483,0.9836065573770492,42.26075147231953,,,,PRICE ONLY,,,,,オハラ,OHARA INC.,スタンダード,,ガラス･土石製品,建設・資材,True,True,59.74504249291785,35.0,47.1544049162798,BASE,True
9369,2026-10-08,2983.0,126342650.0,74,-0.007321131447587392,-0.0933130699088146,-0.09606060606060607,1.2537171404781728,24.8777903850521,,,,PRICE ONLY,,,,,キユーソー流通システム,K.R.S.Corporation,スタンダード,,倉庫･運輸関連業,運輸・物流,True,True,57.9886685552408,35.0,47.142391872396615,BASE,True
8892,2026-10-08,1048.0,198372040.0,74,-0.046405823475887176,-0.05755395683453235,-0.08150744960560907,1.2265524154788388,16.510089386593517,,,,PRICE ONLY,,,,,エスコン,ES-CON JAPAN Ltd.,プライム,,不動産業,不動産,True,True,63.22946175637394,35.0,47.14238334692101,BASE,True
1942,2026-10-08,5321.0,5333973250.375977,74,-0.06190021581427063,-0.15656270957919882,-0.21498951545624678,1.0394344532591633,30.387695345145822,,,,PRICE ONLY,,,,,関電工,"KANDENKO CO.,LTD.",プライム,,建設業,建設・資材,True,True,93.76770538243626,35.0,47.13317554177866,BASE,True
3284,2026-10-08,1187.0,362504698.47595215,74,-0.04298585063640992,-0.002361566041053753,-0.08729862693591939,0.9775524981897176,17.73766996501334,,,,PRICE ONLY,,,,,フージャースホールディングス,"Hoosiers Holdings Co.,Ltd.",プライム,,不動産業,不動産,True,True,71.72804532577904,35.0,47.11114356061202,BASE,True
6718,2026-10-08,2691.0,76377605.71655273,74,-0.04537715330306147,-0.015180605921548684,-0.05132696566083883,1.4085545722713864,12.297863053123482,,,,PRICE ONLY,,,,,アイホン,"AIPHONE CO.,LTD.",プライム,,電気機器,電機・精密,True,True,51.89801699716714,35.0,47.10557652687473,BASE,True
3793,2026-10-08,534.0,55456915.0,74,0.09876543209876543,0.28985507246376807,-0.07130434782608697,0.8847497089639115,31.723913963067634,,,,PRICE ONLY,,,,,ドリコム,"Drecom Co.,Ltd.",グロース,,情報･通信業,情報通信・サービスその他,True,True,47.875354107648725,35.0,47.101778106041856,BASE,True
8919,2026-10-08,3425.0,634683337.8686523,74,-0.0337470829132448,0.043262509605268784,-0.10016916727291247,0.7863489389451946,18.83982308597706,,,,PRICE ONLY,,,,,カチタス,"KATITAS CO.,LTD",プライム,,不動産業,不動産,True,True,78.52691218130312,35.0,47.09469172630959,BASE,True
5351,2026-10-08,1935.0,204177736.37573242,74,-0.02860040930914798,0.01005729438670988,-0.08261708127048073,1.123133954513576,18.045133112882116,,,,PRICE ONLY,,,,,品川リフラ,"SHINAGAWA REFRA CO.,LTD.",プライム,,ガラス･土石製品,建設・資材,True,True,63.54107648725213,35.0,47.08965820041285,BASE,True
4985,2026-10-08,4680.0,233521075.0,74,-0.0010672358591248265,-0.01680672268907568,-0.05358948432760369,0.7768513977439921,12.804042407641585,,,,PRICE ONLY,,,,,アース製薬,Earth Corporation,プライム,,化学,素材・化学,True,True,65.63739376770539,35.0,47.08776269696963,BASE,True
5195,2026-10-08,2442.0,168998261.4453125,74,0.012769538763239163,0.11223800376022952,-0.027091633466135412,0.7075540089894157,22.244890422424735,,,,PRICE ONLY,,,,,バンドー化学,"Bando Chemical Industries,Ltd.",プライム,,ゴム製品,自動車・輸送機,True,True,61.24645892351275,35.0,47.083176990769836,BASE,True
7516,2026-10-08,4340.0,344192575.0,74,-0.02581369248035914,0.08180279206558838,-0.057546145494028256,0.7569485511531638,16.45995636191575,,,,PRICE ONLY,,,,,コーナン商事,"KOHNAN SHOJI CO.,LTD.",プライム,,小売業,小売,True,True,71.10481586402267,35.0,47.07152004308596,BASE,True
7860,2026-10-08,1224.0,150352116.45263672,74,0.0021488164319092284,-0.006620969484454786,-0.07573841546829385,1.036597749705512,11.18015799309397,,,,PRICE ONLY,,,,,エイベックス,Avex Inc.,プライム,,情報･通信業,情報通信・サービスその他,True,True,59.915014164305944,35.0,47.065353510605746,BASE,True
4350,2026-10-08,522.0,53329178.377075195,74,0.07762181374335575,0.06031062424067701,-0.018796992481203034,0.7500241010315242,19.698358203917728,,,,PRICE ONLY,,,,,メディカルシステムネットワーク,"MEDICAL SYSTEM NETWORK Co.,Ltd.",スタンダード,,小売業,小売,True,True,47.1671388101983,35.0,47.0435293178115,BASE,True
6613,2026-10-08,2147.0,4096371560.0,74,0.0204372623574145,-0.15472440944881893,-0.34039938556067584,1.253480337364089,59.5977806407855,,,,PRICE ONLY,,,,,ＱＤレーザ,"QD Laser,Inc.",グロース,,電気機器,電機・精密,True,True,92.43626062322946,35.0,47.04103762384349,BASE,True
4390,2026-10-08,3400.0,380434952.08740234,74,-0.17666209742823968,-0.03342218477374814,-0.19031927341759525,3.1012834046335906,37.7169484391402,,,,PRICE ONLY,,,,,アイ・ピー・エス,"IPS,Inc.",プライム,,情報･通信業,情報通信・サービスその他,True,True,72.37960339943342,35.0,47.04054429381484,BASE,True
9305,2026-10-08,2014.0,133620780.88684082,74,-0.005637759021074329,-0.02690508798067337,-0.061690295183859045,1.0422338025978066,20.318491672372694,,,,PRICE ONLY,,,,,ヤマタネ,Yamatane Corporation,プライム,,卸売業,商社・卸売,True,True,58.58356940509915,35.0,47.026233852712,BASE,True
7309,2026-10-08,17585.0,4709471175.0,74,-0.0636315228966986,0.028964306612053736,-0.1652029432708284,0.8049663347024513,13.565087641919721,,,,PRICE ONLY,,,,,シマノ,SHIMANO INC.,プライム,,輸送用機器,自動車・輸送機,True,True,93.22946175637394,35.0,47.02111052224526,BASE,True
7965,2026-10-08,1420.0,191942675.0,74,-0.01933701657458564,0.012116892373485344,-0.050167224080267525,0.9286936679977182,13.411389368357629,,,,PRICE ONLY,,,,,象印マホービン,Zojirushi Corporation,プライム,,電気機器,電機・精密,True,True,62.77620396600566,35.0,47.012637514686666,BASE,True
8934,2026-10-08,2111.0,380778499.2578125,74,-0.11689003010169496,-0.14263562924491324,-0.16853584462742877,1.7157216899638763,22.521315218910658,,,,PRICE ONLY,,,,,サンフロンティア不動産,"Sun Frontier Fudousan Co.,Ltd.",プライム,,不動産業,不動産,True,True,72.4929178470255,35.0,47.011178853381395,BASE,True
4053,2026-10-08,502.0,75310415.0,74,0.10816777041942616,0.14874141876430214,-0.05639097744360899,0.6361122086131964,29.04387954541439,,,,PRICE ONLY,,,,,Ｓｕｎ　Ａｓｔｅｒｉｓｋ,Sun* Inc.,プライム,,情報･通信業,情報通信・サービスその他,True,True,51.671388101983005,35.0,47.01045199194762,BASE,True
8095,2026-10-08,541.0,52395930.0,74,0.024621212121212155,0.044401544401544424,-0.016363636363636358,1.0128922903076687,18.304893145477337,,,,PRICE ONLY,,,,,アステナホールディングス,"Astena Holdings Co.,Ltd.",プライム,,卸売業,商社・卸売,True,True,46.88385269121813,35.0,47.00124727882289,BASE,True
7236,2026-10-08,1438.0,438384670.6738281,74,-0.04262339207958543,-0.005256055813293692,-0.07497530997301194,0.8225667527993109,28.6012042943611,,,,PRICE ONLY,,,,,ティラド,"T.RAD Co., Ltd.",プライム,,輸送用機器,自動車・輸送機,True,True,74.16430594900851,35.0,46.97809233446939,BASE,True
6287,2026-10-08,2634.0,274440796.46606445,74,-0.036401510445605356,0.12359070331270239,-0.0845814471873031,1.0352986624173064,20.931217313258813,,,,PRICE ONLY,,,,,サトー,SATO CORPORATION,プライム,,機械,機械,True,True,67.56373937677054,35.0,46.97731394736615,BASE,True
4043,2026-10-08,4065.0,1866262411.2219238,74,0.008387116232472902,-0.09967011090606592,-0.21212535326086446,0.8369308462979556,28.766108169051,,,,PRICE ONLY,,,,,トクヤマ,Tokuyama Corporation,プライム,,化学,素材・化学,True,True,87.22379603399433,35.0,46.97730628149193,BASE,True
3843,2026-10-08,1711.0,66399235.0,74,0.010632014176019,0.09539052496798983,-0.05469613259668504,1.1705164806644173,29.304840357746446,,,,PRICE ONLY,,,,,フリービット,"FreeBit Co.,Ltd.",プライム,,情報･通信業,情報通信・サービスその他,True,True,50.113314447592074,35.0,46.972531794400055,BASE,True
9672,2026-10-08,4665.0,315611725.0,74,-0.04698672114402447,-0.03416149068322982,-0.09241245136186771,1.0535987748851454,14.008978868817138,,,,PRICE ONLY,,,,,東京都競馬,"TOKYOTOKEIBA CO.,LTD.",プライム,,サービス業,情報通信・サービスその他,True,True,69.97167138810198,35.0,46.96347195408458,BASE,True
7723,2026-10-08,2822.0,51858690.3125,74,0.006869920806059637,-0.045807373301257504,-0.06439555639951355,1.3366750208855471,11.965447606489985,,,,PRICE ONLY,,,,,愛知時計電機,"Aichi Tokei Denki Co.,Ltd.",プライム,,精密機器,電機・精密,True,True,46.713881019830026,35.0,46.95615137833131,BASE,True
9474,2026-10-08,888.0,117359006.00708008,74,-0.0004589962964954841,-0.0026533999639011263,-0.049599638156534565,0.9931192660550459,12.241681959432073,,,,PRICE ONLY,,,,,ゼンリン,"ZENRIN CO.,LTD.",プライム,,情報･通信業,情報通信・サービスその他,True,True,56.9971671388102,35.0,46.952027088352274,BASE,True
4041,2026-10-08,3670.0,519957436.3366699,74,-0.04018311220513493,0.02828123631906143,-0.081351689612015,0.773764327295079,15.952196171597837,,,,PRICE ONLY,,,,,日本曹達,"Nippon Soda Co.,Ltd.",プライム,,化学,素材・化学,True,True,76.26062322946176,35.0,46.948440687483476,BASE,True
4685,2026-10-08,2781.0,55898888.7878418,74,0.053581644055140876,-0.021752169136666777,-0.03999069570270408,0.9377289377289377,21.446698731003664,,,,PRICE ONLY,,,,,菱友システムズ,"Ryoyu Systems Co.,Ltd.",スタンダード,,情報･通信業,情報通信・サービスその他,True,True,47.98866855524079,35.0,46.946171100793734,BASE,True
9997,2026-10-08,1013.0,389978440.1525879,74,-0.009972103592865933,0.02443801551378999,-0.0672611949785279,0.656171198800518,20.20276501928845,,,,PRICE ONLY,,,,,ベルーナ,"BELLUNA CO.,LTD.",プライム,,小売業,小売,True,True,72.69121813031163,35.0,46.94435256284155,BASE,True
6863,2026-10-08,1076.0,150974693.5647583,74,0.07241254962038601,0.19908786204369133,-0.05779334500875655,0.5648230481949138,36.39545618821893,,,,PRICE ONLY,,,,,ニレコ,NIRECO CORPORATION,スタンダード,,電気機器,電機・精密,True,True,60.05665722379604,35.0,46.94077451644918,BASE,True
1332,2026-10-08,1082.5,2113679338.5876465,74,-0.09161757270263604,-0.14269411976937785,-0.18106667343890326,1.167660045913829,21.057632178595185,,,,PRICE ONLY,,,,,ニッスイ,Nissui Corporation,プライム,,水産・農林業,食品,True,True,88.10198300283287,35.0,46.93847990818499,BASE,True
6208,2026-10-08,1645.0,788961010.0,74,-0.026050917702782672,-0.04081632653061229,-0.1132075471698113,0.730514879546528,62.81295361102431,,,,PRICE ONLY,,,,,石川製作所,"Ishikawa Seisakusho,Ltd.",スタンダード,,機械,機械,True,True,80.3399433427762,35.0,46.92519207079877,BASE,True
5027,2026-10-08,782.0,190153155.0,74,0.06830601092896171,0.4782608695652173,-0.05669481302774426,0.47393176811479154,34.33612906109955,,,,PRICE ONLY,,,,,ＡｎｙＭｉｎｄ　Ｇｒｏｕｐ,AnyMind Group Inc.,グロース,,情報･通信業,情報通信・サービスその他,True,True,62.6628895184136,35.0,46.924773997845435,BASE,True
9511,2026-10-08,1130.0,311479307.17041016,74,-0.03936762575004005,0.2664319988267292,-0.06353929049820595,0.8721092745467082,24.333440434557833,,,,PRICE ONLY,,,,,沖縄電力,"The Okinawa Electric Power Company,Incorporated",プライム,,電気･ガス業,電気・ガス,True,True,69.80169971671388,35.0,46.91915147341347,BASE,True
1911,2026-10-08,1171.0,6125197755.0,74,-0.08871595330739301,-0.11355034065102199,-0.1674369001066477,0.8884245344213753,24.043037253515646,,,,PRICE ONLY,,,,,住友林業,"Sumitomo Forestry Co.,Ltd.",プライム,,建設業,建設・資材,True,True,94.58923512747876,35.0,46.9168119833473,BASE,True
1879,2026-10-08,2112.0,554856059.2358398,74,-0.0670864017501448,0.03333296104727146,-0.08959951017344625,0.9242839047113145,18.364487867394725,,,,PRICE ONLY,,,,,新日本建設,SHINNIHON CORPORATION,プライム,,建設業,建設・資材,True,True,77.02549575070822,35.0,46.91442637424178,BASE,True
3182,2026-10-08,1628.0,146540950.0,74,-0.0030618493570115923,0.06335728282168507,-0.08590679393599099,1.0954616588419406,22.609707605419615,,,,PRICE ONLY,,,,,オイシックス,Oisix Inc.,プライム,,小売業,小売,True,True,59.716713881019835,35.0,46.908995816180614,BASE,True
6597,2026-10-08,3605.0,293207275.0,74,-0.00688705234159781,-0.047556142668428,-0.3228295281414032,2.2371177209886888,49.15806504138665,,,,PRICE ONLY,,,,,ＨＰＣシステムズ,HPC SYSTEMS Inc.,グロース,,電気機器,電機・精密,True,True,68.61189801699716,35.0,46.88714957280619,BASE,True
6125,2026-10-08,4910.0,127497119.79248047,74,0.015580609226362618,-0.026982735747930198,-0.14819476939705922,1.3478260869565217,38.310301994818204,,,,PRICE ONLY,,,,,岡本工作機械製作所,"OKAMOTO MACHINE TOOL WORKS,LTD.",スタンダード,,機械,機械,True,True,58.04532577903683,35.0,46.87195852263599,BASE,True
1860,2026-10-08,1334.0,1065643703.8812256,74,-0.09630245000220383,-0.14295221740086206,-0.1655406535310091,1.2562776403567948,19.86534139316962,,,,PRICE ONLY,,,,,戸田建設,TODA CORPORATION,プライム,,建設業,建設・資材,True,True,83.08781869688386,35.0,46.87040229239824,BASE,True
6675,2026-10-08,2073.0,62632289.6105957,74,-0.020295362612678614,0.09882370586648515,-0.04099957318817593,1.2664359861591696,19.036389525872814,,,,PRICE ONLY,,,,,サクサ,"SAXA,Inc.",スタンダード,,電気機器,電機・精密,True,True,49.43342776203966,35.0,46.86078880384723,BASE,True
3663,2026-10-08,1756.0,328669735.0,74,-0.01624649859943983,-0.11043566362715296,-0.14466634193862637,1.1151950774592283,27.057806493682023,,,,PRICE ONLY,,,,,セルシス,"CELSYS,Inc.",プライム,,情報･通信業,情報通信・サービスその他,True,True,70.59490084985836,35.0,46.85445890709467,BASE,True
9699,2026-10-08,4010.0,369236962.35595703,74,-0.10860520172055621,0.02793473421517101,-0.13203830138028705,1.489322191272052,21.034172316921637,,,,PRICE ONLY,,,,,ニシオホールディングス,"NISHIO HOLDINGS CO.,LTD.",プライム,,サービス業,情報通信・サービスその他,True,True,71.89801699716713,35.0,46.8530901064449,BASE,True
8214,2026-10-08,1682.0,341626256.048584,74,-0.004815530805486579,0.021311013185557615,-0.03836109656173792,0.5240026224412986,12.532509846020504,,,,PRICE ONLY,,,,,ＡＯＫＩホールディングス,AOKI Holdings Inc.,プライム,,小売業,小売,True,True,70.93484419263456,35.0,46.828003912738595,BASE,True
6492,2026-10-08,14260.0,342029798.4814453,74,-0.015323597636356934,-0.15349303889612942,-0.3303277918662534,2.0266791481394804,79.72779088474682,,,,PRICE ONLY,,,,,岡野バルブ製造,OKANO VALVE MFG.CO.LTD.,スタンダード,,機械,機械,True,True,70.96317280453258,35.0,46.824457977721046,BASE,True
8793,2026-10-08,4005.0,84385073.64868164,74,-0.03158382416853778,-0.01042903920924465,-0.048533906964836615,1.2454212454212454,13.519560460247188,,,,PRICE ONLY,,,,,ＮＥＣキャピタルソリューション,NEC Capital Solutions Limited,プライム,,その他金融業,金融（除く銀行）,True,True,53.05949008498584,35.0,46.81400418147936,BASE,True
4025,2026-10-08,5840.0,119831950.0,74,0.03362831858407089,0.23206751054852326,-0.05958132045088571,0.8339189505739049,39.57846808178097,,,,PRICE ONLY,,,,,多木化学,"TAKI CHEMICAL CO.,LTD.",プライム,,化学,素材・化学,True,True,57.36543909348442,35.0,46.80864930694203,BASE,True
1379,2026-10-08,2000.0,148119757.52319336,74,-0.03248509251093623,0.0482673230109969,-0.07777491583795493,1.1893692318367914,15.232536731491622,,,,PRICE ONLY,,,,,ホクト,HOKUTO CORPORATION,プライム,,水産・農林業,食品,True,True,59.801699716713884,35.0,46.80753260000338,BASE,True
5602,2026-10-08,1580.0,468467965.66833496,74,-0.0467958450792858,0.10813260064886832,-0.09960349708365346,0.9163319257046726,28.733249656239874,,,,PRICE ONLY,,,,,栗本鐵工所,"Kurimoto,Ltd.",プライム,,鉄鋼,鉄鋼・非鉄,True,True,74.87252124645892,35.0,46.80136493414773,BASE,True
9882,2026-10-08,1597.0,379017020.6890869,74,-0.07269104740157128,-0.10822011829527789,-0.13382144754957048,1.2933711354124477,15.28500205413314,,,,PRICE ONLY,,,,,イエローハット,YELLOW HAT LTD.,プライム,,卸売業,商社・卸売,True,True,72.29461756373937,35.0,46.79946003065403,BASE,True
9347,2026-10-08,2835.0,378047086.71875,74,-0.00308847725408401,0.04606524269108925,-0.04529107327388715,0.3849347120537399,15.809651262300745,,,,PRICE ONLY,,,,,日本管財ホールディングス,"NIPPON KANZAI Holdings Co.,Ltd.",プライム,,サービス業,情報通信・サービスその他,True,True,72.26628895184136,35.0,46.76826440311263,BASE,True
8005,2026-10-08,1716.0,317403773.41308594,74,-0.005512404608234434,0.03529305019629181,-0.06401167492539706,0.6692817530096037,14.82773951068459,,,,PRICE ONLY,,,,,スクロール,Scroll Corporation,プライム,,小売業,小売,True,True,70.05665722379604,35.0,46.76335744317979,BASE,True
6470,2026-10-08,1157.0,84626465.0,74,0.03211418376449604,0.09254013220018886,-0.04616652926628195,0.8969503687462627,29.306993647202862,,,,PRICE ONLY,,,,,大豊工業,"TAIHO KOGYO CO.,LTD.",スタンダード,,機械,機械,True,True,53.11614730878187,35.0,46.76306792416954,BASE,True
4928,2026-10-08,4455.0,465621643.37402344,74,-0.025010354905019128,0.03310161362114683,-0.07143841434235543,0.6607756504663721,11.180286748192797,,,,PRICE ONLY,,,,,ノエビアホールディングス,"Noevir Holdings Co.,Ltd.",プライム,,化学,素材・化学,True,True,74.78753541076487,35.0,46.742955546201586,BASE,True
3880,2026-10-08,930.0,325552146.79748535,74,-0.016222801796313857,0.011399511807931528,-0.0916043367994821,0.8411809235427706,23.08691715742672,,,,PRICE ONLY,,,,,大王製紙,Daio Paper Corporation,プライム,,パルプ・紙,素材・化学,True,True,70.5099150141643,35.0,46.736028342689785,BASE,True
2117,2026-10-08,2673.0,85185804.19067383,74,-0.02558923302075844,0.014603906193457084,-0.055259830106355046,1.2282430213464697,16.520442675989795,,,,PRICE ONLY,,,,,ウェルネオシュガー,"WELLNEO SUGAR Co.,Ltd.",プライム,,食料品,食品,True,True,53.20113314447592,35.0,46.714747636798634,BASE,True
2986,2026-10-08,2766.0,390261695.0,74,-0.027084066127330275,-0.06743088334457181,-0.07738492328218816,0.7579685275110446,21.81775832530267,,,,PRICE ONLY,,,,,ＬＡホールディングス,"LA Holdings Co.,Ltd.",グロース,,不動産業,不動産,True,True,72.71954674220963,35.0,46.71295011509788,BASE,True
3116,2026-10-08,2149.5,1157603555.5725098,74,-0.04802512576886686,0.009883014708328197,-0.09425651555771364,0.6164389956955714,23.617895381597922,,,,PRICE ONLY,,,,,トヨタ紡織,TOYOTA BOSHOKU CORPORATION,プライム,,輸送用機器,自動車・輸送機,True,True,83.76770538243626,35.0,46.71274569437565,BASE,True
8585,2026-10-08,777.0,510451870.0,74,-0.08909730363423207,-0.12302483069977421,-0.1645161290322581,1.4033975236124554,18.726319993159123,,,,PRICE ONLY,,,,,オリエントコーポレーション,Orient Corporation,プライム,,その他金融業,金融（除く銀行）,True,True,75.94900849858357,35.0,46.70377011041102,BASE,True
3252,2026-10-08,2656.0,440324090.0,74,-0.07132867132867138,-0.08759876331157679,-0.12198347107438012,1.1528980468996903,21.456980244308866,,,,PRICE ONLY,,,,,地主,"JINUSHI Co.,Ltd.",プライム,,不動産業,不動産,True,True,74.24929178470255,35.0,46.68535189032379,BASE,True
1799,2026-10-08,3305.0,51914525.0,74,-0.006015037593984918,-0.026509572901325495,-0.061079545454545414,1.3434310174514323,16.47583128611071,,,,PRICE ONLY,,,,,第一建設工業,DAIICHI KENSETSU CORPORATION,スタンダード,,建設業,建設・資材,True,True,46.77053824362606,35.0,46.678523153620645,BASE,True
7595,2026-10-08,1232.0,252405286.7828369,74,-0.021989419410680555,-0.025007895058944185,-0.09224879640854988,0.9823287339627209,15.448171034866846,,,,PRICE ONLY,,,,,アルゴグラフィックス,ARGO GRAPHICS Inc.,プライム,,情報･通信業,情報通信・サービスその他,True,True,66.60056657223797,35.0,46.67648651588834,BASE,True
8141,2026-10-08,1566.0,87360150.0,74,-0.0006381620931716903,-0.013853904282115859,-0.03452527743526512,0.9816176470588235,1.6789659662843275,,,,PRICE ONLY,,,,,新光商事,"Shinko Shoji Co.,Ltd.",プライム,,卸売業,商社・卸売,True,True,53.569405099150146,35.0,46.673571116572084,BASE,True
2429,2026-10-08,2823.0,121215865.0,74,0.011827956989247213,0.11757719714964376,-0.040122407344440614,0.8229975657818477,19.314167599185726,,,,PRICE ONLY,,,,,ワールドホールディングス,"WORLD HOLDINGS CO.,LTD.",プライム,,サービス業,情報通信・サービスその他,True,True,57.56373937677054,35.0,46.6604738386463,BASE,True
7130,2026-10-08,2625.0,218274000.0,74,-0.07079646017699115,-0.13509060955518948,-0.15322580645161288,1.5906708595387842,19.00670387202031,,,,PRICE ONLY,,,,,ヤマエグループホールディングス,"YAMAE GROUP HOLDINGS CO.,LTD.",プライム,,卸売業,商社・卸売,True,True,64.44759206798867,35.0,46.64636870430109,BASE,True
1946,2026-10-08,2050.0,331502925.13427734,74,-0.08017359357252019,-0.06063811007117925,-0.10202690946275716,1.1999604625877236,26.95025264233984,,,,PRICE ONLY,,,,,トーエネック,TOENEC CORPORATION,プライム,,建設業,建設・資材,True,True,70.73654390934844,35.0,46.64188552861897,BASE,True
7575,2026-10-08,1467.0,451158126.4001465,74,-0.012466216410545461,0.08449164273763743,-0.07437865795478948,0.600545642485554,17.117719262518598,,,,PRICE ONLY,,,,,日本ライフライン,"Japan Lifeline Co.,Ltd.",プライム,,卸売業,商社・卸売,True,True,74.47592067988668,35.0,46.61362604446501,BASE,True
5254,2026-10-08,4020.0,53542400.0,74,-0.008631319358816225,-0.027811366384522418,-0.13174946004319654,1.6720257234726688,27.866809877342014,,,,PRICE ONLY,,,,,Ａｒｅｎｔ,Arent Inc.,グロース,,情報･通信業,情報通信・サービスその他,True,True,47.22379603399433,35.0,46.57333277195812,BASE,True
8704,2026-10-08,1339.0,116464326.14074707,74,-0.05715288931025897,0.11168081466527213,-0.06884561891515995,1.3241444307003594,23.202701389463144,,,,PRICE ONLY,,,,,トレイダーズホールディングス,"TRADERS HOLDINGS CO.,LTD.",スタンダード,,証券･商品先物取引業,金融（除く銀行）,True,True,56.88385269121813,35.0,46.566913637532544,BASE,True
5703,2026-10-08,2739.0,684938895.2502441,74,-0.07906230853036034,0.05684237021752647,-0.1113759104600821,0.9714785502485227,23.292032317014797,,,,PRICE ONLY,,,,,日本軽金属ホールディングス,"Nippon Light Metal Holdings Company,Ltd.",プライム,,非鉄金属,鉄鋼・非鉄,True,True,79.29178470254958,35.0,46.56397960736362,BASE,True
9601,2026-10-08,10570.0,435613150.0,74,-0.021296296296296258,-0.011225444340505097,-0.11695906432748537,0.8580613254203758,12.420286927277045,,,,PRICE ONLY,,,,,松竹,"Shochiku Co.,Ltd.",プライム,,情報･通信業,情報通信・サービスその他,True,True,74.05099150141643,35.0,46.55880262514093,BASE,True
8244,2026-10-08,1897.0,59224910.0,74,0.027070925825663172,0.04059243006034019,-0.055278884462151345,1.0623919534810624,12.9964019818347,,,,PRICE ONLY,,,,,近鉄百貨店,"Kintetsu Department Store CO.,Ltd.",スタンダード,,小売業,小売,True,True,48.86685552407932,35.0,46.547090220835294,BASE,True
1964,2026-10-08,3755.0,79536100.0,74,-0.06359102244389025,-0.06125000000000003,-0.10595238095238091,1.6725978647686832,17.683374822746796,,,,PRICE ONLY,,,,,中外炉工業,"Chugai Ro Co.,Ltd.",プライム,,建設業,建設・資材,True,True,52.266288951841354,35.0,46.53971802408326,BASE,True
1893,2026-10-08,1385.0,3151507833.865967,74,-0.03813280134394459,-0.13761604565361807,-0.19798784433361627,0.829423659548824,33.83384609439839,,,,PRICE ONLY,,,,,五洋建設,"PENTA-OCEAN CONSTRUCTION CO.,LTD.",プライム,,建設業,建設・資材,True,True,90.96317280453258,35.0,46.53963416145424,BASE,True
8254,2026-10-08,337.0,71584125.0,74,0.3480000000000001,0.22476110494080626,-0.13618869589072258,0.08215864542497289,123.161116212833,,,,PRICE ONLY,,,,,さいか屋,"Saikaya Department Store Co.,Ltd.",スタンダード,,小売業,小売,True,True,51.07648725212465,35.0,46.53916483397644,BASE,True
8179,2026-10-08,1292.0,343362605.0,74,-0.02490566037735853,0.027027027027026973,-0.07317073170731703,0.7505365118032596,16.27856476719706,,,,PRICE ONLY,,,,,ロイヤルホールディングス,"ROYAL HOLDINGS Co., Ltd.",プライム,,小売業,小売,True,True,71.01983002832861,35.0,46.53510942426165,BASE,True
9310,2026-10-08,1355.0,119107362.02026367,74,-0.011960446943485858,0.143267712772444,-0.05926741717964812,1.0290775595827748,21.487979263275918,,,,PRICE ONLY,,,,,日本トランスシティ,Japan Transcity Corporation,プライム,,倉庫･運輸関連業,運輸・物流,True,True,57.22379603399433,35.0,46.52853655523548,BASE,True
4743,2026-10-08,1600.0,133997178.8647461,74,0.017124082278161756,-0.036094039369151676,-0.07679956713710168,0.9222380275011854,12.38107682636595,,,,PRICE ONLY,,,,,アイティフォー,ITFOR Inc.,プライム,,情報･通信業,情報通信・サービスその他,True,True,58.640226628895185,35.0,46.52694811241573,BASE,True
4611,2026-10-08,1572.0,93610075.0,74,0.01747572815533971,0.11965811965811968,-0.04146341463414638,0.8708835172239535,18.97936251792961,,,,PRICE ONLY,,,,,大日本塗料,"Dai Nippon Toryo Company,Limited",プライム,,化学,素材・化学,True,True,54.53257790368272,35.0,46.52353635194575,BASE,True
7504,2026-10-08,4505.0,220253580.3564453,74,0.0066298807895806,0.20928921242075216,-0.08147546684392881,0.8199435193300224,25.445947814689664,,,,PRICE ONLY,,,,,高速,KOHSOKU CORPORATION,プライム,,卸売業,商社・卸売,True,True,64.56090651558074,35.0,46.517352767579,BASE,True
9678,2026-10-08,5240.0,471676100.0,74,-0.04553734061930781,0.01945525291828787,-0.08869565217391306,0.8071604673598456,24.1506647311488,,,,PRICE ONLY,,,,,カナモト,"KANAMOTO CO.,LTD.",プライム,,サービス業,情報通信・サービスその他,True,True,75.04249291784703,35.0,46.50520323003517,BASE,True
1515,2026-10-08,3050.0,1721051785.4394531,74,-0.11763206031021034,0.31376455675063686,-0.22723611651756204,1.4924037582430407,56.024005478320284,,,,PRICE ONLY,,,,,日鉄鉱業,"Nittetsu Mining Co.,Ltd.",プライム,,鉱業,エネルギー資源,True,True,86.82719546742209,35.0,46.45604829383861,BASE,True
5541,2026-10-08,2373.0,617204005.2575684,74,-0.06311897901084806,0.10251267829553168,-0.12101804037591146,0.9497526906829133,37.58918780178037,,,,PRICE ONLY,,,,,大平洋金属,"PACIFIC METALS CO.,LTD.",プライム,,鉄鋼,鉄鋼・非鉄,True,True,78.27195467422096,35.0,46.4484337563317,BASE,True
4975,2026-10-08,6090.0,455777427.8857422,74,0.09082741929728444,-0.10621507129815777,-0.22687605440193281,0.7840696950840075,29.51110111486469,,,,PRICE ONLY,,,,,ＪＣＵ,JCU CORPORATION,プライム,,化学,素材・化学,True,True,74.58923512747876,35.0,46.445113314852264,BASE,True
1852,2026-10-08,836.0,337605190.30670166,74,-0.045846849666562495,0.0012440784926612825,-0.09355451349765564,0.9487616643023543,16.512905775923805,,,,PRICE ONLY,,,,,淺沼組,ASANUMA CORPORATION,プライム,,建設業,建設・資材,True,True,70.84985835694052,35.0,46.44215956568594,BASE,True
5463,2026-10-08,1644.5,1060141909.6862793,74,-0.05615679528876527,-0.07549357413962554,-0.13712730822991348,0.845853412705912,17.497648815760144,,,,PRICE ONLY,,,,,丸一鋼管,Maruichi Steel Tube Ltd.,プライム,,鉄鋼,鉄鋼・非鉄,True,True,83.05949008498584,35.0,46.42843122194959,BASE,True
6588,2026-10-08,2904.0,427575019.35668945,74,-0.006136996163092712,-0.021437368838758686,-0.15247968853437033,0.9308026102222664,25.791091540258883,,,,PRICE ONLY,,,,,東芝テック,TOSHIBA TEC CORPORATION,プライム,,電気機器,電機・精密,True,True,73.96600566572238,35.0,46.39207450309605,BASE,True
9743,2026-10-08,1369.0,505386910.0,74,-0.09636963696369638,0.015258505609752726,-0.11161583387410767,1.1405608507057783,16.06416917855336,,,,PRICE ONLY,,,,,丹青社,"TANSEISHA CO.,LTD.",プライム,,サービス業,情報通信・サービスその他,True,True,75.77903682719547,35.0,46.38745374000429,BASE,True
4536,2026-10-08,1685.0,2402657697.0788574,74,-0.0493450728102065,-0.21439087450601768,-0.23705263027569312,1.1107340232849747,23.66628842215189,,,,PRICE ONLY,,,,,参天製薬,"SANTEN PHARMACEUTICAL CO.,LTD.",プライム,,医薬品,医薬品,True,True,89.09348441926346,35.0,46.387072630204464,BASE,True
1929,2026-10-08,1145.0,116902168.98742676,74,-0.03892511879672189,0.04180867290525958,-0.06362740360114283,1.1724776303609996,13.734066283141196,,,,PRICE ONLY,,,,,日特建設,"NITTOC CONSTRUCTION CO.,LTD.",プライム,,建設業,建設・資材,True,True,56.91218130311615,35.0,46.356011487248,BASE,True
6361,2026-10-08,4718.0,13139133070.0,74,0.026098303610265328,-0.19474313022700118,-0.29991864897598275,0.7802079204693052,34.019640723939574,,,,PRICE ONLY,,,,,荏原製作所,EBARA CORPORATION,プライム,,機械,機械,True,True,97.22379603399433,35.0,46.353112041988645,BASE,True
4547,2026-10-08,3695.0,298626656.77978516,74,-0.05180943917829228,-0.09041840986330418,-0.12399008108060239,1.1673304171835215,19.531719318763706,,,,PRICE ONLY,,,,,キッセイ薬品工業,"KISSEI PHARMACEUTICAL CO.,LTD.",プライム,,医薬品,医薬品,True,True,69.06515580736544,35.0,46.348756488130775,BASE,True
8276,2026-10-08,2495.0,296721915.0,74,-0.06238256294626077,-0.01700469378258007,-0.09338662790697672,1.0775612149324294,14.636577886616035,,,,PRICE ONLY,,,,,平和堂,"HEIWADO CO.,LTD.",プライム,,小売業,小売,True,True,68.89518413597735,35.0,46.34840593303932,BASE,True
8129,2026-10-08,3674.0,639235154.7106934,74,-0.0470873727696679,-0.057364586591212574,-0.129623068305314,0.8851863071796425,30.07933727514474,,,,PRICE ONLY,,,,,東邦ホールディングス,"TOHO HOLDINGS CO.,LTD.",プライム,,卸売業,商社・卸売,True,True,78.55524079320114,35.0,46.34464008685986,BASE,True
6027,2026-10-08,5040.0,1200805325.0,74,0.001988071570576455,1.1538461538461537,-0.136986301369863,0.300162019271766,49.37744465554486,,,,PRICE ONLY,,,,,弁護士ドットコム,"Bengo4.com,Inc.",プライム,,サービス業,情報通信・サービスその他,True,True,84.1643059490085,35.0,46.34182599198663,BASE,True
6200,2026-10-08,680.0,346203261.9659424,74,-0.001386266372167988,0.1548484714359739,-0.07492756887920804,0.602105662524898,33.268794219405954,,,,PRICE ONLY,,,,,インソース,"Insource Co.,Ltd.",プライム,,サービス業,情報通信・サービスその他,True,True,71.24645892351275,35.0,46.34017822305804,BASE,True
5942,2026-10-08,697.0,100484385.0,74,0.09419152276295129,0.05446293494705001,-0.06568364611260058,0.543152883470985,29.697660632205892,,,,PRICE ONLY,,,,,日本フイルコン,"NIPPON FILCON CO.,LTD.",スタンダード,,金属製品,建設・資材,True,True,55.26912181303116,35.0,46.32907253419733,BASE,True
7818,2026-10-08,1184.0,152437305.0,74,0.01718213058419238,-0.13434750805112594,-0.1459139010998397,1.1802626343016316,19.83966101180452,,,,PRICE ONLY,,,,,トランザクション,"TRANSACTION CO.,Ltd.",プライム,,その他製品,情報通信・サービスその他,True,True,60.1699716713881,35.0,46.30883554009698,BASE,True
5331,2026-10-08,3625.0,673369909.239502,74,0.029375969242956046,0.005502362470057642,-0.1882894128732444,0.7554926719880403,24.981163456162026,,,,PRICE ONLY,,,,,ノリタケ,"NORITAKE CO.,LIMITED",プライム,,ガラス･土石製品,建設・資材,True,True,79.12181303116147,35.0,46.308274398959185,BASE,True
3315,2026-10-08,93.0,793322915.0,74,-0.06999999999999995,0.03333333333333344,-0.12264150943396224,0.905333370661428,27.674745591623907,,,,PRICE ONLY,,,,,日本コークス工業,"NIPPON COKE & ENGINEERING COMPANY,LIMITED",プライム,,石油･石炭製品,エネルギー資源,True,True,80.36827195467421,35.0,46.28288494826441,BASE,True
6637,2026-10-08,4255.0,112164114.9597168,74,-0.029848536296180894,0.1767084843084763,-0.033133408048737434,0.9814126394052045,39.93961781435259,,,,PRICE ONLY,,,,,寺崎電気産業,"TERASAKI ELECTRIC CO.,LTD.",スタンダード,,電気機器,電機・精密,True,True,56.40226628895184,35.0,46.282513847800615,BASE,True
6364,2026-10-08,2388.0,145625823.0065918,74,-0.031392351312939604,0.27085013183712636,-0.11993051757228623,1.3146628612201212,24.81192351533046,,,,PRICE ONLY,,,,,ＡＩＲＭＡＮ,AIRMAN CORPORATION,プライム,,機械,機械,True,True,59.60339943342776,35.0,46.27057176203866,BASE,True
7769,2026-10-08,3740.0,69576963.50219727,74,-0.020621931260229154,-0.004022324561223867,-0.05103743842352326,1.1859240786921585,12.626635323152613,,,,PRICE ONLY,,,,,リズム,"RHYTHM CO.,LTD.",プライム,,精密機器,電機・精密,True,True,50.82152974504249,35.0,46.26423589117434,BASE,True
6058,2026-10-08,1924.0,881353810.0,74,-0.0637469586374696,-0.0025920165889061764,-0.12065813528336378,0.8279736662292166,36.989846735706976,,,,PRICE ONLY,,,,,ベクトル,VECTOR INC.,プライム,,サービス業,情報通信・サービスその他,True,True,81.44475920679886,35.0,46.26130068527485,BASE,True
6381,2026-10-08,1832.0,138593209.63562012,74,-0.05928604811161997,0.07018968166376838,-0.05928604811161997,1.172293676312969,18.10965007811679,,,,PRICE ONLY,,,,,アネスト岩田,ANEST IWATA Corporation,プライム,,機械,機械,True,True,59.1784702549575,35.0,46.25104796562334,BASE,True
5110,2026-10-08,2008.5,3934979360.0,74,-0.03692160153440427,-0.08434009573740597,-0.1925628140703518,0.7149722086297537,26.440255960737563,,,,PRICE ONLY,,,,,住友ゴム工業,"Sumitomo Rubber Industries,Ltd.",プライム,,ゴム製品,自動車・輸送機,True,True,92.23796033994334,35.0,46.24942232991149,BASE,True
3676,2026-10-08,1050.0,194347685.0,74,-0.0066225165562914245,0.4383561643835616,-0.009433962264150941,0.5476445536017558,3.2688176178697694,,,,PRICE ONLY,,,,,デジタルハーツホールディングス,"DIGITAL HEARTS HOLDINGS Co.,Ltd.",プライム,,情報･通信業,情報通信・サービスその他,True,True,62.861189801699716,35.0,46.2490639764558,BASE,True
2108,2026-10-08,1756.0,205195241.22924805,74,-0.015327125270901965,0.08955535325798603,-0.0963979606008547,0.9936008301625735,19.212380869202597,,,,PRICE ONLY,,,,,日本甜菜製糖,"Nippon Beet Sugar Manufacturing Co.,Ltd.",プライム,,食料品,食品,True,True,63.59773371104816,35.0,46.244640928763324,BASE,True
4619,2026-10-08,2552.0,76496151.93115234,74,-0.0276498167388729,0.07864430209039219,-0.05206474657562321,1.18989118989119,16.53186439588352,,,,PRICE ONLY,,,,,日本特殊塗料,"Nihon Tokushu Toryo Co.,Ltd.",スタンダード,,化学,素材・化学,True,True,51.95467422096317,35.0,46.24296860585527,BASE,True
5334,2026-10-08,3854.0,9291947207.746582,74,-0.019384963788147136,-0.2441267979778624,-0.27885979880049216,0.9217076812960928,41.55628787680565,,,,PRICE ONLY,,,,,日本特殊陶業,"Niterra Co.,Ltd.",プライム,,ガラス･土石製品,建設・資材,True,True,96.28895184135978,35.0,46.234461262207724,BASE,True
7447,2026-10-08,1682.0,186544960.0,74,0.006582884500299313,-0.005242370190965517,-0.04900957592377031,0.6803208891677497,20.005536987069167,,,,PRICE ONLY,,,,,ナガイレーベン,"NAGAILEBEN Co.,Ltd.",プライム,,卸売業,商社・卸売,True,True,62.52124645892351,35.0,46.23213337539076,BASE,True
7725,2026-10-08,1760.0,123733680.0,74,-0.009009009009009028,0.06925880923450789,-0.11955977988994493,1.2451589331384727,34.88465597750315,,,,PRICE ONLY,,,,,インターアクション,INTER ACTION Corporation,プライム,,精密機器,電機・精密,True,True,57.818696883852695,35.0,46.22974958524732,BASE,True
1847,2026-10-08,3290.0,86626638.45092773,74,-0.026815396113440415,0.27041337475706917,-0.043604651162790664,1.0975853123129116,18.022763406229668,,,,PRICE ONLY,,,,,イチケン,"ICHIKEN Co.,Ltd.",スタンダード,,建設業,建設・資材,True,True,53.39943342776204,35.0,46.220109738101264,BASE,True
4973,2026-10-08,4860.0,320694278.33496094,74,0.03365467496198038,-0.00855637697066658,-0.2112445328334298,1.1000752445447706,32.28889958269413,,,,PRICE ONLY,,,,,日本高純度化学,"JAPAN PURE CHEMICAL CO.,LTD.",プライム,,化学,素材・化学,True,True,70.1699716713881,35.0,46.21578036047181,BASE,True
4635,2026-10-08,1931.0,60708993.0078125,74,-0.10417976713632038,0.4654053675493266,-0.10417976713632038,1.9209431345353676,25.050177270490927,,,,PRICE ONLY,,,,,東京インキ,"TOKYO PRINTING INK MFG.CO.,LTD.",スタンダード,,化学,素材・化学,True,True,49.03682719546742,35.0,46.215456649867875,BASE,True
9887,2026-10-08,5090.0,298961564.296875,74,-0.02799854502637067,0.04143014420127833,-0.053245323453383286,0.6780529461998293,16.426759324470034,,,,PRICE ONLY,,,,,松屋フーズホールディングス,"MATSUYA FOODS HOLDINGS CO.,LTD.",プライム,,小売業,小売,True,True,69.12181303116147,35.0,46.21381626299682,BASE,True
5976,2026-10-08,1425.0,116996721.7376709,74,-0.021788370228834286,0.11667309169487772,-0.06622412780673292,1.070846394984326,12.225331226943021,,,,PRICE ONLY,,,,,高周波熱錬,"Neturen Co.,Ltd.",プライム,,金属製品,建設・資材,True,True,56.94050991501416,35.0,46.18728776895283,BASE,True
6744,2026-10-08,3915.0,302754569.74365234,74,-0.04966875564627793,-0.07940101912173658,-0.1401765368800708,1.2035212192878728,23.61567525834534,,,,PRICE ONLY,,,,,能美防災,NOHMI BOSAI LTD.,プライム,,電気機器,電機・精密,True,True,69.29178470254958,35.0,46.18268933166867,BASE,True
4109,2026-10-08,5380.0,233890353.87451172,74,0.0021436748766743285,-0.05822645801198656,-0.22825043393332323,1.470348363043225,29.816767590327732,,,,PRICE ONLY,,,,,ステラ　ケミファ,STELLA CHEMIFA CORPORATION,プライム,,化学,素材・化学,True,True,65.72237960339945,35.0,46.16168047200198,BASE,True
1808,2026-10-08,2550.0,2365754519.4836426,74,-0.0859703164379726,-0.06592145237194769,-0.12329650184828922,0.7116521464183073,21.16643924235131,,,,PRICE ONLY,,,,,長谷工コーポレーション,HASEKO Corporation,プライム,,建設業,建設・資材,True,True,89.03682719546742,35.0,46.15654687489184,BASE,True
6419,2026-10-08,3005.0,200559922.80639648,74,-0.035203281748612536,-0.003980040240615046,-0.04862394787886892,0.8519206939281289,13.102606862354035,,,,PRICE ONLY,,,,,マースグループホールディングス,Mars Group Holdings Corporation,プライム,,機械,機械,True,True,63.39943342776204,35.0,46.13163382191475,BASE,True
8037,2026-10-08,4515.0,405268982.05810547,74,0.019129733621818135,0.24853818580706522,-0.12170971926439467,0.6336302229661067,34.91230198328413,,,,PRICE ONLY,,,,,カメイ,KAMEI CORPORATION,プライム,,卸売業,商社・卸売,True,True,73.20113314447592,35.0,46.124262630086356,BASE,True
6480,2026-10-08,1844.0,1151583322.6831055,74,0.050244289132321374,-0.057759543195094465,-0.27907649543904944,0.92217125382263,47.32235717063693,,,,PRICE ONLY,,,,,日本トムソン,"NIPPON THOMPSON CO.,LTD.",プライム,,機械,機械,True,True,83.71104815864022,35.0,46.10221703997988,BASE,True
4725,2026-10-08,1911.0,81319115.0,74,-0.015455950540958274,0.05289256198347103,-0.036308623298033305,1.0080264400377714,12.557603889470489,,,,PRICE ONLY,,,,,ＣＡＣ　Ｈｏｌｄｉｎｇｓ,CAC Holdings Corporation,プライム,,情報･通信業,情報通信・サービスその他,True,True,52.63456090651558,35.0,46.096663696297895,BASE,True
5949,2026-10-08,1264.0,205413947.48413086,74,-0.04045224926901203,0.043623780583860405,-0.0639740367229733,0.9407056880617398,22.321116392610243,,,,PRICE ONLY,,,,,ユニプレス,UNIPRES CORPORATION,プライム,,輸送用機器,自動車・輸送機,True,True,63.626062322946176,35.0,46.090017073709504,BASE,True
5821,2026-10-08,3230.0,150928593.58520508,74,0.029588465939582864,-0.008022076211485984,-0.17293210051158503,1.219223739382862,34.62918273270932,,,,PRICE ONLY,,,,,平河ヒューテック,HIRAKAWA HEWTECH CORP.,プライム,,非鉄金属,鉄鋼・非鉄,True,True,60.02832861189802,35.0,46.08751621718645,BASE,True
7187,2026-10-08,1324.0,73224787.99377441,74,0.0031491397786509445,-0.004226950742679536,-0.03267767272740241,0.9285067873303168,12.48514238752387,,,,PRICE ONLY,,,,,ジェイリース,"J-LEASE CO.,LTD.",プライム,,その他金融業,金融（除く銀行）,True,True,51.41643059490085,35.0,46.07880132042878,BASE,True
7004,2026-10-08,1112.0,1291337455.0,74,-0.06789606035205364,-0.1061093247588425,-0.22074281709880872,1.2100923525810527,25.448115679777768,,,,PRICE ONLY,,,,,カナデビア,Kanadevia Corporation,プライム,,機械,機械,True,True,84.75920679886686,35.0,46.07664103777012,BASE,True
5857,2026-10-08,3440.0,1788882490.1794434,74,-0.06849517926369397,0.18606770454100463,-0.1590736909853161,0.8441927455860163,31.121094605934786,,,,PRICE ONLY,,,,,ＡＲＥホールディングス,"ARE Holdings,Inc.",プライム,,非鉄金属,鉄鋼・非鉄,True,True,86.9971671388102,35.0,46.06860777131939,BASE,True
6840,2026-10-08,821.0,290624870.0,74,-0.00725513905683195,0.15796897038081803,-0.09281767955801101,0.7638071265207801,56.503662220462516,,,,PRICE ONLY,,,,,ＡＫＩＢＡホールディングス,"AKIBA Holdings Co.,Ltd.",スタンダード,,電気機器,電機・精密,True,True,68.38526912181302,35.0,46.06330293358393,BASE,True
3031,2026-10-08,687.0,62645305.0,74,0.025373134328358304,0.11889250814332253,-0.04317548746518107,0.92152466367713,20.927417505876498,,,,PRICE ONLY,,,,,ラクーンホールディングス,"RACCOON HOLDINGS,Inc.",プライム,,情報･通信業,情報通信・サービスその他,True,True,49.461756373937675,35.0,46.06210553365564,BASE,True
9348,2026-10-08,377.0,299713375.0,74,-0.09592326139088725,-0.2578740157480315,-0.2578740157480315,5.626429944174979,21.994636036170164,,,,PRICE ONLY,,,,,ｉｓｐａｃｅ,"ispace,inc.",グロース,,サービス業,情報通信・サービスその他,True,True,69.1784702549575,35.0,46.058848148635775,BASE,True
6506,2026-10-08,4789.0,15496008015.0,74,0.027461918043338418,-0.2921700194006259,-0.36974929343269936,1.0536764257916689,32.39204595813302,,,,PRICE ONLY,,,,,安川電機,YASKAWA Electric Corporation,プライム,,電気機器,電機・精密,True,True,97.70538243626062,35.0,46.049809241262594,BASE,True
4220,2026-10-08,2380.0,396661768.18237305,74,-0.012485146980316553,0.34726023355322666,-0.14614952806238302,0.9108044020186052,24.477665529251382,,,,PRICE ONLY,,,,,リケンテクノス,RIKEN TECHNOS CORPORATION,プライム,,化学,素材・化学,True,True,72.94617563739378,35.0,46.04286643958354,BASE,True
5445,2026-10-08,1927.0,181459954.7692871,74,-0.04237556132190645,0.028819555125356056,-0.06515440957269591,0.9898477157360406,16.564445023185137,,,,PRICE ONLY,,,,,東京鐵鋼,"TOKYO TEKKO CO.,LTD.",プライム,,鉄鋼,鉄鋼・非鉄,True,True,62.18130311614731,35.0,46.02437450503461,BASE,True
2281,2026-10-08,2270.0,571631346.5319824,74,-0.03922710952843189,-0.04360511104788578,-0.09638465228488946,0.66364883963868,13.87494546302336,,,,PRICE ONLY,,,,,プリマハム,"Prima Meat Packers,Ltd.",プライム,,食料品,食品,True,True,77.5070821529745,35.0,46.00783516890476,BASE,True
9543,2026-10-08,1268.0,206858740.0,74,-0.0408472012102874,0.011971268954509284,-0.0877697841726619,1.0399245111118343,22.647375653847305,,,,PRICE ONLY,,,,,静岡ガス,"SHIZUOKA GAS CO.,LTD.",プライム,,電気･ガス業,電気・ガス,True,True,63.8243626062323,35.0,46.00423294917066,BASE,True
7874,2026-10-08,947.0,68004181.69525146,74,0.00821070964217907,0.009269803141088495,-0.029469856836675468,0.9029471190691841,14.43940175031678,,,,PRICE ONLY,,,,,レック,"LEC,INC.",プライム,,化学,素材・化学,True,True,50.48158640226629,35.0,45.99922824812105,BASE,True
9251,2026-10-08,1531.0,107618060.0,74,-0.0039037085230969604,0.16514459665144599,-0.0715585203153426,1.0098053563588467,28.928177485624413,,,,PRICE ONLY,,,,,ＡＢ＆Ｃｏｍｐａｎｙ,"AB&Company Co.,Ltd.",グロース,,サービス業,情報通信・サービスその他,True,True,55.8356940509915,35.0,45.999204983454845,BASE,True
3547,2026-10-08,1947.0,53687915.0,74,0.03289124668435006,0.2307206068268015,-0.00865580448065173,0.7667617689015692,16.301886663709762,,,,PRICE ONLY,,,,,ユニシアホールディングス,UNISIA HOLDINGS CO.,スタンダード,,小売業,小売,True,True,47.39376770538243,35.0,45.996408717310146,BASE,True
8914,2026-10-08,839.0,66362135.0,74,-0.07292817679558006,-0.03117782909930711,-0.1668321747765641,4.36273775647746,19.911095731761915,,,,PRICE ONLY,,,,,エリアリンク,"Arealink Co.,Ltd.",スタンダード,,不動産業,不動産,True,True,50.08498583569405,35.0,45.98741399676631,BASE,True
1814,2026-10-08,3355.0,251342717.19726562,74,-0.05265744859428134,-0.017520590159119664,-0.09379204343231218,1.0466600482201107,20.206044341427123,,,,PRICE ONLY,,,,,大末建設,"DAISUE CONSTRUCTION CO.,LTD.",プライム,,建設業,建設・資材,True,True,66.48725212464589,35.0,45.981068240185365,BASE,True
9888,2026-10-08,1169.0,66764306.314086914,74,-0.07092175462615857,0.2109018299302443,-0.09342776289246635,1.6231717809004875,24.060779069426914,,,,PRICE ONLY,,,,,ＵＥＸ,"UEX,LTD.",スタンダード,,卸売業,商社・卸売,True,True,50.28328611898017,35.0,45.969320929563935,BASE,True
7779,2026-10-08,209.0,182138475.0,74,-0.09523809523809523,-0.0752212389380531,-0.18359375,1.8282696869977806,29.159453759039472,,,,PRICE ONLY,,,,,ＣＹＢＥＲＤＹＮＥ,"CYBERDYNE,INC.",グロース,,精密機器,電機・精密,True,True,62.26628895184136,35.0,45.969143182428304,BASE,True
3823,2026-10-08,39.0,297641730.0,74,0.21875,0.25806451612903225,-0.26415094339622647,0.36792343566297625,242.5303698246069,,,,PRICE ONLY,,,,,ＴＨＥ　ＷＨＹ　ＨＯＷ　ＤＯ　ＣＯＭＰＡＮＹ,"THE WHY HOW DO COMPANY,Inc.",スタンダード,,情報･通信業,情報通信・サービスその他,True,True,68.95184135977337,35.0,45.95546261157732,BASE,True
5970,2026-10-08,2159.0,229928637.7355957,74,-0.02564720138377541,0.06721568565927227,-0.07391484606427656,0.8410412892152188,22.59158995263246,,,,PRICE ONLY,,,,,ジーテクト,G-TEKT CORPORATION,プライム,,金属製品,建設・資材,True,True,65.32577903682719,35.0,45.95005642902942,BASE,True
8066,2026-10-08,3205.0,83363415.1574707,74,-0.08534143800400029,0.16384227673241014,-0.1128687778084203,1.711871943085816,34.10043238497787,,,,PRICE ONLY,,,,,三谷商事,MITANI CORPORATION,スタンダード,,卸売業,商社・卸売,True,True,52.861189801699716,35.0,45.950013951525044,BASE,True
5714,2026-10-08,8405.0,3811059975.0,74,-0.10097336613541552,0.017924185539542226,-0.19569377990430625,1.0176551332418233,33.01921051472512,,,,PRICE ONLY,,,,,ＤＯＷＡホールディングス,"DOWA HOLDINGS CO.,LTD.",プライム,,非鉄金属,鉄鋼・非鉄,True,True,92.12464589235128,35.0,45.94682871426392,BASE,True
7241,2026-10-08,1045.0,414821746.04248047,74,-0.043915827996340306,0.1092964010169517,-0.06488257561896382,0.6387094327218479,19.573119126837483,,,,PRICE ONLY,,,,,フタバ産業,"FUTABA INDUSTRIAL CO.,LTD.",プライム,,輸送用機器,自動車・輸送機,True,True,73.62606232294617,35.0,45.92842992000594,BASE,True
4165,2026-10-08,707.0,185441905.0,74,0.038179148311306976,0.3068391866913125,-0.05481283422459893,0.4230977525047387,35.0498182864209,,,,PRICE ONLY,,,,,プレイド,"PLAID,Inc.",グロース,,情報･通信業,情報通信・サービスその他,True,True,62.492917847025495,35.0,45.919022970636156,BASE,True
4116,2026-10-08,1281.0,180665991.96044922,74,-0.0018498297410922682,0.21975439283291642,-0.0686775773471957,0.7813402657423455,25.154338306305025,,,,PRICE ONLY,,,,,大日精化工業,"Dainichiseika Color & Chemicals Mfg.Co.,Ltd.",プライム,,化学,素材・化学,True,True,62.09631728045326,35.0,45.89227837279927,BASE,True
7564,2026-10-08,5290.0,2722727250.0,74,-0.11092436974789921,-0.11092436974789921,-0.2517680339462518,1.3990110231797712,33.265089349814204,,,,PRICE ONLY,,,,,ワークマン,"WORKMAN CO.,LTD.",スタンダード,,小売業,小売,True,True,89.91501416430594,35.0,45.88368444516423,BASE,True
5741,2026-10-08,2112.0,1970134503.3093262,74,-0.056232421129435606,-0.14086170337119408,-0.25867792030015024,1.2225924976501752,33.44400438577047,,,,PRICE ONLY,,,,,ＵＡＣＪ,UACJ Corporation,プライム,,非鉄金属,鉄鋼・非鉄,True,True,87.53541076487252,35.0,45.88222147930681,BASE,True
8927,2026-10-08,487.0,68704840.0,74,0.010373443983402453,0.09034680550502272,-0.04322200392927311,0.9357926001980126,19.296234809821986,,,,PRICE ONLY,,,,,明豊エンタープライズ,"MEIHO ENTERPRISE CO.,LTD.",スタンダード,,不動産業,不動産,True,True,50.65155807365439,35.0,45.87939856778053,BASE,True
7482,2026-10-08,1397.0,63102696.604003906,74,-0.04730332763840994,0.041903094712090194,-0.09454450799457881,1.5167753960857409,14.693824298119212,,,,PRICE ONLY,,,,,シモジマ,"SHIMOJIMA Co.,Ltd.",プライム,,卸売業,商社・卸売,True,True,49.49008498583569,35.0,45.874851894598024,BASE,True
4577,2026-10-08,1309.0,92653275.0,74,0.016304347826086918,0.049719326383319995,-0.0514492753623188,0.8326787117046347,19.955274057428532,,,,PRICE ONLY,,,,,ダイト,"Daito Pharmaceutical Co.,Ltd.",プライム,,医薬品,医薬品,True,True,54.36260623229462,35.0,45.87014122925173,BASE,True
9025,2026-10-08,2755.0,252098870.07080078,74,-0.0117389973938834,0.018371234853455265,-0.0718513893630831,0.7071561495516833,13.85306232298729,,,,PRICE ONLY,,,,,鴻池運輸,"Konoike Transport Co.,Ltd.",プライム,,陸運業,運輸・物流,True,True,66.51558073654391,35.0,45.83936422222951,BASE,True
8151,2026-10-08,1874.0,306379399.8034668,74,0.009958996546610255,-0.007842228913669258,-0.09595078405697044,0.6214212524862878,25.89364224377112,,,,PRICE ONLY,,,,,東陽テクニカ,TOYO Corporation,プライム,,卸売業,商社・卸売,True,True,69.51841359773371,35.0,45.82906570729709,BASE,True
7508,2026-10-08,1365.0,83742297.37426758,74,-0.015564394851109387,-0.002934376484898915,-0.06366598687617775,1.0922021844043688,16.028735559985876,,,,PRICE ONLY,,,,,Ｇ‐７ホールディングス,G-7 HOLDINGS Inc.,プライム,,小売業,小売,True,True,52.917847025495746,35.0,45.821660142281125,BASE,True
2264,2026-10-08,1046.0,2180436047.9229736,74,-0.05671604592800805,-0.17806348574484365,-0.19679356027461214,0.8893188930902054,22.089854498717067,,,,PRICE ONLY,,,,,森永乳業,"MORINAGA MILK INDUSTRY CO.,LTD.",プライム,,食料品,食品,True,True,88.35694050991502,35.0,45.819363677080155,BASE,True
3395,2026-10-08,2440.0,283482243.2373047,74,0.010860879996277939,-0.037275352384497196,-0.07552460683682805,0.5595191767198513,16.399276301734382,,,,PRICE ONLY,,,,,サンマルクホールディングス,"Saint Marc Holdings Co.,Ltd.",プライム,,小売業,小売,True,True,68.01699716713881,35.0,45.81087439399749,BASE,True
9031,2026-10-08,2787.5,1124252942.3254395,74,-0.07167259026649819,-0.056184998850155266,-0.12831629133762024,0.7766884531590414,19.939388423804584,,,,PRICE ONLY,,,,,西日本鉄道,"Nishi-Nippon Railroad Co.,Ltd.",プライム,,陸運業,運輸・物流,True,True,83.48441926345609,35.0,45.80670526280842,BASE,True
9519,2026-10-08,830.0,719690475.0,74,-0.07675194660734153,-0.11608093716719914,-0.19806763285024154,1.2546254444645333,33.97559170659951,,,,PRICE ONLY,,,,,レノバ,"RENOVA,Inc.",プライム,,電気･ガス業,電気・ガス,True,True,79.71671388101983,35.0,45.798342835606775,BASE,True
8864,2026-10-08,898.0,68987118.13842773,74,-0.0516550622590114,-0.05749705180199616,-0.11560895584041375,1.5926620804669585,16.36347643271428,,,,PRICE ONLY,,,,,空港施設,"AIRPORT FACILITIES Co.,LTD.",スタンダード,,不動産業,不動産,True,True,50.70821529745042,35.0,45.79059230129026,BASE,True
5262,2026-10-08,1039.0,231162430.93139648,74,-0.09626052112336736,0.013547728085177457,-0.09781198826873039,1.2903225806451613,18.242348641644202,,,,PRICE ONLY,,,,,日本ヒューム,Nippon Hume Corporation,プライム,,ガラス･土石製品,建設・資材,True,True,65.52407932011332,35.0,45.78723986821741,BASE,True
5592,2026-10-08,2532.0,115782335.0,74,-0.0506186726659168,0.04369332234130252,-0.12083333333333335,1.4257099092730057,30.964842099848646,,,,PRICE ONLY,,,,,くすりの窓口,"Kusurinomadoguchi,Inc.",グロース,,情報･通信業,情報通信・サービスその他,True,True,56.77053824362607,35.0,45.75578350485668,BASE,True
4971,2026-10-08,7340.0,2435202800.0,74,0.12061068702290068,-0.18805309734513276,-0.36715389839550494,0.7737195924873519,45.22444872805405,,,,PRICE ONLY,,,,,メック,MEC COMPANY LTD.,プライム,,化学,素材・化学,True,True,89.15014164305948,35.0,45.75040461193503,BASE,True
6331,2026-10-08,2903.0,592148537.9858398,74,-0.12170467185453848,-0.15316222550049208,-0.28698098412158357,1.9681493684788578,33.76051335605074,,,,PRICE ONLY,,,,,三菱化工機,"Mitsubishi Kakoki Kaisha,Ltd.",プライム,,機械,機械,True,True,77.84702549575071,35.0,45.750311108140224,BASE,True
7762,2026-10-08,2355.0,3543037484.490967,74,-0.0985546528716581,0.05055964218100306,-0.16228678699438004,0.822619043677217,54.732949809264596,,,,PRICE ONLY,,,,,シチズン時計,"Citizen Watch Co.,Ltd.",プライム,,精密機器,電機・精密,True,True,91.72804532577904,35.0,45.735922585324964,BASE,True
7984,2026-10-08,854.2000122070312,743137823.7677002,74,-0.07674016327629751,0.005059404246909205,-0.08101128326301099,0.6690866510538642,13.503320094969379,,,,PRICE ONLY,,,,,コクヨ,"KOKUYO CO.,LTD.",プライム,,その他製品,情報通信・サービスその他,True,True,79.88668555240793,35.0,45.73348057531976,BASE,True
3850,2026-10-08,3825.0,124832950.0,74,0.0,0.2142857142857142,-0.053217821782178265,0.7944628347878423,28.275376923303487,,,,PRICE ONLY,,,,,エヌ・ティ・ティ・データ・イントラマート,NTT DATA INTRAMART CORPORATION,スタンダード,,情報･通信業,情報通信・サービスその他,True,True,57.932011331444755,35.0,45.71276576647759,BASE,True
2908,2026-10-08,1567.0,76381303.99353027,74,-0.012190348173309995,0.024749024833643052,-0.03498137487555619,0.9481575335233872,13.529212593779318,,,,PRICE ONLY,,,,,フジッコ,"FUJICCO CO.,LTD.",プライム,,食料品,食品,True,True,51.92634560906516,35.0,45.71099367685703,BASE,True
5192,2026-10-08,4100.0,306852957.6062012,74,-0.041199158765534816,0.05407785448558666,-0.08715481981668083,0.8211792355014862,16.685337478466547,,,,PRICE ONLY,,,,,三ツ星ベルト,Mitsuboshi Belting Ltd.,プライム,,ゴム製品,自動車・輸送機,True,True,69.60339943342775,35.0,45.7096577025969,BASE,True
8614,2026-10-08,689.0,311028125.0,74,-0.06385869565217395,0.07824726134585291,-0.09102902374670185,0.9496541298272939,18.61807065425045,,,,PRICE ONLY,,,,,東洋証券,"TOYO SECURITIES CO.,LTD.",プライム,,証券･商品先物取引業,金融（除く銀行）,True,True,69.74504249291785,35.0,45.691675574732706,BASE,True
4337,2026-10-08,2443.0,66017920.0,74,-0.09046909903201783,-0.12090680100755669,-0.15642265193370164,2.935196950444727,17.08031589969474,,,,PRICE ONLY,,,,,ぴあ,PIA CORPORATION,プライム,,サービス業,情報通信・サービスその他,True,True,49.88668555240793,35.0,45.68466038439567,BASE,True
8086,2026-10-08,1330.5,1237683692.9278564,74,-0.0788053723709462,-0.13992310844461697,-0.19729588627486416,1.1025402851258026,22.507882314417117,,,,PRICE ONLY,,,,,ニプロ,NIPRO CORPORATION,プライム,,精密機器,電機・精密,True,True,84.41926345609065,35.0,45.67963028302462,BASE,True
4051,2026-10-08,5990.0,170496258.91845703,74,0.02261946372397272,-0.09804365307201746,-0.12887971877648685,0.9378185524974516,24.434214231404958,,,,PRICE ONLY,,,,,ＧＭＯフィナンシャルゲート,"GMO Financial Gate,Inc.",プライム,,情報･通信業,情報通信・サービスその他,True,True,61.331444759206796,35.0,45.664870054981904,BASE,True
4434,2026-10-08,2427.0,72866910.0,74,-0.003285420944558526,0.2509930654205972,-0.07295645530939654,1.0973569755771162,19.402200901432025,,,,PRICE ONLY,,,,,サーバーワークス,"Serverworks Co.,Ltd.",スタンダード,,情報･通信業,情報通信・サービスその他,True,True,51.3314447592068,35.0,45.65779813051046,BASE,True
4344,2026-10-08,101.0,168379845.0,74,-0.0982142857142857,-0.047169811320754707,-0.1512605042016807,1.6710643765878348,23.915685924746256,,,,PRICE ONLY,,,,,ソースネクスト,SOURCENEXT CORPORATION,プライム,,情報･通信業,情報通信・サービスその他,True,True,61.18980169971672,35.0,45.654600001389255,BASE,True
6707,2026-10-08,6777.0,1112842940.0,74,-0.0346153846153846,-0.33915163334958554,-0.4202737382378101,1.8890309048602234,31.171988911615433,,,,PRICE ONLY,,,,,サンケン電気,"Sanken Electric Co.,Ltd.",プライム,,電気機器,電機・精密,True,True,83.42776203966005,35.0,45.651802396377455,BASE,True
4022,2026-10-08,2025.0,1245867518.2415771,74,-0.0011482507991693591,0.13971545038299693,-0.19343208824403735,0.6791206522860976,46.45472905622264,,,,PRICE ONLY,,,,,ラサ工業,"Rasa Industries,Ltd.",プライム,,化学,素材・化学,True,True,84.44759206798867,35.0,45.65060177160232,BASE,True
2733,2026-10-08,2476.0,386207024.24072266,74,-0.05368974089431333,-0.0013660485197826144,-0.07683784819762707,0.7344459233473261,15.557783646249712,,,,PRICE ONLY,,,,,あらた,ARATA CORPORATION,プライム,,卸売業,商社・卸売,True,True,72.60623229461757,35.0,45.63905524129683,BASE,True
6141,2026-10-08,2786.0,3870520792.5,74,-0.048659723407888045,-0.2427290024463169,-0.2869209111850525,1.1445823251270895,30.600217190152375,,,,PRICE ONLY,,,,,ＤＭＧ森精機,"DMG MORI CO.,LTD.",プライム,,機械,機械,True,True,92.20963172804532,35.0,45.63873600181453,BASE,True
8167,2026-10-08,1407.0,103227260.0,74,0.02178649237472774,0.0460944706075721,-0.0397894261026559,0.6802162458085267,17.320164839342365,,,,PRICE ONLY,,,,,リテールパートナーズ,"RETAIL PARTNERS CO.,LTD.",プライム,,小売業,小売,True,True,55.43909348441927,35.0,45.635926582976,BASE,True
5563,2026-10-08,418.0,228990075.0,74,-0.045662100456621,0.0072289156626506035,-0.1313199423527749,1.1796934195955004,25.46116848281217,,,,PRICE ONLY,,,,,新日本電工,"Nippon Denko Co.,Ltd.",プライム,,鉄鋼,鉄鋼・非鉄,True,True,65.1841359773371,35.0,45.627517945888094,BASE,True
9247,2026-10-08,1741.0,466491196.4782715,74,-0.024450716787958182,-0.15916945307085362,-0.21626980114667949,1.1950538801457478,28.98670855111572,,,,PRICE ONLY,,,,,ＴＲＥホールディングス,TRE HOLDINGS CORPORATION,プライム,,サービス業,情報通信・サービスその他,True,True,74.8158640226629,35.0,45.62264365455477,BASE,True
2533,2026-10-08,467.0,60301320.0,74,0.030905077262693093,-0.0807086614173228,-0.10364683301343569,1.1367201641124653,21.943676681685897,,,,PRICE ONLY,,,,,オエノンホールディングス,"Oenon Holdings,Inc.",プライム,,食料品,食品,True,True,48.92351274787535,35.0,45.61344136258528,BASE,True
3817,2026-10-08,4640.0,165743765.69335938,74,-0.018307457643052305,0.036469690903044416,-0.051718348358630095,0.7722884724588303,15.304557503410296,,,,PRICE ONLY,,,,,ＳＲＡホールディングス,"SRA Holdings,Inc.",プライム,,情報･通信業,情報通信・サービスその他,True,True,61.048158640226625,35.0,45.60921477025835,BASE,True
6183,2026-10-08,1265.0,370970415.0,74,-0.07865986890021848,-0.05130214248173193,-0.10393443314701045,1.0096337710112728,14.893298470943908,,,,PRICE ONLY,,,,,ベルシステム２４ホールディングス,"BELLSYSTEM24 HOLDINGS,INC.",プライム,,サービス業,情報通信・サービスその他,True,True,71.95467422096317,35.0,45.606571592315795,BASE,True
1419,2026-10-08,2836.0,219611435.0,74,-0.013908205841446475,-0.0593698175787728,-0.08956661316211878,0.8272568884300188,12.11766779045817,,,,PRICE ONLY,,,,,タマホーム,"Tama Home Co.,Ltd.",プライム,,建設業,建設・資材,True,True,64.53257790368272,35.0,45.59331761365156,BASE,True
9828,2026-10-08,3315.0,259111602.82714844,74,0.006021873216959905,0.01980296475170218,-0.08842099623794009,0.6483537397703483,22.35519307270796,,,,PRICE ONLY,,,,,Ｇｅｎｋｉ　Ｇｌｏｂａｌ　Ｄｉｎｉｎｇ　Ｃｏｎｃｅｐｔｓ,Genki Global Dining Concepts Corporation,スタンダード,,小売業,小売,True,True,66.85552407932012,35.0,45.585768737371914,BASE,True
4028,2026-10-08,2777.0,561100043.8586426,74,-0.08100546698150324,0.03665006113948466,-0.12238876216113825,0.9484738240833914,22.337709987279265,,,,PRICE ONLY,,,,,石原産業,"ISHIHARA SANGYO KAISHA,LTD.",プライム,,化学,素材・化学,True,True,77.25212464589235,35.0,45.578142499179215,BASE,True
1899,2026-10-08,4620.0,200375100.0,74,0.025527192008879096,0.24864864864864855,-0.09055118110236215,0.6611952375447925,20.710028966040746,,,,PRICE ONLY,,,,,福田組,FUKUDA CORPORATION,プライム,,建設業,建設・資材,True,True,63.37110481586402,35.0,45.57401764890146,BASE,True
1975,2026-10-08,3785.0,228426427.2314453,74,-0.03749731023281189,-0.13665773180421592,-0.17455602335958065,1.3419243986254294,26.51782989918874,,,,PRICE ONLY,,,,,朝日工業社,"ASAHI KOGYOSHA CO.,LTD.",プライム,,建設業,建設・資材,True,True,65.12747875354108,35.0,45.57248939342354,BASE,True
3333,2026-10-08,1231.0,197679825.0,74,-0.050154320987654266,-0.06230707367169375,-0.09816849816849815,1.092760711533952,13.451204713810613,,,,PRICE ONLY,,,,,あさひ,"ASAHI CO.,LTD.",プライム,,小売業,小売,True,True,63.172804532577906,35.0,45.56910321621283,BASE,True
3679,2026-10-08,430.0,185216165.0,74,-0.03803131991051456,0.08040201005025116,-0.07526881720430112,0.9403397866455946,21.257426218541905,,,,PRICE ONLY,,,,,じげん,"ZIGExN Co.,Ltd.",プライム,,情報･通信業,情報通信・サービスその他,True,True,62.436260623229465,35.0,45.56554031764005,BASE,True
2915,2026-10-08,1971.0,64333741.5612793,74,-0.02253745780091221,-0.04760064425916033,-0.05965635336966091,1.1650793650793652,14.180978899563032,,,,PRICE ONLY,,,,,ケンコーマヨネーズ,"KENKO Mayonnaise Co.,Ltd.",プライム,,食料品,食品,True,True,49.74504249291785,35.0,45.56418375190075,BASE,True
5332,2026-10-08,6053.0,6262472732.902832,74,0.018105149319642244,-0.24673508380950115,-0.3434506140924821,0.9899726268313784,24.98427584051872,,,,PRICE ONLY,,,,,ＴＯＴＯ,TOTO LTD.,プライム,,ガラス･土石製品,建設・資材,True,True,94.70254957507083,35.0,45.558454255414944,BASE,True
2678,2026-10-08,1174.0,499366090.0,74,-0.09413580246913578,-0.07921568627450981,-0.106544901065449,0.9830366388875191,24.369479252733246,,,,PRICE ONLY,,,,,アスクル,ASKUL Corporation,プライム,,小売業,小売,True,True,75.63739376770539,35.0,45.55035764350803,BASE,True
4755,2026-10-08,650.2000122070312,13995780891.860352,74,-0.12395580502137915,-0.1940002449880165,-0.26655384973826146,1.2639194505567781,27.909145858622082,,,,PRICE ONLY,,,,,楽天グループ,"Rakuten Group,Inc.",プライム,,サービス業,情報通信・サービスその他,True,True,97.3371104815864,35.0,45.540162144707395,BASE,True
6157,2026-10-08,792.0,55306741.238708496,74,-0.030295059112109946,-0.14895088374833598,-0.21211470976920155,2.1827724606359986,13.334507957141964,,,,PRICE ONLY,,,,,日進工具,"NS TOOL CO.,LTD.",スタンダード,,機械,機械,True,True,47.81869688385269,35.0,45.52418071114201,BASE,True
3276,2026-10-08,2252.0,214969895.0,74,0.002671415850400649,0.5870331219168428,-0.04047720494247975,0.4051816499464303,7.891212422365889,,,,PRICE ONLY,,,,,ＪＰＭＣ,"Japan Property Management Center Co.,Ltd.",プライム,,不動産業,不動産,True,True,64.24929178470255,35.0,45.51879773975222,BASE,True
8275,2026-10-08,1046.0,55547220.0,74,0.03155818540433919,0.034619188921859445,-0.0159924741298213,0.7221702525724977,17.274355865185846,,,,PRICE ONLY,,,,,フォーバル,FORVAL CORPORATION,スタンダード,,卸売業,商社・卸売,True,True,47.903682719546744,35.0,45.51696822284606,BASE,True
4519,2026-10-08,6107.0,21071243815.0,74,-0.0696221815965874,-0.17013181138741673,-0.2008636482596179,0.628432392809252,28.09698960173358,,,,PRICE ONLY,,,,,中外製薬,"CHUGAI PHARMACEUTICAL CO.,LTD.",プライム,,医薬品,医薬品,True,True,98.41359773371104,35.0,45.51667784705474,BASE,True
9956,2026-10-08,1543.0,617308015.2978516,74,-0.01396267659091055,-0.024614331134721668,-0.18967959913543642,0.8893375126175423,23.1211341262397,,,,PRICE ONLY,,,,,バローホールディングス,"VALOR HOLDINGS CO.,LTD.",プライム,,小売業,小売,True,True,78.30028328611898,35.0,45.505189905369754,BASE,True
7942,2026-10-08,2918.0,153056711.1376953,74,-0.0033449958731652796,0.2115320150900617,-0.07134838195920856,0.7990823934238196,29.846475603668875,,,,PRICE ONLY,,,,,ＪＳＰ,JSP Corporation,プライム,,化学,素材・化学,True,True,60.226628895184135,35.0,45.49855755825092,BASE,True
4658,2026-10-08,1553.0,297050389.71984863,74,-0.010224530127673215,-0.03085749109676439,-0.05631556632002577,0.44382583118861285,32.138417565061864,,,,PRICE ONLY,,,,,日本空調サービス,"Nippon Air Conditioning Services Co.,Ltd.",プライム,,サービス業,情報通信・サービスその他,True,True,68.92351274787536,35.0,45.496748468368295,BASE,True
6914,2026-10-08,3250.0,505482325.0,74,0.03338632750397452,-0.1436100131752306,-0.2494226327944573,1.0099112521863056,35.51618047368839,,,,PRICE ONLY,,,,,オプテックスグループ,"OPTEX GROUP Company,Limited",プライム,,電気機器,電機・精密,True,True,75.80736543909349,35.0,45.492177098615244,BASE,True
7280,2026-10-08,1286.0,242723920.0,74,-0.041728763040238426,0.09914529914529924,-0.07013738250180768,0.8112623592889814,31.999668755951284,,,,PRICE ONLY,,,,,ミツバ,MITSUBA Corporation,プライム,,電気機器,電機・精密,True,True,66.14730878186968,35.0,45.487235916088316,BASE,True
2681,2026-10-08,2079.0,377980609.59472656,74,-0.10619923515214302,0.03774785041589013,-0.14836307907589075,1.3410168677591692,27.414977389512558,,,,PRICE ONLY,,,,,ゲオホールディングス,GEO HOLDINGS CORPORATION,プライム,,小売業,小売,True,True,72.23796033994334,35.0,45.484311625486065,BASE,True
6222,2026-10-08,867.0,131300197.01293945,74,-0.08424977048107851,-0.014203658853193413,-0.11655950892773848,1.4879309124371771,19.635486893378616,,,,PRICE ONLY,,,,,島精機製作所,"SHIMA SEIKI MFG.,LTD.",プライム,,機械,機械,True,True,58.328611898017,35.0,45.468038005872295,BASE,True
3482,2026-10-08,2450.0,233733485.0,74,-0.03314917127071826,-0.08752327746741151,-0.1683638832315003,1.255937258367392,19.072628762604012,,,,PRICE ONLY,,,,,ロードスターキャピタル,Loadstar Capital K.K.,プライム,,不動産業,不動産,True,True,65.69405099150141,35.0,45.46287984358689,BASE,True
9470,2026-10-08,995.0,304297865.111084,74,0.0006123825757791135,-0.013094623916555581,-0.07210920347949945,0.33793641638109456,16.6192018375543,,,,PRICE ONLY,,,,,学研ホールディングス,"GAKKEN HOLDINGS CO.,LTD.",プライム,,情報･通信業,情報通信・サービスその他,True,True,69.37677053824362,35.0,45.44565811144885,BASE,True
2734,2026-10-08,1091.0,188003310.0,74,-0.09385382059800662,-0.047993019197207665,-0.12510024057738578,1.4471760797342192,20.9177789193404,,,,PRICE ONLY,,,,,サーラコーポレーション,SALA CORPORATION,プライム,,小売業,小売,True,True,62.549575070821525,35.0,45.433676258838595,BASE,True
1952,2026-10-08,3005.0,380442437.935791,74,-0.050552922590837324,-0.15180973163212164,-0.2218635918369669,1.4,18.294574444474414,,,,PRICE ONLY,,,,,新日本空調,"Shin Nippon Air Technologies Co.,Ltd.",プライム,,建設業,建設・資材,True,True,72.40793201133144,35.0,45.43063375016473,BASE,True
2980,2026-10-08,2288.0,442011395.0,74,-0.029274501484938487,-0.08953442101074416,-0.17519826964671958,1.005945849388828,19.319046659743115,,,,PRICE ONLY,,,,,ＳＲＥホールディングス,SRE Holdings Corporation,プライム,,不動産業,不動産,True,True,74.30594900849859,35.0,45.429378316528016,BASE,True
7102,2026-10-08,3330.0,117496448.55834961,74,-0.07768296082075699,-0.022559063469222762,-0.1359220760808053,1.5789473684210527,26.060545556607355,,,,PRICE ONLY,,,,,日本車輌製造,"NIPPON SHARYO,LTD.",プライム,,輸送用機器,自動車・輸送機,True,True,57.02549575070821,35.0,45.41005547694415,BASE,True
9082,2026-10-08,2420.0,51319356.67602539,74,0.22562348274176447,0.6413563405028859,-0.14336283185840704,0.1783893985728848,128.6526163809215,,,,PRICE ONLY,,,,,大和自動車交通,"Daiwa Motor Transportation Co.,Ltd.",スタンダード,,陸運業,運輸・物流,True,True,46.57223796033995,35.0,45.40515555666976,BASE,True
3771,2026-10-08,1894.0,178452920.0,74,0.010133333333333328,0.031590413943355156,-0.042950985346134396,0.527081817236719,21.904225610246662,,,,PRICE ONLY,,,,,システムリサーチ,"SYSTEM RESEARCH CO.,LTD.",プライム,,情報･通信業,情報通信・サービスその他,True,True,61.89801699716714,35.0,45.404527538214566,BASE,True
7201,2026-10-08,283.0,11989128808.15979,74,-0.10612762304410617,-0.07060755336617408,-0.2099386087222337,0.8864566746282423,27.98330404083681,,,,PRICE ONLY,,,,,日産自動車,"NISSAN MOTOR CO.,LTD.",プライム,,輸送用機器,自動車・輸送機,True,True,96.94050991501416,35.0,45.39567081173013,BASE,True
4481,2026-10-08,3155.0,188506950.0,74,-0.04682779456193353,0.027687296416938123,-0.07883211678832114,0.9725158562367865,15.156751319311917,,,,PRICE ONLY,,,,,ベース,"BASE CO.,LTD.",プライム,,情報･通信業,情報通信・サービスその他,True,True,62.57790368271955,35.0,45.39097540704528,BASE,True
3765,2026-10-08,2338.0,510827215.0,74,-0.06815464328417697,-0.00679694137638065,-0.12434456928838955,0.9013101271875299,18.025975591223055,,,,PRICE ONLY,,,,,ガンホー・オンライン・エンターテイメント,"GungHo Online Entertainment,Inc.",プライム,,情報･通信業,情報通信・サービスその他,True,True,75.97733711048159,35.0,45.3857962841116,BASE,True
2594,2026-10-08,1958.0,214543535.07507324,74,-0.025346263224034993,-0.010615997009136846,-0.04151911937962849,0.6261544144809752,9.235244406956468,,,,PRICE ONLY,,,,,キーコーヒー,KEY COFFEE INC,プライム,,食料品,食品,True,True,64.22096317280453,35.0,45.35969308834352,BASE,True
8789,2026-10-08,153.0,164116087.79953003,74,-0.019230769230769273,0.2146449946327076,-0.09769230063173184,0.9659956654647323,22.652153779823617,,,,PRICE ONLY,,,,,フィンテック　グローバル,FinTech Global Incorporated,スタンダード,,その他金融業,金融（除く銀行）,True,True,60.90651558073654,35.0,45.34645759889738,BASE,True
7593,2026-10-08,505.0,265443766.5386963,74,-0.026717761537429108,0.10194641124454362,-0.04822675014836375,0.5741037329062462,14.962362530805699,,,,PRICE ONLY,,,,,ＶＴホールディングス,"VT HOLDINGS CO.,LTD.",プライム,,小売業,小売,True,True,67.19546742209633,35.0,45.34256859507009,BASE,True
9536,2026-10-08,2360.0,442537617.1948242,74,-0.0432531230789589,0.019116875580903026,-0.10215193335912354,0.7074028536299432,25.235901755606417,,,,PRICE ONLY,,,,,西部ガスホールディングス,"SAIBU GAS HOLDINGS CO.,LTD.",プライム,,電気･ガス業,電気・ガス,True,True,74.3342776203966,35.0,45.33949630378122,BASE,True
6264,2026-10-08,2084.0,912006735.0,74,0.027106949236076927,-0.0014492680722465456,-0.3204709381307598,1.1840964273326395,46.29782888368837,,,,PRICE ONLY,,,,,マルマエ,"Marumae Co.,Ltd.",プライム,,機械,機械,True,True,81.8413597733711,35.0,45.33584757383143,BASE,True
7921,2026-10-08,4185.0,111041125.0,74,0.023227383863080764,-0.01297169811320753,-0.08021978021978027,0.7982096232748974,21.052292988934195,,,,PRICE ONLY,,,,,ＴＡＫＡＲＡ　＆　ＣＯＭＰＡＮＹ,TAKARA & COMPANY LTD.,プライム,,その他製品,情報通信・サービスその他,True,True,56.31728045325779,35.0,45.33360197826603,BASE,True
5955,2026-10-08,80.0,60874205.0,74,-0.04761904761904767,-0.012345679012345734,-0.08045977011494254,1.378349283086657,22.40979751927558,,,,PRICE ONLY,,,,,ワイズホールディングス,"WISE HOLDINGS CO.,LTD.",スタンダード,,金属製品,建設・資材,True,True,49.12181303116147,35.0,45.32528604637369,BASE,True
6433,2026-10-08,1127.0,504501800.0,74,0.015315315315315381,0.12475049900199608,-0.21790423317140872,0.9251288591317286,72.53906348970811,,,,PRICE ONLY,,,,,ヒーハイスト,"HEPHAIST CO.,LTD.",スタンダード,,機械,機械,True,True,75.75070821529745,35.0,45.3204001271539,BASE,True
5659,2026-10-08,1355.0,69327264.90905762,74,-0.03094911840339032,-0.033678853454722435,-0.11358133532654868,1.4028591998354418,23.091201364244053,,,,PRICE ONLY,,,,,日本精線,"Nippon Seisen Co.,Ltd.",プライム,,鉄鋼,鉄鋼・非鉄,True,True,50.79320113314447,35.0,45.3180526726361,BASE,True
4023,2026-10-08,3910.0,1337243829.2358398,74,-0.1069312953125291,-0.018497850702629992,-0.14039744895664363,0.8937483683717502,24.71635041966034,,,,PRICE ONLY,,,,,クレハ,KUREHA CORPORATION,プライム,,化学,素材・化学,True,True,85.09915014164305,35.0,45.30854336328646,BASE,True
4112,2026-10-08,2010.0,95719507.45910645,74,-0.06252028293282152,0.009415020126788853,-0.12526029555997054,1.4929671059918042,29.694044699054373,,,,PRICE ONLY,,,,,保土谷化学工業,"Hodogaya Chemical Co.,Ltd.",プライム,,化学,素材・化学,True,True,54.92917847025496,35.0,45.28396138012438,BASE,True
3393,2026-10-08,3075.0,117779247.60131836,74,0.03502095360278945,0.029930726299376653,-0.03789017822543628,0.48091603053435117,18.70798975389509,,,,PRICE ONLY,,,,,スターティアホールディングス,"Startia Holdings,Inc.",プライム,,卸売業,商社・卸売,True,True,57.05382436260623,35.0,45.27290963229021,BASE,True
6071,2026-10-08,910.0,197084885.0,74,-0.005464480874316946,0.10436893203883502,-0.05503634475597097,0.6082234290147401,36.799007987012665,,,,PRICE ONLY,,,,,ＩＢＪ,"IBJ,Inc.",プライム,,サービス業,情報通信・サービスその他,True,True,63.11614730878187,35.0,45.26154129683281,BASE,True
7532,2026-10-08,680.2000122070312,12946055108.50769,74,-0.1159345065981271,-0.2189688906431405,-0.29483720773074884,1.323812416569623,20.96682930435165,,,,PRICE ONLY,,,,,パン・パシフィック・インターナショナルホールディングス,Pan Pacific International Holdings Corporation,プライム,,小売業,小売,True,True,97.13881019830029,35.0,45.25559533932004,BASE,True
4420,2026-10-08,819.0,261079070.0,74,-0.0072727272727273196,-0.020334928229665095,-0.12406417112299462,0.8360554845429153,2.599118376778511,,,,PRICE ONLY,,,,,イーソル,"eSOL Co.,Ltd.",スタンダード,,情報･通信業,情報通信・サービスその他,True,True,66.96883852691218,35.0,45.245558534344376,BASE,True
9702,2026-10-08,2403.0,66475085.0,74,0.016927634363097743,0.0746869409660107,-0.06425233644859818,0.9221689413500553,17.579680598270528,,,,PRICE ONLY,,,,,アイ・エス・ビー,ISB CORPORATION,プライム,,情報･通信業,情報通信・サービスその他,True,True,50.169971671388105,35.0,45.233486186861896,BASE,True
6590,2026-10-08,4235.0,4904104175.0,74,0.03041362530413627,-0.2009433962264151,-0.2918060200668896,0.6632778878202834,50.874885004230684,,,,PRICE ONLY,,,,,芝浦メカトロニクス,SHIBAURA MECHATRONICS CORPORATION,プライム,,電気機器,電機・精密,True,True,93.37110481586403,35.0,45.214654573561646,BASE,True
3093,2026-10-08,1924.0,269286180.0,74,0.028327097808658497,-0.13445720102972814,-0.15107326854346015,0.766745944410919,22.270676574272983,,,,PRICE ONLY,,,,,トレジャー・ファクトリー,"Treasure Factory Co.,LTD.",プライム,,小売業,小売,True,True,67.39376770538243,35.0,45.211250534355116,BASE,True
8273,2026-10-08,931.0,366916230.0,74,-0.07363184079601992,-0.046375694055571515,-0.128265894520058,1.0443774006193431,13.546100285451612,,,,PRICE ONLY,,,,,イズミ,"IZUMI CO.,LTD.",プライム,,小売業,小売,True,True,71.86968838526913,35.0,45.20281566294117,BASE,True
8200,2026-10-08,2286.0,153351490.0,74,-0.018884120171673846,0.032819629036933584,-0.0560845758646038,0.754441114116529,11.283245981535336,,,,PRICE ONLY,,,,,リンガーハット,"RINGER HUT CO.,LTD.",プライム,,小売業,小売,True,True,60.25495750708215,35.0,45.16991847404105,BASE,True
5016,2026-10-08,3618.0,67859579521.517334,74,-0.015409146944889263,-0.062476145673520334,-0.31992175349560925,0.8409413586208039,38.552555196973834,,,,PRICE ONLY,,,,,ＪＸ金属,JX Advanced Metals Corporation,プライム,,非鉄金属,鉄鋼・非鉄,True,True,99.51841359773371,35.0,45.14371165506289,BASE,True
7273,2026-10-08,585.0,107172430.0,74,-0.0314569536423841,-0.06698564593301437,-0.07728706624605675,1.0535483677208157,24.719483564260976,,,,PRICE ONLY,,,,,イクヨ,"IKUYO CO.,LTD.",スタンダード,,輸送用機器,自動車・輸送機,True,True,55.75070821529745,35.0,45.14296745951015,BASE,True
4664,2026-10-08,1148.0,93629288.86169434,74,0.060772682995496874,0.2421305876646329,-0.05390548527451522,0.36926814454904344,55.92343382855446,,,,PRICE ONLY,,,,,アール・エス・シー,JAPAN RELIANCE SERVICE CORPORATION,スタンダード,,サービス業,情報通信・サービスその他,True,True,54.58923512747875,35.0,45.14241074249105,BASE,True
6254,2026-10-08,3685.0,1711816058.088379,74,0.05309331019756458,-0.1434518022528245,-0.31790467686044976,0.8589809417378961,36.01259871909572,,,,PRICE ONLY,,,,,野村マイクロ・サイエンス,"Nomura Micro Science Co.,Ltd.",プライム,,機械,機械,True,True,86.77053824362606,35.0,45.12861113578689,BASE,True
5946,2026-10-08,1965.0,119001130.0,74,-0.07485875706214684,0.0025510204081633514,-0.086046511627907,1.2721030042918455,15.534012910903197,,,,PRICE ONLY,,,,,長府製作所,"CHOFU SEISAKUSHO CO.,LTD.",プライム,,金属製品,建設・資材,True,True,57.1671388101983,35.0,45.110540682519,BASE,True
4061,2026-10-08,3238.0,2114961966.175537,74,0.001762527065761299,-0.1610653977985922,-0.2747000467789106,0.8667380542235051,28.132390658312858,,,,PRICE ONLY,,,,,デンカ,Denka Company Limited,プライム,,化学,素材・化学,True,True,88.13031161473089,35.0,45.0965178063763,BASE,True
4559,2026-10-08,1929.0,321030576.80358887,74,-0.01649256629589424,-0.06184161391305998,-0.1068834723145976,0.6791222721922067,14.64554993083257,,,,PRICE ONLY,,,,,ゼリア新薬工業,"ZERIA PHARMACEUTICAL CO.,LTD.",プライム,,医薬品,医薬品,True,True,70.22662889518413,35.0,45.093159137091696,BASE,True
4951,2026-10-08,1491.0,63437699.21508789,74,0.0038369155558053425,-0.0014603337847399755,-0.0351905120596131,0.8424821002386634,9.858139593848858,,,,PRICE ONLY,,,,,エステー,S.T.CORPORATION,プライム,,化学,素材・化学,True,True,49.63172804532578,35.0,45.090276502060725,BASE,True
2910,2026-10-08,1341.0,79755550.0,74,-0.060924369747899165,-0.014695077149155078,-0.07325501036627502,1.2752775148438171,13.967395350920523,,,,PRICE ONLY,,,,,ロック・フィールド,"ROCK FIELD CO.,LTD.",プライム,,食料品,食品,True,True,52.37960339943343,35.0,45.06767121725165,BASE,True
4478,2026-10-08,3530.0,1666816625.0,74,-0.0759162303664922,0.5737851092287116,-0.20405862457722657,0.9664452799115898,32.15318103209431,,,,PRICE ONLY,,,,,フリー,freee K.K.,グロース,,情報･通信業,情報通信・サービスその他,True,True,86.48725212464589,35.0,45.06519528444304,BASE,True
2752,2026-10-08,1145.0,80109310.0,74,0.0,0.04757548032936865,-0.036195286195286225,0.7767679636466913,10.437699170514632,,,,PRICE ONLY,,,,,フジオフードグループ本社,FUJIO FOOD GROUP INC.,プライム,,小売業,小売,True,True,52.4929178470255,35.0,45.06021366856005,BASE,True
5440,2026-10-08,1841.0,215810934.05273438,74,-0.08151294644969664,0.041873564541290875,-0.12576184042328475,1.2776957163958642,20.443875483922064,,,,PRICE ONLY,,,,,共英製鋼,KYOEI STEEL LTD.,プライム,,鉄鋼,鉄鋼・非鉄,True,True,64.30594900849859,35.0,45.05669564754484,BASE,True
4396,2026-10-08,1374.0,84360070.0,74,0.01928783382789323,0.3085714285714285,-0.04317548746518107,0.694920535992521,19.992621195971637,,,,PRICE ONLY,,,,,システムサポートホールディングス,System Support Holdings Inc.,プライム,,情報･通信業,情報通信・サービスその他,True,True,53.03116147308782,35.0,45.056653494619944,BASE,True
9603,2026-10-08,1059.0,565851760.0,74,-0.09564474807856538,0.06325301204819267,-0.12479338842975207,0.9511684093392547,31.33916156564112,,,,PRICE ONLY,,,,,エイチ・アイ・エス,"H.I.S.Co.,Ltd.",プライム,,サービス業,情報通信・サービスその他,True,True,77.42209631728045,35.0,45.05003217239051,BASE,True
2270,2026-10-08,3445.0,568203600.0,74,-0.08133333333333337,-0.07392473118279574,-0.13982521847690388,0.9493387848974637,19.068094309578107,,,,PRICE ONLY,,,,,雪印メグミルク,"MEGMILK SNOW BRAND Co.,Ltd.",プライム,,食料品,食品,True,True,77.45042492917847,35.0,45.04564299893846,BASE,True
4343,2026-10-08,2672.0,157650190.0,74,-0.05981703026037999,0.031322408398325896,-0.07695751293518927,1.0377995275059062,23.963847564881096,,,,PRICE ONLY,,,,,イオンファンタジー,"AEON Fantasy Co.,LTD.",プライム,,サービス業,情報通信・サービスその他,True,True,60.538243626062325,35.0,45.03384727212135,BASE,True
6184,2026-10-08,590.0,102481880.0,74,0.03873239436619724,0.14563106796116498,-0.04684975767366717,0.5400052427693472,27.269655013053374,,,,PRICE ONLY,,,,,鎌倉新書,"Kamakura Shinsho,Ltd.",プライム,,サービス業,情報通信・サービスその他,True,True,55.32577903682719,35.0,45.03006525113176,BASE,True
6330,2026-10-08,2422.0,17232564380.0,74,-0.08844561535566431,0.22385042950985357,-0.1671251719394773,0.46597397178817757,55.50751292329292,,,,PRICE ONLY,,,,,東洋エンジニアリング,TOYO ENGINEERING CORPORATION,プライム,,建設業,建設・資材,True,True,97.98866855524079,35.0,45.0266016679638,BASE,True
6390,2026-10-08,1256.0,66087157.21374512,74,-0.03084448001133322,0.0077702650752182745,-0.059120366894657495,1.1169112577563283,14.04517552976908,,,,PRICE ONLY,,,,,加藤製作所,"KATO WORKS CO.,LTD.",プライム,,機械,機械,True,True,49.94334277620396,35.0,45.015330463437095,BASE,True
6644,2026-10-08,1393.0,496923109.8907471,74,-0.05228068910750183,-0.04205577311051978,-0.11707192485252305,0.7374417999363776,26.277675180702925,,,,PRICE ONLY,,,,,大崎電気工業,"Osaki Electric Co.,Ltd.",プライム,,電気機器,電機・精密,True,True,75.55240793201133,35.0,44.988965735061534,BASE,True
3452,2026-10-08,1363.0,95243385.0,74,-0.07152588555858308,-0.07780784844384303,-0.10915032679738557,1.4178638351030606,18.402143071648915,,,,PRICE ONLY,,,,,ビーロット,B-Lot Company Limited,スタンダード,,不動産業,不動産,True,True,54.87252124645893,35.0,44.98675192896002,BASE,True
2418,2026-10-08,569.0,56894905.0,74,-0.06105610561056107,-0.0702614379084967,-0.08814102564102566,1.4597581660009848,13.909037814346597,,,,PRICE ONLY,,,,,ツカダ・グローバルホールディング,TSUKADA GLOBAL HOLDINGS Inc.,スタンダード,,サービス業,情報通信・サービスその他,True,True,48.243626062322946,35.0,44.9820346029662,BASE,True
3036,2026-10-08,3155.0,377616307.05078125,74,-0.05225515936459513,0.3029078717720266,-0.14816542078467987,0.9876433460752067,33.04918391399859,,,,PRICE ONLY,,,,,アルコニックス,ALCONIX CORPORATION,プライム,,卸売業,商社・卸売,True,True,72.20963172804532,35.0,44.97875748953652,BASE,True
7554,2026-10-08,1168.0,54587679.099121094,74,-0.00212491230499956,0.05520360374150535,-0.03171591985234867,0.8981909970551115,13.487639587135424,,,,PRICE ONLY,,,,,幸楽苑,KOURAKUEN CORPORATION,プライム,,小売業,小売,True,True,47.62039660056657,35.0,44.967921578631795,BASE,True
7679,2026-10-08,1530.0,107375385.0,74,-0.07384987893462469,-0.07886815171583383,-0.15329275041505253,1.6123314065510597,12.599618111990466,,,,PRICE ONLY,,,,,薬王堂ホールディングス,"YAKUODO HOLDINGS Co.,Ltd.",プライム,,小売業,小売,True,True,55.80736543909348,35.0,44.955862703339896,BASE,True
3863,2026-10-08,1254.0,664085310.5657959,74,-0.025749141192651148,-0.04569215449824693,-0.20834461992401077,0.9381980640357409,17.92416666279449,,,,PRICE ONLY,,,,,日本製紙,"Nippon Paper Industries Co.,Ltd.",プライム,,パルプ・紙,素材・化学,True,True,78.92351274787536,35.0,44.94485227377305,BASE,True
6327,2026-10-08,3090.0,610200340.0,74,-0.04629629629629628,-0.39766081871345027,-0.6272617611580218,2.0655903396547597,60.36316690012317,,,,PRICE ONLY,,,,,北川精機,"KITAGAWA SEIKI CO.,LTD.",スタンダード,,機械,機械,True,True,78.13031161473087,35.0,44.93161787850173,BASE,True
6459,2026-10-08,1608.0,121325850.0,74,-0.03597122302158273,-0.03190848886213127,-0.10864745011086474,1.1404478849875588,16.79615964824804,,,,PRICE ONLY,,,,,だいわ,DAIWA LTD.,プライム,,機械,機械,True,True,57.62039660056657,35.0,44.92224782592538,BASE,True
8706,2026-10-08,1709.0,296114700.8105469,74,-0.09391011554028961,0.07073304926535373,-0.10862830993525263,1.1009174311926606,12.797238624642343,,,,PRICE ONLY,,,,,極東証券,"KYOKUTO SECURITIES CO.,LTD.",プライム,,証券･商品先物取引業,金融（除く銀行）,True,True,68.78186968838527,35.0,44.90515182563677,BASE,True
1904,2026-10-08,1212.0,65766023.45703125,74,0.03653982273168599,0.02641731015649995,-0.04189723320158101,0.6731212540341172,26.76096848907869,,,,PRICE ONLY,,,,,大成温調,"TAISEI ONCHO CO.,LTD.",スタンダード,,建設業,建設・資材,True,True,49.830028328611895,35.0,44.90413834531815,BASE,True
2288,2026-10-08,2132.0,414609761.2023926,74,-0.03286885372990189,-0.048973652324466266,-0.09873667714963452,0.5939034316170871,17.439548144400074,,,,PRICE ONLY,,,,,丸大食品,"MARUDAI FOOD CO.,LTD.",プライム,,食料品,食品,True,True,73.59773371104816,35.0,44.902552627268555,BASE,True
7305,2026-10-08,2629.0,72290059.08325195,74,-0.03584094091692125,0.04875433211739444,-0.04987350921575717,1.0399079048349962,13.989934364437747,,,,PRICE ONLY,,,,,新家工業,"ARAYA INDUSTRIAL CO.,LTD.",スタンダード,,鉄鋼,鉄鋼・非鉄,True,True,51.27478753541076,35.0,44.897479372651766,BASE,True
7383,2026-10-08,366.0,252101725.0,74,-0.11807228915662649,0.00273972602739736,-0.20950323974082075,1.7829186580079706,28.433879952194737,,,,PRICE ONLY,,,,,ネットプロテクションズホールディングス,"Net Protections Holdings,Inc.",プライム,,その他金融業,金融（除く銀行）,True,True,66.54390934844191,35.0,44.897382003270984,BASE,True
8613,2026-10-08,1187.0,321028328.84155273,74,-0.08174938101988205,0.09490131715992134,-0.09005937131128383,0.9027176053564395,16.644257293330845,,,,PRICE ONLY,,,,,丸三証券,"Marusan Securities Co.,Ltd.",プライム,,証券･商品先物取引業,金融（除く銀行）,True,True,70.19830028328612,35.0,44.88753574692557,BASE,True
6420,2026-10-08,3300.0,163205825.0,74,-0.06382978723404253,-0.010494752623688153,-0.0820584144645341,1.0534268753372908,16.476233129901207,,,,PRICE ONLY,,,,,ガリレイホールディングス,GALILEI HOLDINGS CO.LTD.,プライム,,機械,機械,True,True,60.79320113314448,35.0,44.88566155361297,BASE,True
9850,2026-10-08,913.0,68685695.0,74,-0.07684529828109199,-0.05192107995846318,-0.08517034068136276,1.4383561643835616,8.769175253055586,,,,PRICE ONLY,,,,,グルメ杵屋,"GOURMET KINEYA CO.,LTD.",プライム,,小売業,小売,True,True,50.62322946175637,35.0,44.870478784555196,BASE,True
6062,2026-10-08,1386.0,130083080.0,74,-0.01980198019801982,0.026666666666666616,-0.06351351351351353,0.8120364936242864,22.221421261129557,,,,PRICE ONLY,,,,,チャーム・ケア・コーポレーション,CHARM CARE CORPORATION,プライム,,サービス業,情報通信・サービスその他,True,True,58.18696883852691,35.0,44.867379976841235,BASE,True
6282,2026-10-08,2708.0,468516032.43774414,74,-0.0530996478053225,-0.042889577510290766,-0.08000923642868707,0.5621265699304963,20.172255539480393,,,,PRICE ONLY,,,,,オイレス工業,OILES CORPORATION,プライム,,機械,機械,True,True,74.90084985835695,35.0,44.86634471014083,BASE,True
4180,2026-10-08,1324.0,1777450710.0,74,-0.0881542699724518,0.4826427771556552,-0.13802083333333337,0.6632049885254642,43.62446220406787,,,,PRICE ONLY,,,,,Ａｐｐｉｅｒ　Ｇｒｏｕｐ,"Appier Group,Inc.",プライム,,情報･通信業,情報通信・サービスその他,True,True,86.94050991501416,35.0,44.86088318602186,BASE,True
2334,2026-10-08,568.0,419801390.0,74,-0.042158516020236125,0.023423423423423406,-0.16347569955817376,0.9452980132450332,39.059632631246224,,,,PRICE ONLY,,,,,イオレ,eole Inc.,グロース,,サービス業,情報通信・サービスその他,True,True,73.76770538243626,35.0,44.85665657035778,BASE,True
4377,2026-10-08,2446.0,130720815.0,74,0.04485262708244342,0.13714551371455141,-0.07663269158172892,0.5384880911287538,31.49146329153848,,,,PRICE ONLY,,,,,ワンキャリア,ONE CAREER Inc.,グロース,,情報･通信業,情報通信・サービスその他,True,True,58.27195467422096,35.0,44.85107723259919,BASE,True
8282,2026-10-08,1645.0,2194999817.437134,74,-0.11272496945758448,-0.0936671425486294,-0.15948253547885305,0.8477080656165892,22.243971716332627,,,,PRICE ONLY,,,,,ケーズホールディングス,K'S HOLDINGS CORPORATION,プライム,,小売業,小売,True,True,88.41359773371104,35.0,44.845591961625274,BASE,True
2982,2026-10-08,395.0,93612290.0,74,-0.08986175115207373,0.007653061224489832,-0.10430839002267578,1.4751001980927811,19.53995401889903,,,,PRICE ONLY,,,,,ＡＤワークスグループ,"A.D.Works Group Co.,Ltd.",プライム,,不動産業,不動産,True,True,54.56090651558073,35.0,44.83470943230758,BASE,True
3201,2026-10-08,1889.0,137390290.0,74,-0.041603247082699135,0.0260727865290602,-0.06438831104507181,0.8995845867354247,17.889096232428095,,,,PRICE ONLY,,,,,日本毛織,"THE JAPAN WOOL TEXTILE CO.,LTD.",プライム,,繊維製品,素材・化学,True,True,58.980169971671394,35.0,44.833771230294026,BASE,True
5137,2026-10-08,297.0,88804160.0,74,-0.02941176470588236,0.3500000000000001,-0.08333333333333337,1.0794999591469892,33.030006842420704,,,,PRICE ONLY,,,,,スマートドライブ,SmartDrive inc.,グロース,,情報･通信業,情報通信・サービスその他,True,True,53.90934844192634,35.0,44.821323197544466,BASE,True
6238,2026-10-08,1405.0,155154910.0,74,-0.022268615170494055,0.005007153075822668,-0.05003380662609869,0.6823122310456502,20.86107456204648,,,,PRICE ONLY,,,,,フリュー,FURYU CORPORATION,プライム,,機械,機械,True,True,60.39660056657223,35.0,44.79799803718697,BASE,True
9553,2026-10-08,602.0,55933215.0,74,0.006688963210702337,0.0524475524475525,-0.08091603053435115,1.054566341183228,31.657909338896605,,,,PRICE ONLY,,,,,マイクロアド,"MicroAd,Inc.",グロース,,サービス業,情報通信・サービスその他,True,True,48.01699716713881,35.0,44.79293040664981,BASE,True
5011,2026-10-08,2123.0,160539682.6135254,74,-0.057750874492809356,0.03728870412272922,-0.10239609587356302,1.1115089880398195,19.70205328214837,,,,PRICE ONLY,,,,,ニチレキグループ,"NICHIREKI GROUP CO.,LTD.",プライム,,石油･石炭製品,エネルギー資源,True,True,60.651558073654385,35.0,44.79199224601875,BASE,True
4097,2026-10-08,1177.0,57222818.63342285,74,0.00033977579362542976,0.05970447802269052,-0.03903103231280958,0.8718432358797024,16.300575265202934,,,,PRICE ONLY,,,,,高圧ガス工業,"KOATSU GAS KOGYO CO.,LTD.",プライム,,化学,素材・化学,True,True,48.328611898017,35.0,44.78067533394036,BASE,True
6369,2026-10-08,2250.0,196773064.51904297,74,-0.0627944974565996,-0.055860752574049766,-0.09882671462493942,1.0415149308084486,22.362105468932853,,,,PRICE ONLY,,,,,トーヨーカネツ,TOYO KANETSU K.K.,プライム,,機械,機械,True,True,63.08781869688386,35.0,44.75569799713439,BASE,True
3633,2026-10-08,2628.0,52765870.0,74,0.022170361726954413,0.5287958115183247,-0.0440160058202983,0.8208594881699662,19.98459361605239,,,,PRICE ONLY,,,,,ＧＭＯペパボ,"GMO Pepabo,Inc.",スタンダード,,情報･通信業,情報通信・サービスその他,True,True,46.96883852691218,35.0,44.75529460132763,BASE,True
1979,2026-10-08,3745.0,684584979.0258789,74,-0.025639566318545248,-0.18384216567181677,-0.23562257748558002,1.0302761450593323,18.71708790511903,,,,PRICE ONLY,,,,,大氣社,Taikisha Ltd.,プライム,,建設業,建設・資材,True,True,79.26345609065156,35.0,44.74391804789439,BASE,True
2053,2026-10-08,1910.0,213658246.08032227,74,-0.02601605175684074,0.015667999472131378,-0.06351305063135149,0.6444622414849013,19.15009943491272,,,,PRICE ONLY,,,,,中部飼料,"CHUBU SHIRYO CO.,LTD.",プライム,,食料品,食品,True,True,64.19263456090651,35.0,44.73831260204147,BASE,True
8897,2026-10-08,420.0,312958398.5179138,74,-0.04120271007705667,0.050000000000000044,-0.08012825011579805,0.6340573521273034,17.323934484721242,,,,PRICE ONLY,,,,,ＭＩＲＡＲＴＨホールディングス,"MIRARTH HOLDINGS,Inc.",プライム,,不動産業,不動産,True,True,69.83002832861189,35.0,44.73574601516569,BASE,True
6966,2026-10-08,920.0,3182711700.0,74,-0.03664921465968585,-0.02163729685866589,-0.20059585342192499,0.5587180141608046,46.82867435480246,,,,PRICE ONLY,,,,,三井ハイテック,"Mitsui High-tec,Inc.",プライム,,電気機器,電機・精密,True,True,91.07648725212465,35.0,44.7236982821904,BASE,True
9556,2026-10-08,2401.0,216472475.0,74,-0.006208609271523224,0.3822682786413356,-0.05658153241650299,0.2892881041848973,97.3504625842177,,,,PRICE ONLY,,,,,ＩＮＴＬＯＯＰ,INTLOOP Inc.,グロース,,サービス業,情報通信・サービスその他,True,True,64.36260623229461,35.0,44.71361198218463,BASE,True
7456,2026-10-08,6410.0,681854854.7729492,74,-0.12271667214425219,0.13232538276860306,-0.13446078585861165,1.0325952956260172,41.6293247275933,,,,PRICE ONLY,,,,,松田産業,"MATSUDA SANGYO Co.,Ltd.",プライム,,卸売業,商社・卸売,True,True,79.23512747875354,35.0,44.713113643144915,BASE,True
3444,2026-10-08,1073.0,905035075.0,74,0.026794258373205704,0.06237623762376243,-0.1980568011958147,0.24374180760254485,75.85668821079334,,,,PRICE ONLY,,,,,菊池製作所,"KIKUCHI SEISAKUSHO CO.,LTD.",スタンダード,,金属製品,建設・資材,True,True,81.671388101983,35.0,44.70894901147111,BASE,True
7952,2026-10-08,3350.0,52670150.0,74,-0.03735632183908044,0.04361370716510904,-0.07967032967032972,1.2920065252854813,33.24701557193205,,,,PRICE ONLY,,,,,河合楽器製作所,"Kawai Musical Instruments Manufacturing Co.,Ltd.",プライム,,その他製品,情報通信・サービスその他,True,True,46.94050991501417,35.0,44.690928736137565,BASE,True
7245,2026-10-08,1219.0,470797029.03930664,74,0.029961674181967712,-0.12631342169838222,-0.3095293344215604,1.2200975261048277,39.35548729769427,,,,PRICE ONLY,,,,,大同メタル工業,"DAIDO METAL CO.,LTD.",プライム,,輸送用機器,自動車・輸送機,True,True,75.01416430594901,35.0,44.66389420990303,BASE,True
4228,2026-10-08,604.0,114651514.87091064,74,0.026871180273403183,0.1778233098881976,-0.06748138814246296,0.609528675437476,37.349700726487626,,,,PRICE ONLY,,,,,積水化成品工業,"Sekisui Kasei Co.,Ltd.",プライム,,化学,素材・化学,True,True,56.54390934844192,35.0,44.65998267687248,BASE,True
7244,2026-10-08,542.0,72230105.0,74,-0.09212730318257956,0.06274509803921569,-0.09364548494983282,1.507177033492823,28.94201078811487,,,,PRICE ONLY,,,,,市光工業,"ICHIKOH INDUSTRIES,LTD.",プライム,,電気機器,電機・精密,True,True,51.24645892351275,35.0,44.654533828477646,BASE,True
6817,2026-10-08,1261.0,189398400.0,74,0.03107113654946847,-0.06592592592592594,-0.1303448275862069,0.7088688946015425,24.028486128880402,,,,PRICE ONLY,,,,,スミダコーポレーション,SUMIDA CORPORATION,プライム,,電気機器,電機・精密,True,True,62.606232294617556,35.0,44.63565211284004,BASE,True
9268,2026-10-08,350.0,141067405.71105957,74,-0.13370491990010958,-0.12306249747194598,-0.20153560698798367,5.05172770535899,58.407130503658564,,,,PRICE ONLY,,,,,オプティマスグループ,OPTIMUS GROUP COMPANY LIMITED,スタンダード,,卸売業,商社・卸売,True,True,59.376770538243626,35.0,44.634135341106926,BASE,True
6013,2026-10-08,2925.0,546088190.0537109,74,-0.015363899832212091,-0.14039707559365677,-0.1982438563849489,0.8507139529147367,18.843174053520748,,,,PRICE ONLY,,,,,タクマ,"TAKUMA CO.,LTD.",プライム,,機械,機械,True,True,76.85552407932012,35.0,44.632367365680345,BASE,True
2325,2026-10-08,4330.0,97152750.0,74,-0.09129066107030426,-0.009153318077803174,-0.12964824120603013,1.5602496399423909,19.53143218091253,,,,PRICE ONLY,,,,,ＮＪＳ,"NJS Co.,Ltd.",プライム,,サービス業,情報通信・サービスその他,True,True,55.07082152974504,35.0,44.63181902014902,BASE,True
4848,2026-10-08,1774.0,119448685.0,74,-0.026878771256171108,0.11152882205513781,-0.08082901554404143,0.9238161667829187,22.16882046282351,,,,PRICE ONLY,,,,,フルキャストホールディングス,"FULLCAST HOLDINGS CO.,LTD.",プライム,,サービス業,情報通信・サービスその他,True,True,57.28045325779036,35.0,44.62588802947984,BASE,True
4931,2026-10-08,1963.0,115203902.50061035,74,-0.0007962737742711612,0.0006899273040519294,-0.04477441715774688,0.6286802909594735,14.155531859353513,,,,PRICE ONLY,,,,,新日本製薬,"Shinnihonseiyaku Co.,Ltd.",プライム,,化学,素材・化学,True,True,56.713881019830026,35.0,44.611032580475,BASE,True
7388,2026-10-08,2270.0,69921520.0,74,-0.022815325010762,0.017937219730941756,-0.03854299025836505,0.8842739909562888,15.29912091623515,,,,PRICE ONLY,,,,,ＦＰパートナー,FP Partner Inc.,プライム,,保険業,金融（除く銀行）,True,True,50.87818696883852,35.0,44.59543424494854,BASE,True
3950,2026-10-08,1430.0,116245895.0,74,-0.009009009009009028,0.0719640179910046,-0.0714285714285714,0.7882136279926335,11.294067254899778,,,,PRICE ONLY,,,,,ザ・パック,THE PACK CORPORATION,プライム,,パルプ・紙,素材・化学,True,True,56.855524079320105,35.0,44.555077265029844,BASE,True
4075,2026-10-08,1378.0,969137050.0,74,0.043939393939393945,0.5730593607305936,-0.22584269662921352,0.11041574176178269,125.24674121642512,,,,PRICE ONLY,,,,,ブレインズテクノロジー,"Brains Technology,Inc.",グロース,,情報･通信業,情報通信・サービスその他,True,True,82.43626062322946,35.0,44.5467151335471,BASE,True
8185,2026-10-08,986.0,110021115.0,74,-0.006048387096774244,0.021766569574973138,-0.056390879506225344,0.7134855665661353,14.392773149164952,,,,PRICE ONLY,,,,,チヨダ,"CHIYODA CO.,LTD.",プライム,,小売業,小売,True,True,56.26062322946176,35.0,44.52814204334867,BASE,True
5269,2026-10-08,346.0,51832384.31137085,74,-0.05180435389303528,0.03796566300113846,-0.10042976971306539,1.4507147164189693,17.16547493166407,,,,PRICE ONLY,,,,,日本コンクリート工業,"NIPPON CONCRETE INDUSTRIES CO.,LTD.",プライム,,ガラス･土石製品,建設・資材,True,True,46.685552407932015,35.0,44.52794894189607,BASE,True
3191,2026-10-08,2195.0,321031065.0,74,-0.01613626176602423,-0.022271714922049046,-0.13034865293185416,0.7047867649652545,12.897963808608887,,,,PRICE ONLY,,,,,ジョイフル本田,"JOYFUL HONDA CO.,LTD.",プライム,,小売業,小売,True,True,70.25495750708215,35.0,44.51951926320728,BASE,True
8160,2026-10-08,2314.0,342973500.32470703,74,-0.05296046774529084,-0.023576488763110248,-0.0860399594461706,0.6543355816702594,9.300786960788365,,,,PRICE ONLY,,,,,木曽路,"KISOJI CO.,LTD.",プライム,,小売業,小売,True,True,70.9915014164306,35.0,44.507975156391616,BASE,True
2742,2026-10-08,3660.0,139894675.0,74,-0.07808564231738035,-0.034403174238796796,-0.11165048543689315,1.2585270778226367,20.645759736283313,,,,PRICE ONLY,,,,,ハローズ,"HALOWS CO.,LTD.",プライム,,小売業,小売,True,True,59.32011331444759,35.0,44.507864192221696,BASE,True
4462,2026-10-08,3095.0,153767522.3010254,74,0.06018112141129128,0.025015825457394003,-0.1818680916926354,0.8576362240982348,30.653463116973956,,,,PRICE ONLY,,,,,石原ケミカル,"ISHIHARA CHEMICAL CO.,LTD.",プライム,,化学,素材・化学,True,True,60.36827195467423,35.0,44.50339278187099,BASE,True
5273,2026-10-08,1962.0,119784156.92443848,74,-0.018904788733769995,0.15682230398507535,-0.08246482812211176,0.8698641911638302,26.119484061586185,,,,PRICE ONLY,,,,,三谷セキサン,"MITANI SEKISAN CO.,LTD.",スタンダード,,ガラス･土石製品,建設・資材,True,True,57.33711048158641,35.0,44.497769414473495,BASE,True
9028,2026-10-08,3060.0,60972125.0,74,-0.10395314787701315,-0.1673469387755102,-0.16960651289009498,1.9709031018391436,14.68176037097361,,,,PRICE ONLY,,,,,ゼロ,"ZERO CO.,LTD.",スタンダード,,陸運業,運輸・物流,True,True,49.15014164305949,35.0,44.4525865542567,BASE,True
2489,2026-10-08,410.0,61382325.0,74,-0.03981264637002346,0.37583892617449655,-0.059633027522935755,1.1017520215633423,26.240467021671567,,,,PRICE ONLY,,,,,アドウェイズ,Adways Inc.,スタンダード,,サービス業,情報通信・サービスその他,True,True,49.23512747875354,35.0,44.44848436946725,BASE,True
7745,2026-10-08,2892.0,238758283.6340332,74,0.008150819826719724,0.012693601596901471,-0.10379721552659416,0.5702499393351128,33.635843890232415,,,,PRICE ONLY,,,,,Ａ＆Ｄホロンホールディングス,"A&D HOLON Holdings Company,Limited",プライム,,精密機器,電機・精密,True,True,65.89235127478753,35.0,44.44570750187434,BASE,True
7599,2026-10-08,1145.0,959328455.0,74,-0.08399999999999996,-0.17685400344059832,-0.22404771741221952,1.132925610788313,14.772937620731991,,,,PRICE ONLY,,,,,ＩＤＯＭ,IDOM Inc.,プライム,,卸売業,商社・卸売,True,True,82.32294617563738,35.0,44.415399634009574,BASE,True
7624,2026-10-08,175.0,66359495.0,74,0.10759493670886067,0.22377622377622375,-0.09793814432989689,0.3095700891836268,45.468268420707574,,,,PRICE ONLY,,,,,ＮａＩＴＯ,"Naito & Co.,Ltd.",スタンダード,,卸売業,商社・卸売,True,True,50.05665722379603,35.0,44.410168155484214,BASE,True
2207,2026-10-08,3375.0,190291256.69189453,74,-0.012148134046867654,0.06490743301382507,-0.08004628783304646,0.6491196869998221,30.481594972433644,,,,PRICE ONLY,,,,,ｍｅｉｔｏ,"MEITO CO.,LTD.",プライム,,食料品,食品,True,True,62.69121813031161,35.0,44.40722020797548,BASE,True
3465,2026-10-08,3095.0,414316446.5905762,74,-0.03857946815905755,-0.14727303497970345,-0.1908350570823858,0.9989364934670313,18.93503950219267,,,,PRICE ONLY,,,,,ケイアイスター不動産,"KI-STAR REAL ESTATE CO.,LTD",プライム,,不動産業,不動産,True,True,73.51274787535411,35.0,44.396786029934376,BASE,True
9414,2026-10-08,935.0,156136770.0,74,0.03543743078626793,0.045861297539149914,-0.10952380952380958,0.6141583091045703,57.46823316654436,,,,PRICE ONLY,,,,,日本ＢＳ放送,Nippon BS Broadcasting Corporation,スタンダード,,情報･通信業,情報通信・サービスその他,True,True,60.42492917847026,35.0,44.394372190015616,BASE,True
4071,2026-10-08,2129.0,414378249.0509033,74,0.06772448362581307,-0.2635513049473577,-0.2660292119293618,0.8140466765427302,20.330453253037444,,,,PRICE ONLY,,,,,プラスアルファ・コンサルティング,"Plus Alpha Consulting Co.,LTD.",プライム,,情報･通信業,情報通信・サービスその他,True,True,73.56940509915015,35.0,44.376415581009944,BASE,True
1407,2026-10-08,2175.0,837603790.0,74,-0.09450457951706914,-0.031100216982304807,-0.22556127639477075,1.2335517409433043,32.18789503668214,,,,PRICE ONLY,,,,,ウエストホールディングス,West Holdings Corporation,スタンダード,,建設業,建設・資材,True,True,80.73654390934844,35.0,44.359612369505015,BASE,True
9090,2026-10-08,842.0,506674988.9468384,74,-0.04521543185862131,0.059822666959010506,-0.09747732756011684,0.38318073923363855,20.33223447652829,,,,PRICE ONLY,,,,,ＡＺ−ＣＯＭ丸和ホールディングス,AZ-COM MARUWA Holdings Inc.,プライム,,陸運業,運輸・物流,True,True,75.86402266288952,35.0,44.34740515172138,BASE,True
7914,2026-10-08,1655.0,111870921.89086914,74,-0.02978563593603656,0.04636841680374859,-0.055759048956047885,0.8019589837771656,14.855622428559537,,,,PRICE ONLY,,,,,共同印刷,"Kyodo Printing Co.,Ltd.",プライム,,その他製品,情報通信・サービスその他,True,True,56.37393767705382,35.0,44.34731367552286,BASE,True
6339,2026-10-08,1079.0,259598201.67541504,74,-0.08420995157563349,-0.08268361882996078,-0.1332443550412321,1.142554757960611,28.437654352130608,,,,PRICE ONLY,,,,,新東工業,"Sintokogio,Ltd.",プライム,,機械,機械,True,True,66.91218130311614,35.0,44.3413519113084,BASE,True
7678,2026-10-08,3560.0,57665250.0,74,0.09202453987730053,0.07878787878787885,-0.08129032258064517,0.5322479649342517,32.66879014723911,,,,PRICE ONLY,,,,,あさくま,"ASAKUMA CO.,LTD.",スタンダード,,小売業,小売,True,True,48.583569405099155,35.0,44.33774905440847,BASE,True
4767,2026-10-08,392.0,51371210.0,74,0.012919896640826822,0.1807228915662651,-0.02244389027431426,0.7111011202277921,15.810913242224705,,,,PRICE ONLY,,,,,テー・オー・ダブリュー,"TOW CO.,LTD.",スタンダード,,サービス業,情報通信・サービスその他,True,True,46.60056657223796,35.0,44.33385270973648,BASE,True
7794,2026-10-08,1000.0,273019470.0,74,0.0010010010010010895,-0.06103286384976525,-0.18765231519090175,0.9480614484272128,37.11339509895944,,,,PRICE ONLY,,,,,イーディーピー,EDP Corporation,グロース,,その他製品,情報通信・サービスその他,True,True,67.53541076487252,35.0,44.32263540929546,BASE,True
7972,2026-10-08,2428.0,422865150.0,74,-0.03993673388691177,-0.14777114777114775,-0.1741496598639456,0.9029005244704587,21.30483124004825,,,,PRICE ONLY,,,,,イトーキ,ITOKI CORPORATION,プライム,,その他製品,情報通信・サービスその他,True,True,73.8526912181303,35.0,44.32027548982344,BASE,True
4326,2026-10-08,1896.0,53252760.0,74,-0.04435483870967738,0.019354838709677358,-0.12059369202226344,1.4657919400187442,20.671181913573935,,,,PRICE ONLY,,,,,インテージホールディングス,INTAGE HOLDINGS Inc.,プライム,,情報･通信業,情報通信・サービスその他,True,True,47.138810198300284,35.0,44.319199798062996,BASE,True
3901,2026-10-08,1509.0,95724925.0,74,-0.0006622516556291647,0.10145985401459856,-0.08155812538040175,0.8154911838790933,18.463563980629463,,,,PRICE ONLY,,,,,マークラインズ,"MarkLines Co.,Ltd.",プライム,,情報･通信業,情報通信・サービスその他,True,True,54.95750708215298,35.0,44.3142882725685,BASE,True
3844,2026-10-08,1251.0,402746850.4223633,74,-0.028882435950841612,-0.06134922293023737,-0.14169569712676966,0.706232581707626,23.866376658859004,,,,PRICE ONLY,,,,,コムチュア,COMTURE CORPORATION,プライム,,情報･通信業,情報通信・サービスその他,True,True,73.14447592067988,35.0,44.30127110153794,BASE,True
5210,2026-10-08,2725.0,87671204.51293945,74,-0.04598651666185882,-0.004581390605576385,-0.06448621505149954,1.0035725885027607,14.604266684359837,,,,PRICE ONLY,,,,,日本山村硝子,"Nihon Yamamura Glass Co.,Ltd.",スタンダード,,ガラス･土石製品,建設・資材,True,True,53.59773371104816,35.0,44.29707191464772,BASE,True
6544,2026-10-08,1430.0,988564815.0,74,-0.0282025144410466,-0.2313894114485353,-0.23221476510067118,0.8599504935731115,26.333069647990285,,,,PRICE ONLY,,,,,ジャパンエレベーターサービスホールディングス,"JAPAN ELEVATOR SERVICE HOLDINGS CO.,LTD.",プライム,,サービス業,情報通信・サービスその他,True,True,82.52124645892351,35.0,44.282853173759655,BASE,True
8869,2026-10-08,784.0,51479935.0,74,-0.051995163240628806,-0.035670356703567,-0.07656065959952885,1.2984542211652794,14.255386997872591,,,,PRICE ONLY,,,,,明和地所,Meiwa Estate Company Limited,スタンダード,,不動産業,不動産,True,True,46.62889518413598,35.0,44.270751572694245,BASE,True
1950,2026-10-08,3790.0,421465725.0,74,-0.06765067650676504,-0.1018957345971564,-0.1540178571428571,0.9405777296074643,20.6489648845174,,,,PRICE ONLY,,,,,日本電設工業,"NIPPON DENSETSU KOGYO CO.,LTD.",プライム,,建設業,建設・資材,True,True,73.8243626062323,35.0,44.26988240506428,BASE,True
9052,2026-10-08,1900.0,100268373.83666992,74,-0.03856399332959293,-0.031302373902919456,-0.07285129558857395,0.9522856857057117,11.080712452851207,,,,PRICE ONLY,,,,,山陽電気鉄道,"Sanyo Electric Railway Co.,Ltd.",プライム,,陸運業,運輸・物流,True,True,55.240793201133144,35.0,44.26639252414526,BASE,True
7868,2026-10-08,532.0,184337545.27938843,74,-0.009851290621195496,-0.01886903741468149,-0.07290722581972298,0.5818223221656087,22.71463124512037,,,,PRICE ONLY,,,,,広済堂ホールディングス,"KOSAIDO Holdings Co.,Ltd.",プライム,,その他製品,情報通信・サービスその他,True,True,62.37960339943343,35.0,44.20701659578971,BASE,True
1766,2026-10-08,12550.0,306781300.0,74,-0.08327246165084001,-0.03978576893649577,-0.09582132564841495,0.8547008547008547,19.836444845476322,,,,PRICE ONLY,,,,,東建コーポレーション,TOKEN CORPORATION,プライム,,建設業,建設・資材,True,True,69.57507082152975,35.0,44.20329476023318,BASE,True
7581,2026-10-08,6570.0,2918384000.0,74,-0.09628610729023379,0.17682784330792511,-0.20553497329830495,0.8314395866544563,35.573337096923005,,,,PRICE ONLY,,,,,サイゼリヤ,"SAIZERIYA CO.,LTD.",プライム,,小売業,小売,True,True,90.39660056657223,35.0,44.20064990410314,BASE,True
5253,2026-10-08,1530.0,2265189505.0,74,-0.1073512252042007,-0.0625,-0.11560693641618502,0.47283853600628667,43.90389436113719,,,,PRICE ONLY,,,,,カバー,COVER Corporation,グロース,,情報･通信業,情報通信・サービスその他,True,True,88.64022662889518,35.0,44.183063599537576,BASE,True
7256,2026-10-08,451.0,212980085.0,74,0.01348314606741563,0.08674698795180724,-0.23168654173764902,1.1774033696729436,80.64849893317556,,,,PRICE ONLY,,,,,河西工業,"KASAI KOGYO CO.,LTD.",スタンダード,,輸送用機器,自動車・輸送機,True,True,64.10764872521246,35.0,44.162876039652296,BASE,True
8007,2026-10-08,764.0,100166299.2111206,74,-0.021622914455347142,0.018931598832867103,-0.052270873850874144,0.7483203336164955,11.33541805165172,,,,PRICE ONLY,,,,,高島,"Takashima & Co.,Ltd.",プライム,,卸売業,商社・卸売,True,True,55.21246458923513,35.0,44.15065848428693,BASE,True
7375,2026-10-08,1207.0,85007245.0,74,0.0075125208681134925,-0.0186991869918699,-0.14880112834978843,1.1287504747436385,39.203603123577636,,,,PRICE ONLY,,,,,リファインバースグループ,"REFINVERSE Group,Inc.",グロース,,サービス業,情報通信・サービスその他,True,True,53.14447592067989,35.0,44.13495763129886,BASE,True
3741,2026-10-08,3045.0,178304575.0,74,-0.11482558139534882,-0.004901960784313708,-0.13494318181818177,1.422527763088313,32.266445104532174,,,,PRICE ONLY,,,,,セック,"Systems Engineering Consultants Co.,LTD.",プライム,,情報･通信業,情報通信・サービスその他,True,True,61.869688385269114,35.0,44.094449421663526,BASE,True
3877,2026-10-08,2110.0,88671306.81762695,74,-0.017492100202491256,0.055693701073349366,-0.04222842890092915,0.7089641913001682,12.901659077824847,,,,PRICE ONLY,,,,,中越パルプ工業,"Chuetsu Pulp & Paper Co.,Ltd.",プライム,,パルプ・紙,素材・化学,True,True,53.88101983002833,35.0,44.0900026284507,BASE,True
6466,2026-10-08,4270.0,91637908.54980469,74,0.13008552117986372,-0.014730882846853754,-0.15741180388118425,0.40680963961972144,66.42715997760878,,,,PRICE ONLY,,,,,ＴＶＥ,"TVE Co.,Ltd.",スタンダード,,機械,機械,True,True,54.24929178470255,35.0,44.0869068855402,BASE,True
5185,2026-10-08,1912.0,87855327.3638916,74,-0.022543688506093673,0.07563113850092495,-0.061398500356909524,0.8330518968816841,17.22391185458312,,,,PRICE ONLY,,,,,フコク,"Fukoku Co.,Ltd.",プライム,,ゴム製品,自動車・輸送機,True,True,53.65439093484419,35.0,44.07570358437158,BASE,True
5820,2026-10-08,839.0,53608845.0,74,0.013285024154589431,0.15883977900552493,-0.08705114254624591,0.9634888438133874,39.25991246760911,,,,PRICE ONLY,,,,,三ッ星,"MITSUBOSHI CO.,LTD.",スタンダード,,非鉄金属,鉄鋼・非鉄,True,True,47.30878186968839,35.0,44.07086355190748,BASE,True
3915,2026-10-08,2136.0,176043090.0,74,-0.09873417721518984,-0.0991142977646563,-0.1685480731802258,1.5051311288483467,25.84171349774881,,,,PRICE ONLY,,,,,テラスカイ,"TerraSky Co.,Ltd",プライム,,情報･通信業,情報通信・サービスその他,True,True,61.69971671388102,35.0,44.07069050936324,BASE,True
9211,2026-10-08,1419.0,142305950.0,74,-0.024742268041237137,0.014295925661186537,-0.10416666666666663,0.876033917702752,33.62276279323357,,,,PRICE ONLY,,,,,エフ・コード,f-code Inc.,グロース,,サービス業,情報通信・サービスその他,True,True,59.46175637393768,35.0,44.05837820282061,BASE,True
5989,2026-10-08,1374.0,199555472.72888184,74,-0.05705706309481562,-0.11739594743272397,-0.13048776945605423,1.0536191094753553,25.458448027847354,,,,PRICE ONLY,,,,,エイチワン,"H-ONE CO.,LTD.",プライム,,金属製品,建設・資材,True,True,63.28611898016997,35.0,44.04378033148759,BASE,True
6050,2026-10-08,1637.0,52974872.46032715,74,-0.0731999909602764,-0.03355652074397597,-0.08185215457233419,1.3847976976468597,21.122531853490965,,,,PRICE ONLY,,,,,イー・ガーディアン,E-Guardian Inc.,プライム,,サービス業,情報通信・サービスその他,True,True,47.08215297450425,35.0,44.03803005602196,BASE,True
6235,2026-10-08,2755.0,851589790.0,74,0.06452859350850071,-0.21285714285714286,-0.3314172533698775,0.8762610412871423,47.191474163833455,,,,PRICE ONLY,,,,,オプトラン,"OPTORUN CO.,LTD.",プライム,,機械,機械,True,True,80.96317280453258,35.0,44.035246831448376,BASE,True
4047,2026-10-08,2437.0,1452060396.7797852,74,0.09937968783281947,-0.2012961756369518,-0.39432446161848056,0.858272958684159,53.59234711908185,,,,PRICE ONLY,,,,,関東電化工業,"KANTO DENKA KOGYO CO.,LTD.",プライム,,化学,素材・化学,True,True,85.75070821529745,35.0,44.02324375738327,BASE,True
4526,2026-10-08,3090.0,338270389.38842773,74,-0.03765633111950739,0.0006535227373889452,-0.08528319951988472,0.4933920704845815,15.875245676424985,,,,PRICE ONLY,,,,,理研ビタミン,"RIKEN VITAMIN CO.,LTD.",プライム,,食料品,食品,True,True,70.87818696883853,35.0,44.00571634241692,BASE,True
3486,2026-10-08,1831.0,180541905.0,74,-0.06246799795186897,-0.02864721485411137,-0.10508308895405671,0.9860757436203067,31.860720826438282,,,,PRICE ONLY,,,,,グローバル・リンク・マネジメント,GLOBAL LINK MANAGEMENT INC.,プライム,,不動産業,不動産,True,True,62.06798866855524,35.0,43.989999513251696,BASE,True
2749,2026-10-08,636.0,239597810.0,74,-0.0392749244712991,0.046052631578947345,-0.06607929515418498,0.5602195234602114,18.462537390355887,,,,PRICE ONLY,,,,,ＪＰホールディングス,"JP-HOLDINGS,INC.",プライム,,サービス業,情報通信・サービスその他,True,True,65.94900849858357,35.0,43.98997640078162,BASE,True
7932,2026-10-08,11170.0,93312850.0,74,-0.04529914529914525,-0.0821692686935086,-0.10281124497991967,1.1111111111111112,11.096370062972207,,,,PRICE ONLY,,,,,ニッピ,"Nippi,Incorporated",スタンダード,,その他製品,情報通信・サービスその他,True,True,54.47592067988668,35.0,43.96763633794762,BASE,True
2590,2026-10-08,2884.0,207021705.0,74,-0.043449419568822534,0.04581905271766029,-0.06666666666666665,0.6356335919422894,17.323949529137344,,,,PRICE ONLY,,,,,ダイドーグループホールディングス,"DyDo GROUP HOLDINGS,INC.",プライム,,食料品,食品,True,True,63.85269121813031,35.0,43.911258280881704,BASE,True
8715,2026-10-08,1019.0,301571240.0,74,-0.05032618825722279,-0.17888799355358587,-0.21068938807126258,1.2067085518458902,23.905770380420424,,,,PRICE ONLY,,,,,アニコム　ホールディングス,"Anicom Holdings,Inc.",プライム,,保険業,金融（除く銀行）,True,True,69.26345609065156,35.0,43.884064282634476,BASE,True
3891,2026-10-08,7290.0,801060811.8994141,74,0.06838968624167907,-0.045386885732261906,-0.29525206934077064,0.6734702309631038,58.496871211173115,,,,PRICE ONLY,,,,,ニッポン高度紙工業,NIPPON KODOSHI CORPORATION,スタンダード,,パルプ・紙,素材・化学,True,True,80.39660056657225,35.0,43.87774245158909,BASE,True
5902,2026-10-08,2532.0,57641457.90283203,74,-0.054277406751998436,0.09358011454726678,-0.10612045958069571,1.3377926421404682,15.625034442102942,,,,PRICE ONLY,,,,,ホッカンホールディングス,HOKKAN HOLDINGS LIMITED,プライム,,金属製品,建設・資材,True,True,48.52691218130312,35.0,43.873669263613095,BASE,True
3232,2026-10-08,558.0,134061324.1519165,74,-0.05586671737970428,0.03339675727439606,-0.08769138501730855,0.9496647217626056,19.174941279326813,,,,PRICE ONLY,,,,,三重交通グループホールディングス,"Mie Kotsu Group Holdings,Inc.",プライム,,不動産業,不動産,True,True,58.6685552407932,35.0,43.858932679542676,BASE,True
5131,2026-10-08,135.0,859157545.0,74,0.1637931034482758,0.03846153846153855,-0.3661971830985915,0.06809519894105018,200.05151007046288,,,,PRICE ONLY,,,,,リンカーズ,Linkers Corporation,グロース,,情報･通信業,情報通信・サービスその他,True,True,81.13314447592069,35.0,43.833841134135085,BASE,True
7412,2026-10-08,297.0,246890895.0,74,-0.22047244094488194,-0.2265625,-0.2518891687657431,2.2130015830905685,26.766691775544828,,,,PRICE ONLY,,,,,アトム,ATOM CORPORATION,スタンダード,,小売業,小売,True,True,66.26062322946176,35.0,43.815726661005705,BASE,True
7931,2026-10-08,3480.0,83196905.8959961,74,-0.025523231405349067,0.09894268029181408,-0.05945945945945941,0.8238884045335658,20.263485905154127,,,,PRICE ONLY,,,,,未来工業,"MIRAI INDUSTRY CO.,LTD.",プライム,,化学,素材・化学,True,True,52.8328611898017,35.0,43.81117075899686,BASE,True
4979,2026-10-08,2778.0,62498330.0,74,-0.06653225806451613,0.10063391442155312,-0.07399999999999995,1.2072526968097315,24.326731920042697,,,,PRICE ONLY,,,,,ＯＡＴアグリオ,"OAT Agrio Co.,Ltd.",スタンダード,,化学,素材・化学,True,True,49.40509915014164,35.0,43.80278896083361,BASE,True
1888,2026-10-08,3450.0,58365375.0,74,-0.06882591093117407,0.04387291981845687,-0.11989795918367352,1.4637305699481866,21.27375418001819,,,,PRICE ONLY,,,,,若築建設,"WAKACHIKU CONSTRUCTION CO.,LTD.",プライム,,建設業,建設・資材,True,True,48.69688385269122,35.0,43.80067518860699,BASE,True
2471,2026-10-08,270.0,86145510.0,74,-0.02877697841726623,0.0,-0.11184210526315785,1.0786744079848654,34.413397587690156,,,,PRICE ONLY,,,,,エスプール,"S-Pool,Inc.",プライム,,サービス業,情報通信・サービスその他,True,True,53.342776203966004,35.0,43.79773408914293,BASE,True
9627,2026-10-08,5420.0,850101190.0,74,-0.10041493775933608,-0.051286539471381065,-0.14022842639593913,0.7571166971866156,25.82156298995855,,,,PRICE ONLY,,,,,アインホールディングス,AIN HOLDINGS INC.,プライム,,小売業,小売,True,True,80.93484419263456,35.0,43.793715572059085,BASE,True
9552,2026-10-08,1072.0,267409120.0,74,-0.07665805340223941,0.2686390532544378,-0.12346688470973022,0.960254618848005,51.776973517364766,,,,PRICE ONLY,,,,,クオンツ総研ホールディングス,"Quants Research Institute Holdings,Inc.",プライム,,サービス業,情報通信・サービスその他,True,True,67.33711048158641,35.0,43.78769349511335,BASE,True
7283,2026-10-08,2108.0,373680843.9379883,74,-0.07235385280664386,-0.07195293452011675,-0.11698155967095103,0.7639111785474599,27.546040026713708,,,,PRICE ONLY,,,,,愛三工業,"AISAN INDUSTRY CO.,LTD.",プライム,,輸送用機器,自動車・輸送機,True,True,72.06798866855524,35.0,43.78325851944613,BASE,True
3649,2026-10-08,843.0,55248965.0,74,0.00837320574162681,-0.01403508771929829,-0.07868852459016396,0.8898741192304648,28.356517413155146,,,,PRICE ONLY,,,,,ファインデックス,FINDEX Inc.,プライム,,情報･通信業,情報通信・サービスその他,True,True,47.76203966005666,35.0,43.774130160270836,BASE,True
9412,2026-10-08,1879.0,3056864050.3027344,74,-0.08051111760232776,-0.2618389287454027,-0.412209291624576,1.6189211873560028,28.99199282725307,,,,PRICE ONLY,,,,,スカパーＪＳＡＴ,SKY Perfect JSAT Corporation,プライム,,情報･通信業,情報通信・サービスその他,True,True,90.79320113314448,35.0,43.750590776922444,BASE,True
9413,2026-10-08,3255.0,256629822.20581055,74,-0.02551342344938723,-0.12140700561087825,-0.14305845131067096,0.8058560601153074,18.55965390230781,,,,PRICE ONLY,,,,,テレビ東京ホールディングス,TV TOKYO Holdings Corporation,プライム,,情報･通信業,情報通信・サービスその他,True,True,66.71388101983003,35.0,43.75052813315892,BASE,True
7414,2026-10-08,1351.0,74792929.7076416,74,-0.026351706221468763,0.006953620541963357,-0.0619971083718136,0.8663181478715459,10.114165678275615,,,,PRICE ONLY,,,,,小野建,"ONOKEN CO.,LTD.",プライム,,卸売業,商社・卸売,True,True,51.64305949008499,35.0,43.745196934150144,BASE,True
7222,2026-10-08,890.0,92977045.0,74,-0.02732240437158473,-0.05117270788912576,-0.11177644710578838,1.027010982487385,18.000844638064702,,,,PRICE ONLY,,,,,日産車体,"NISSAN SHATAI CO.,LTD.",スタンダード,,輸送用機器,自動車・輸送機,True,True,54.44759206798867,35.0,43.72627942554975,BASE,True
7018,2026-10-08,11570.0,366391000.0,74,-0.1664265129682997,0.16164658634538154,-0.1735714285714286,1.4370396982216633,51.28952575056722,,,,PRICE ONLY,,,,,内海造船,Naikai Zosen Corporation,スタンダード,,輸送用機器,自動車・輸送機,True,True,71.81303116147308,35.0,43.71846612520095,BASE,True
3905,2026-10-08,1656.0,10151255525.0,74,0.050095117311350634,-0.4338461538461539,-0.6707753479125249,0.7689444976697495,102.6253259743312,,,,PRICE ONLY,,,,,データセクション,Datasection Inc.,グロース,,情報･通信業,情報通信・サービスその他,True,True,96.54390934844193,35.0,43.71214920959017,BASE,True
1803,2026-10-08,2038.5,10585270841.259766,74,-0.14157673113266034,-0.16741210094403947,-0.22740307673175342,0.9083577907862428,38.466314496774714,,,,PRICE ONLY,,,,,清水建設,SHIMIZU CORPORATION,プライム,,建設業,建設・資材,True,True,96.62889518413597,35.0,43.69636210469086,BASE,True
3475,2026-10-08,1460.0,221039015.0,74,-0.020791415157612292,-0.011509817197021044,-0.08635794743429281,0.5570214013485781,23.1189950771484,,,,PRICE ONLY,,,,,グッドコムアセット,"Good Com Asset Co.,Ltd.",プライム,,不動産業,不動産,True,True,64.6458923512748,35.0,43.682696477465214,BASE,True
4569,2026-10-08,1060.0,208285616.58325195,74,-0.03480989794695699,-0.09752693746235153,-0.12197816998164179,0.8244432936302434,20.066015862252122,,,,PRICE ONLY,,,,,杏林製薬,"KYORIN Pharmaceutical Co.,Ltd.",プライム,,医薬品,医薬品,True,True,63.90934844192635,35.0,43.67990938238311,BASE,True
9267,2026-10-08,3435.0,230639375.0,74,-0.0445062586926287,-0.09724047306176087,-0.1732851985559567,1.0746268656716418,15.76655460090871,,,,PRICE ONLY,,,,,Ｇｅｎｋｙ　ＤｒｕｇＳｔｏｒｅｓ,"Genky DrugStores Co.,Ltd.",プライム,,小売業,小売,True,True,65.41076487252124,35.0,43.648158065975515,BASE,True
2874,2026-10-08,1815.0,437681979.4555664,74,-0.15701787180077686,-0.12804668001648145,-0.20229599142533428,1.493247052479349,33.56115238514383,,,,PRICE ONLY,,,,,横浜冷凍,"YOKOREI CO.,LTD.",プライム,,卸売業,商社・卸売,True,True,74.13597733711048,35.0,43.624222762627724,BASE,True
4249,2026-10-08,2676.0,65962395.924072266,74,-0.07415614245916635,0.14480649703956971,-0.08713523060985129,1.2682501634342993,23.21758006546457,,,,PRICE ONLY,,,,,森六,"MORIROKU COMPANY,LTD.",プライム,,化学,素材・化学,True,True,49.858356940509914,35.0,43.61180497948192,BASE,True
7917,2026-10-08,1199.0,150402855.19348145,74,-0.03751986016406306,-0.06417318851032527,-0.15456922332189593,1.1059792784920734,22.43036093308362,,,,PRICE ONLY,,,,,ＺＡＣＲＯＳ,ZACROS Corporation,プライム,,化学,素材・化学,True,True,59.94334277620397,35.0,43.61149259112513,BASE,True
1822,2026-10-08,785.0,201250605.0,74,-0.04963680387409197,-0.045012165450121655,-0.07755581668625144,0.6861821903787103,17.591092433770537,,,,PRICE ONLY,,,,,大豊建設,DAIHO CORPORATION,スタンダード,,建設業,建設・資材,True,True,63.45609065155807,35.0,43.602892557707165,BASE,True
6140,2026-10-08,1123.0,413560535.3222656,74,-0.04833776978164228,-0.028055195668579613,-0.14407558351361216,0.7027104546106411,28.02409919539172,,,,PRICE ONLY,,,,,旭ダイヤモンド工業,"Asahi Diamond Industrial Co.,Ltd.",プライム,,機械,機械,True,True,73.48441926345609,35.0,43.601392598151556,BASE,True
7610,2026-10-08,134.0,72334985.0,74,-0.049645390070921946,-0.09459459459459463,-0.11258278145695366,1.2206064356435644,16.778948753838836,,,,PRICE ONLY,,,,,テイツー,"TAY TWO CO.,LTD.",スタンダード,,小売業,小売,True,True,51.30311614730878,35.0,43.596455219683875,BASE,True
6463,2026-10-08,1485.0,193946844.7125244,74,-0.06511672515425226,0.09679417393009526,-0.07877302713408851,0.7882546910575489,26.921354682755794,,,,PRICE ONLY,,,,,ＴＰＲ,"TPR CO.,LTD.",プライム,,機械,機械,True,True,62.832861189801704,35.0,43.58843050548319,BASE,True
2792,2026-10-08,1392.0,93768575.0,74,-0.040000000000000036,-0.0014347202295552641,-0.05434782608695654,0.7781923399071042,13.594385545852852,,,,PRICE ONLY,,,,,ハニーズホールディングス,"HONEYS HOLDINGS CO.,LTD.",プライム,,小売業,小売,True,True,54.64589235127478,35.0,43.53891829323813,BASE,True
3939,2026-10-08,497.0,75557314.40231323,74,0.03115963492493834,0.014628024354766733,-0.0571705928994346,0.5112203731719617,17.83780450093608,,,,PRICE ONLY,,,,,カナミックネットワーク,"Kanamic Network Co.,LTD",プライム,,情報･通信業,情報通信・サービスその他,True,True,51.728045325779036,35.0,43.523554766878,BASE,True
7421,2026-10-08,1478.0,182758510.0,74,-0.08255741775294845,-0.034617896799477466,-0.10963855421686752,1.0318217289517038,24.819143879852643,,,,PRICE ONLY,,,,,カッパ・クリエイト,"KAPPA・CREATE CO.,LTD.",プライム,,小売業,小売,True,True,62.29461756373937,35.0,43.50346579932423,BASE,True
4320,2026-10-08,1631.0,239236825.0,74,-0.00971463266545236,-0.06799999999999995,-0.09988962472406182,0.32194105588601,3.156070222180987,,,,PRICE ONLY,,,,,ＣＥホールディングス,"CE Holdings Co.,Ltd.",スタンダード,,情報･通信業,情報通信・サービスその他,True,True,65.92067988668555,35.0,43.49750719670388,BASE,True
3245,2026-10-08,936.0,559786714.8773193,74,-0.096821370282281,-0.06377823018257678,-0.14480506444316554,0.825763686739382,24.646906067846803,,,,PRICE ONLY,,,,,ディア・ライフ,"DEAR LIFE CO.,LTD.",プライム,,不動産業,不動産,True,True,77.19546742209631,35.0,43.47795410621978,BASE,True
6804,2026-10-08,2383.0,661950002.7368164,74,-0.08023931872957502,-0.14519423713581325,-0.1895514163010732,0.9069087090240792,18.77688434137549,,,,PRICE ONLY,,,,,ホシデン,Hosiden Corporation,プライム,,電気機器,電機・精密,True,True,78.86685552407931,35.0,43.467469588272756,BASE,True
3179,2026-10-08,1125.0,227873765.0,74,-0.0625,0.04166666666666674,-0.18241279069767447,1.1911020661974618,40.85002490463024,,,,PRICE ONLY,,,,,シュッピン,"Syuppin Co.,Ltd.",プライム,,小売業,小売,True,True,65.04249291784703,35.0,43.43742999387807,BASE,True
5290,2026-10-08,1212.0,108580305.0,74,0.030612244897959107,-0.10882352941176465,-0.11726147123088126,0.6644592850328301,26.163564300925323,,,,PRICE ONLY,,,,,ベルテクスコーポレーション,Vertex Corporation,スタンダード,,ガラス･土石製品,建設・資材,True,True,55.977337110481585,35.0,43.42328466571776,BASE,True
5574,2026-10-08,2795.0,520246760.0,74,-0.08660130718954251,0.28093492208982584,-0.1644245142002989,0.8872894604878913,52.29255965332863,,,,PRICE ONLY,,,,,ＡＢＥＪＡ,"ABEJA,Inc.",グロース,,情報･通信業,情報通信・サービスその他,True,True,76.28895184135978,35.0,43.41959286113529,BASE,True
8059,2026-10-08,3410.0,366852030.1208496,74,-0.05458511692565804,0.06759154741827911,-0.09170877709773484,0.45361017583239804,19.272301530373785,,,,PRICE ONLY,,,,,第一実業,"DAIICHI JITSUGYO CO.,LTD.",プライム,,卸売業,商社・卸売,True,True,71.84135977337111,35.0,43.40910411868956,BASE,True
4418,2026-10-08,1066.0,190509445.0,74,-0.011131725417439675,0.49299719887955185,-0.11018363939899833,0.6380565009269251,44.145322584201594,,,,PRICE ONLY,,,,,ＪＤＳＣ,Japan Data Science Consortium Co.Ltd.,グロース,,情報･通信業,情報通信・サービスその他,True,True,62.71954674220963,35.0,43.39451572650844,BASE,True
9517,2026-10-08,781.0,196444130.0,74,-0.10844748858447484,-0.012642225031605614,-0.13222222222222224,1.2352606155209147,26.46051709234839,,,,PRICE ONLY,,,,,イーレックス,"eREX Co.,Ltd.",プライム,,電気･ガス業,電気・ガス,True,True,63.05949008498584,35.0,43.39107076582762,BASE,True
7844,2026-10-08,507.0,82847450.0,74,-0.003929273084479323,0.1470588235294117,-0.06284658040665436,0.6662685816650429,18.33794232482796,,,,PRICE ONLY,,,,,マーベラス,Marvelous Inc.,プライム,,情報･通信業,情報通信・サービスその他,True,True,52.747875354107656,35.0,43.37365762723769,BASE,True
3449,2026-10-08,4650.0,546785975.0,74,0.12590799031476996,-0.2654028436018957,-0.5573237648230438,0.9125445191927186,43.81642430629262,,,,PRICE ONLY,,,,,テクノフレックス,TECHNOFLEX CORPORATION,スタンダード,,金属製品,建設・資材,True,True,76.88385269121814,35.0,43.33676985793958,BASE,True
7943,2026-10-08,2755.0,196144191.55395508,74,-0.0741950561132565,-0.03449505571951783,-0.14454497778140307,1.1111954459203035,17.621286362305472,,,,PRICE ONLY,,,,,ニチハ,NICHIHA CORPORATION,プライム,,ガラス･土石製品,建設・資材,True,True,63.03116147308781,35.0,43.33218347040281,BASE,True
3479,2026-10-08,1820.0,88211860.0,74,-0.04210526315789476,0.05691056910569103,-0.07473309608540923,0.8835758835758836,20.074860899809245,,,,PRICE ONLY,,,,,ＴＫＰ,TKP Corporation,グロース,,不動産業,不動産,True,True,53.739376770538236,35.0,43.32547040880516,BASE,True
8281,2026-10-08,1077.0,195521290.47668457,74,-0.032739123365891576,-0.00185029333739406,-0.10182918598261359,0.6896745703597446,16.25714543124858,,,,PRICE ONLY,,,,,ゼビオホールディングス,"XEBIO holdings CO.,LTD.",プライム,,小売業,小売,True,True,62.889518413597735,35.0,43.30332518718566,BASE,True
5842,2026-10-08,2726.0,258522435.0,74,-0.10328947368421049,-0.036067892503536036,-0.13870458135860975,1.1134928451422281,22.376982852623428,,,,PRICE ONLY,,,,,インテグラル,Integral Corporation,グロース,,証券･商品先物取引業,金融（除く銀行）,True,True,66.8271954674221,35.0,43.29899625967629,BASE,True
2791,2026-10-08,4195.0,199333250.0,74,-0.09590517241379315,-0.053047404063205406,-0.1296680497925311,1.1330217713438961,25.674583781041356,,,,PRICE ONLY,,,,,大黒天物産,"DAIKOKUTENBUSSAN CO.,LTD.",プライム,,小売業,小売,True,True,63.25779036827196,35.0,43.262171400645435,BASE,True
6993,2026-10-08,86.0,169505830.0,74,0.0,0.0,-0.16504854368932043,0.8636479198558964,28.360276970700294,,,,PRICE ONLY,,,,,大黒屋ホールディングス,"Daikokuya Holdings Co.,Ltd.",スタンダード,,小売業,小売,True,True,61.274787535410766,35.0,43.208056445742365,BASE,True
6547,2026-10-08,2014.0,77981190.0,74,-0.08371246587807102,-0.029865125240847834,-0.10568383658969804,1.2817709756764144,20.357233860716182,,,,PRICE ONLY,,,,,グリーンズ,"GREENS CO.,LTD.",スタンダード,,サービス業,情報通信・サービスその他,True,True,52.03966005665722,35.0,43.20772928228468,BASE,True
2315,2026-10-08,60.0,353842265.0,74,-0.1428571428571429,0.05263157894736836,-0.17808219178082196,1.3542240798579215,58.054631112852014,,,,PRICE ONLY,,,,,ＣＡＩＣＡ　ＤＩＧＩＴＡＬ,CAICA DIGITAL Inc.,スタンダード,,情報･通信業,情報通信・サービスその他,True,True,71.5014164305949,35.0,43.20233721147875,BASE,True
9692,2026-10-08,2215.0,334177975.0,74,-0.06579502319696329,0.04470171966361414,-0.13746105919003115,0.7806641671130156,36.08195655554285,,,,PRICE ONLY,,,,,シーイーシー,COMPUTER ENGINEERING & CONSULTING LTD.,プライム,,情報･通信業,情報通信・サービスその他,True,True,70.79320113314448,35.0,43.1992780264771,BASE,True
3660,2026-10-08,459.0,446970495.0,74,-0.11560693641618502,0.1649746192893402,-0.18035714285714288,1.1349131259878262,35.931784854997936,,,,PRICE ONLY,,,,,アイスタイル,istyle Inc.,プライム,,情報･通信業,情報通信・サービスその他,True,True,74.39093484419263,35.0,43.17852475067864,BASE,True
7059,2026-10-08,907.0,107627248.722229,74,-0.024840940924946042,0.157073228312675,-0.06398348813209498,0.6553033648326415,26.468657366805452,,,,PRICE ONLY,,,,,コプロ・ホールディングス,"COPRO-HOLDINGS.Co.,Ltd.",プライム,,サービス業,情報通信・サービスその他,True,True,55.864022662889525,35.0,43.1698646735519,BASE,True
2216,2026-10-08,1024.0,58341230.0,74,-0.06569343065693434,-0.1307300509337861,-0.19496855345911945,1.7141806143093619,16.334901116654894,,,,PRICE ONLY,,,,,カンロ,Kanro Inc.,スタンダード,,食料品,食品,True,True,48.6685552407932,35.0,43.13228143837145,BASE,True
4892,2026-10-08,612.0,56657345.0,74,0.003278688524590123,0.14179104477611948,-0.12068965517241381,1.0111542192046556,45.02367628123965,,,,PRICE ONLY,,,,,サイフューズ,Cyfuse Biomedical K.K.,グロース,,医薬品,医薬品,True,True,48.18696883852691,35.0,43.127944090142734,BASE,True
2266,2026-10-08,1073.0,85224925.0,74,-0.03420342034203416,-0.04452359750667856,-0.07579672695951767,0.8287895310796074,14.169043936977108,,,,PRICE ONLY,,,,,六甲バター,"ROKKO BUTTER CO.,LTD.",プライム,,食料品,食品,True,True,53.229461756373944,35.0,43.09459737770381,BASE,True
7522,2026-10-08,842.0,206373780.0,74,-0.09850107066381153,-0.1004273504273504,-0.15800000000000003,1.2420431609998448,12.349519351388974,,,,PRICE ONLY,,,,,ワタミ,"WATAMI CO.,LTD.",プライム,,小売業,小売,True,True,63.711048158640224,35.0,43.069841615634424,BASE,True
4570,2026-10-08,1062.0,163870010.0,74,-0.07732406602953956,0.10624999999999996,-0.12231404958677683,1.0439750149094447,40.50314079920416,,,,PRICE ONLY,,,,,免疫生物研究所,"Immuno-Biological Laboratories Co.,Ltd.",グロース,,医薬品,医薬品,True,True,60.878186968838534,35.0,43.068677189152396,BASE,True
2461,2026-10-08,376.0,63328645.0,74,-0.028423772609819098,-0.0669975186104218,-0.08737864077669899,0.9592737978410206,24.628674616525785,,,,PRICE ONLY,,,,,ファンコミュニケーションズ,"FAN Communications,Inc.",プライム,,サービス業,情報通信・サービスその他,True,True,49.60339943342776,35.0,43.06102717661775,BASE,True
3083,2026-10-08,1134.0,407122275.0,74,-0.09641434262948212,0.13855421686746983,-0.15937731653076348,0.949392252641145,43.48007341859123,,,,PRICE ONLY,,,,,スターシーズ,"Star seeds Co.,Ltd.",スタンダード,,小売業,小売,True,True,73.28611898016997,35.0,43.0606318981429,BASE,True
9628,2026-10-08,1305.0,81549190.0,74,-0.009111617312072884,-0.07907346722220299,-0.12387862953603646,0.9289176090468497,20.096703914526326,,,,PRICE ONLY,,,,,燦ホールディングス,"SAN HOLDINGS,INC.",プライム,,サービス業,情報通信・サービスその他,True,True,52.69121813031161,35.0,42.95209772813478,BASE,True
2884,2026-10-08,580.0,58716910.0,74,-0.08082408874801905,-0.09657320872274144,-0.1594202898550725,1.5851293103448276,16.24976160006314,,,,PRICE ONLY,,,,,ヨシムラ・フード・ホールディングス,Yoshimura Food Holdings K.K.,プライム,,食料品,食品,True,True,48.78186968838527,35.0,42.9311554483254,BASE,True
3763,2026-10-08,2001.0,130321485.0,74,-0.005467196819085474,0.105524861878453,-0.20055932880543348,1.1118210862619808,31.95456126659102,,,,PRICE ONLY,,,,,プロシップ,Pro-Ship Incorporated,プライム,,情報･通信業,情報通信・サービスその他,True,True,58.21529745042493,35.0,42.90909894042915,BASE,True
4667,2026-10-08,985.0,1992935082.2192383,74,-0.06339140591692427,0.42753623188405787,-0.19482291506490967,0.23643741438577448,93.10472101407107,,,,PRICE ONLY,,,,,アイサンテクノロジー,"AISAN TECHNOLOGY CO.,LTD.",スタンダード,,情報･通信業,情報通信・サービスその他,True,True,87.59206798866856,35.0,42.90610636954389,BASE,True
5367,2026-10-08,1424.0,279663834.3084717,74,0.025213751568416765,0.12805647647129592,-0.24913924372139196,0.9009236998608123,50.27733487120075,,,,PRICE ONLY,,,,,ニッカトー,NIKKATO CORPORATION,スタンダード,,ガラス･土石製品,建設・資材,True,True,67.76203966005666,35.0,42.88553580200771,BASE,True
3187,2026-10-08,380.0,56908195.48446655,74,0.04288339355199655,0.3657689717038033,-0.07966165822827564,0.5648423237999786,56.316416603674924,,,,PRICE ONLY,,,,,ミラタップ,miratap inc.,グロース,,小売業,小売,True,True,48.271954674220964,35.0,42.8608141228745,BASE,True
4385,2026-10-08,3646.0,7509227050.0,74,-0.15990783410138254,-0.21030972492960798,-0.27514910536779325,1.0868217054263567,37.83780851031037,,,,PRICE ONLY,,,,,メルカリ,"Mercari,Inc.",プライム,,情報･通信業,情報通信・サービスその他,True,True,95.58073654390935,35.0,42.835946087170974,BASE,True
6482,2026-10-08,671.0,74507095.0,74,-0.07320441988950277,-0.00592592592592589,-0.1029411764705882,1.1680327868852458,26.04497358496833,,,,PRICE ONLY,,,,,ＹＵＳＨＩＮ,Yushin Company,スタンダード,,機械,機械,True,True,51.61473087818697,35.0,42.81390117098578,BASE,True
6996,2026-10-08,2668.0,1853065701.7053223,74,0.001416335064409413,-0.22764320785250358,-0.43651957978712985,1.163464216095795,45.1204167965865,,,,PRICE ONLY,,,,,ニチコン,NICHICON CORPORATION,プライム,,電気機器,電機・精密,True,True,87.1671388101983,35.0,42.797939738219945,BASE,True
9782,2026-10-08,3235.0,131852658.2824707,74,-0.05056172126959968,-0.038266869011604365,-0.0612296139570907,0.6402175256457793,14.818211764211606,,,,PRICE ONLY,,,,,ディーエムエス,DMS INC.,スタンダード,,サービス業,情報通信・サービスその他,True,True,58.38526912181303,35.0,42.78118728867609,BASE,True
1810,2026-10-08,1366.0,53907920.0769043,74,-0.030077610973672675,-0.019889368431710408,-0.07311388229611027,0.9166119500984898,15.962791768452336,,,,PRICE ONLY,,,,,松井建設,"MATSUI CONSTRUCTION CO.,LTD.",スタンダード,,建設業,建設・資材,True,True,47.478753541076486,35.0,42.75858730086525,BASE,True
6594,2026-10-08,2140.0,30579707210.0,74,-0.23897581792318634,-0.1810179869881362,-0.2507002801120448,0.8532989394374934,83.24110558223958,,,,PRICE ONLY,,,,,ニデック,NIDEC CORPORATION,プライム,,電気機器,電機・精密,True,True,98.98016997167139,35.0,42.753601153609445,BASE,True
8841,2026-10-08,951.0,92659870.10223389,74,-0.03513495287475421,0.00018962359651886196,-0.11791394234312935,0.9489327208862469,17.08726129935163,,,,PRICE ONLY,,,,,テーオーシー,"TOC Co.,Ltd.",スタンダード,,不動産業,不動産,True,True,54.41926345609065,35.0,42.73276455812602,BASE,True
6677,2026-10-08,3070.0,267517797.13867188,74,-0.017188908548153692,-0.05471179343771204,-0.15960670455638304,0.6689227298364354,21.100918145336266,,,,PRICE ONLY,,,,,エスケーエレクトロニクス,"SK-Electronics CO.,LTD.",スタンダード,,電気機器,電機・精密,True,True,67.36543909348441,35.0,42.7155445883492,BASE,True
3656,2026-10-08,164.0,321554760.0,74,-0.10869565217391308,-0.215311004784689,-0.35433070866141736,2.040854251658706,37.991632536576546,,,,PRICE ONLY,,,,,ＫＬａｂ,KLab Inc.,プライム,,情報･通信業,情報通信・サービスその他,True,True,70.28328611898017,35.0,42.70705826062295,BASE,True
6521,2026-10-08,3285.0,419670385.0,74,0.004587155963302836,-0.21785714285714286,-0.3608949416342413,1.3450090256173906,52.377232364090254,,,,PRICE ONLY,,,,,オキサイド,OXIDE Corporation,グロース,,電気機器,電機・精密,True,True,73.73937677053824,35.0,42.702314316709696,BASE,True
6037,2026-10-08,1049.0,53594230.0,74,-0.03761467889908254,-0.0314907774529406,-0.11806599094277381,1.171072319201995,27.314877587217556,,,,PRICE ONLY,,,,,楽待,"RAKUMACHI,INC.",スタンダード,,サービス業,情報通信・サービスその他,True,True,47.25212464589235,35.0,42.69030669405927,BASE,True
6284,2026-10-08,8140.0,261206423.23242188,74,-0.04506185406265384,-0.14192547108161513,-0.1813482351965966,0.9251657720239975,28.869642188464994,,,,PRICE ONLY,,,,,日精エー・エス・ビー機械,"NISSEI ASB MACHINE CO.,LTD.",プライム,,機械,機械,True,True,66.9971671388102,35.0,42.68793355331308,BASE,True
5726,2026-10-08,2280.0,1624840030.0,74,-0.14957105557627748,-0.11559348332040342,-0.2875,1.3980886730377566,28.93261049956617,,,,PRICE ONLY,,,,,大阪チタニウムテクノロジーズ,"OSAKA Titanium technologies Co.,Ltd.",プライム,,非鉄金属,鉄鋼・非鉄,True,True,86.3456090651558,35.0,42.67733629923907,BASE,True
3457,2026-10-08,818.0,163646465.0,74,-0.12513368983957218,-0.1549586776859504,-0.17582512732110112,1.4934720008946294,18.57138308920834,,,,PRICE ONLY,,,,,Ａｎｄ　Ｄｏホールディングス,"&Do Holdings Co.,Ltd.",プライム,,不動産業,不動産,True,True,60.82152974504249,35.0,42.675695189203964,BASE,True
5981,2026-10-08,1795.0,129273474.66430664,74,-0.03113611411433692,-0.08233426179706749,-0.14192855068796784,0.9198366645175156,26.1092788406941,,,,PRICE ONLY,,,,,東京製綱,"TOKYO ROPE MFG.CO.,LTD",プライム,,金属製品,建設・資材,True,True,58.1586402266289,35.0,42.64329447511585,BASE,True
7637,2026-10-08,3435.0,95151562.82226562,74,-0.04317548746518107,0.06913467990876265,-0.11668467961694728,0.958597538232003,29.39817840349914,,,,PRICE ONLY,,,,,白銅,"Hakudo Co.,Ltd.",プライム,,卸売業,商社・卸売,True,True,54.815864022662886,35.0,42.640792354007985,BASE,True
4839,2026-10-08,921.0,103648320.0,74,-0.09261083743842369,-0.09794319294809006,-0.10582524271844662,1.1383196234130568,12.027875530984584,,,,PRICE ONLY,,,,,ＷＯＷＯＷ,WOWOW INC.,プライム,,情報･通信業,情報通信・サービスその他,True,True,55.4957507082153,35.0,42.6329223400632,BASE,True
2294,2026-10-08,2434.0,57265330.0,74,-0.05622334238076776,-0.0543900543900544,-0.0914520343411721,1.0952168082253018,9.625224240032292,,,,PRICE ONLY,,,,,柿安本店,"Kakiyasu Honten Co.,Ltd.",プライム,,食料品,食品,True,True,48.35694050991501,35.0,42.63250873053251,BASE,True
2705,2026-10-08,8900.0,179893150.0,74,-0.023051591657519244,0.1083437110834371,-0.11793855302279488,0.6378553270164086,21.908032387959818,,,,PRICE ONLY,,,,,大戸屋ホールディングス,"OOTOYA Holdings Co.,Ltd.",スタンダード,,小売業,小売,True,True,62.01133144475921,35.0,42.59081568661022,BASE,True
3878,2026-10-08,911.0,53652420.0,74,0.04953917050691237,0.20184696569920835,-0.08350100603621735,0.5347960233116216,42.355126047218974,,,,PRICE ONLY,,,,,巴川コーポレーション,TOMOEGAWA CORPORATION,スタンダード,,化学,素材・化学,True,True,47.36543909348442,35.0,42.582621600072386,BASE,True
9663,2026-10-08,4735.0,158021475.0,74,-0.06974459724950888,-0.0520520520520521,-0.12638376383763839,0.9528200399569694,14.214209146743602,,,,PRICE ONLY,,,,,ナガワ,"NAGAWA CO.,Ltd",プライム,,サービス業,情報通信・サービスその他,True,True,60.56657223796034,35.0,42.52625619783689,BASE,True
8163,2026-10-08,1424.0,264363060.0,74,-0.06192358366271411,0.12747426761678549,-0.11111111111111116,0.6407982261640798,28.438661241908374,,,,PRICE ONLY,,,,,ＳＲＳホールディングス,"SRS HOLDINGS CO.,LTD.",プライム,,小売業,小売,True,True,67.11048158640227,35.0,42.51940289311301,BASE,True
7628,2026-10-08,1110.0,72144552.64099121,74,-0.03445904670627242,0.001428390500156862,-0.0693963467764368,0.7683034637949048,23.868781817984562,,,,PRICE ONLY,,,,,オーハシテクニカ,OHASHI TECHNICA INC.,プライム,,卸売業,商社・卸売,True,True,51.21813031161473,35.0,42.48833866364925,BASE,True
8217,2026-10-08,762.0,85670100.0,74,-0.034220532319391594,-0.021144031202062652,-0.0627306273062731,0.6689269678365253,17.79467671260625,,,,PRICE ONLY,,,,,オークワ,"OKUWA CO.,LTD.",プライム,,小売業,小売,True,True,53.31444759206799,35.0,42.469905665586,BASE,True
1976,2026-10-08,1655.0,128677195.73669434,74,-0.01576952715375013,-0.08496065929353358,-0.176105393773354,0.982817409908404,15.107186546257632,,,,PRICE ONLY,,,,,明星工業,"MEISEI INDUSTRIAL Co.,Ltd.",プライム,,建設業,建設・資材,True,True,58.10198300283286,35.0,42.467941676098114,BASE,True
4784,2026-10-08,497.0,852919565.0,74,-0.09963768115942029,0.012219959266802416,-0.17578772802653397,0.7249249268174327,33.63653431119543,,,,PRICE ONLY,,,,,ＧＭＯインターネット,"GMO internet,Inc.",プライム,,サービス業,情報通信・サービスその他,True,True,80.9915014164306,35.0,42.46140670907415,BASE,True
3668,2026-10-08,381.0,229625305.0,74,-0.09501187648456055,-0.0078125,-0.16447368421052633,1.1146527026770638,29.539807386740698,,,,PRICE ONLY,,,,,コロプラ,"COLOPL,Inc.",プライム,,情報･通信業,情報通信・サービスその他,True,True,65.26912181303116,35.0,42.44142140223581,BASE,True
3624,2026-10-08,82.0,87145550.0,74,-0.09890109890109888,0.02499999999999991,-0.14583333333333337,1.395009234205214,72.9983259857231,,,,PRICE ONLY,,,,,アクセルマーク,AXEL MARK INC.,グロース,,情報･通信業,情報通信・サービスその他,True,True,53.54107648725213,35.0,42.437322515542746,BASE,True
6070,2026-10-08,2463.0,119865640.0,74,-0.03676183026984747,0.05935483870967739,-0.072316384180791,0.5989282336870863,15.899885088782872,,,,PRICE ONLY,,,,,キャリアリンク,"CAREERLINK CO.,LTD.",プライム,,サービス業,情報通信・サービスその他,True,True,57.39376770538244,35.0,42.420444146719916,BASE,True
7944,2026-10-08,3645.0,262748425.0,74,-0.04078947368421049,-0.09215442092154424,-0.20760869565217388,0.9897901304594441,19.913645533046314,,,,PRICE ONLY,,,,,ローランド,Roland Corporation,プライム,,その他製品,情報通信・サービスその他,True,True,67.02549575070822,35.0,42.41744498009793,BASE,True
7893,2026-10-08,1031.0,55205643.41064453,74,-0.04730884085725995,-0.06757883866648662,-0.13076771472222948,1.2257100149476832,15.106465374356576,,,,PRICE ONLY,,,,,プロネクサス,PRONEXUS INC.,プライム,,その他製品,情報通信・サービスその他,True,True,47.70538243626062,35.0,42.40003226713436,BASE,True
1930,2026-10-08,1500.0,78798310.10986328,74,-0.048357945041741957,-0.06529942366216412,-0.11731753603730022,1.0307692307692307,16.43952808981865,,,,PRICE ONLY,,,,,北陸電気工事,"HOKURIKU ELECTRICAL CONSTRUCTION CO.,LTD.",プライム,,建設業,建設・資材,True,True,52.181303116147305,35.0,42.396772696190446,BASE,True
6413,2026-10-08,1019.0,86352950.0,74,-0.05297397769516732,0.001966568338249708,-0.12831479897348164,1.071833084947839,21.956327300024377,,,,PRICE ONLY,,,,,理想科学工業,RISO KAGAKU CORPORATION,プライム,,機械,機械,True,True,53.37110481586402,35.0,42.39281704187642,BASE,True
6298,2026-10-08,1224.0,130433346.34460449,74,-0.08405796254168185,-0.005046998517841739,-0.19268884399446973,1.3940495721190085,27.955166251324844,,,,PRICE ONLY,,,,,ワイエイシイホールディングス,"Y.A.C.HOLDINGS CO.,LTD.",プライム,,機械,機械,True,True,58.24362606232295,35.0,42.35753811915148,BASE,True
7438,2026-10-08,1636.0,73457467.09289551,74,-0.020221631880999347,0.07131696304562918,-0.08398656215005595,0.7395498392282959,23.463631614219224,,,,PRICE ONLY,,,,,コンドーテック,KONDOTEC INC.,プライム,,卸売業,商社・卸売,True,True,51.444759206798864,35.0,42.35593154946591,BASE,True
7760,2026-10-08,1985.0,167404519.3371582,74,-0.022918376642027005,-0.21954703249119656,-0.3011152160720395,1.5213707399736396,32.56454807157645,,,,PRICE ONLY,,,,,ＩＭＶ,IMV CORPORATION,スタンダード,,精密機器,電機・精密,True,True,61.10481586402267,35.0,42.3509411463704,BASE,True
6653,2026-10-08,2024.0,131720430.0,74,-0.0736842105263158,-0.09924343569203387,-0.19944672112546902,1.3683616729792891,33.34253038316976,,,,PRICE ONLY,,,,,正興電機製作所,"SEIKO ELECTRIC CO.,LTD.",プライム,,電気機器,電機・精密,True,True,58.35694050991501,35.0,42.34498883865065,BASE,True
3001,2026-10-08,2896.0,88240650.0,74,-0.008219178082191747,0.10618792971734159,-0.07328000000000001,0.5514893617021277,24.50798209787553,,,,PRICE ONLY,,,,,片倉工業,"Katakura Industries Co.,Ltd.",スタンダード,,繊維製品,素材・化学,True,True,53.76770538243626,35.0,42.32626023930248,BASE,True
4886,2026-10-08,1985.0,102176174.28405762,74,-0.03201304085076029,-0.11916574165578064,-0.15711051676348176,1.0357852882703777,18.20852637390298,,,,PRICE ONLY,,,,,あすか製薬ホールディングス,"ASKA Pharmaceutical Holdings Co.,Ltd.",プライム,,医薬品,医薬品,True,True,55.297450424929174,35.0,42.320567382806274,BASE,True
3205,2026-10-08,738.0,51154890.0,74,0.005449591280654031,-0.016000000000000014,-0.032765399737876844,0.41822981797971376,14.802478891348054,,,,PRICE ONLY,,,,,ダイドーリミテッド,DAIDOH LIMITED,スタンダード,,繊維製品,素材・化学,True,True,46.48725212464589,35.0,42.312275205927754,BASE,True
6310,2026-10-08,1840.0,180122360.0,74,-0.10068426197458458,0.021654636313159337,-0.10636231180184552,0.9320544368000804,34.726675014185695,,,,PRICE ONLY,,,,,井関農機,"ISEKI & CO.,LTD.",プライム,,機械,機械,True,True,62.03966005665722,35.0,42.27234509350053,BASE,True
7774,2026-10-08,778.0,81143015.0,74,-0.1374722838137472,0.23492063492063497,-0.14692982456140347,1.6016343207354444,55.301237651033574,,,,PRICE ONLY,,,,,ジャパン・ティッシュエンジニアリング,"Japan Tissue Engineering Co.,Ltd.",グロース,,精密機器,電機・精密,True,True,52.60623229461756,35.0,42.26977766339524,BASE,True
1514,2026-10-08,601.0,142878520.0,74,-0.12134502923976609,0.07321428571428568,-0.17103448275862065,1.4281593254188394,24.949039519652203,,,,PRICE ONLY,,,,,住石ホールディングス,"Sumiseki Holdings,Inc.",スタンダード,,鉱業,エネルギー資源,True,True,59.51841359773371,35.0,42.26524700636804,BASE,True
6932,2026-10-08,2459.0,68494633.48266602,74,-0.01149405658689473,0.05935305408745495,-0.09951172603158087,0.7757352941176471,17.39370944999026,,,,PRICE ONLY,,,,,遠藤照明,ENDO Lighting Corporation,スタンダード,,電気機器,電機・精密,True,True,50.59490084985836,35.0,42.22185957079798,BASE,True
3321,2026-10-08,1710.0,113704425.0,74,0.014234875444839812,0.10322580645161294,-0.1089108910891089,0.5123247945867568,36.909841762140296,,,,PRICE ONLY,,,,,ミタチ産業,"MITACHI CO.,LTD.",スタンダード,,卸売業,商社・卸売,True,True,56.48725212464589,35.0,42.220921777029844,BASE,True
6564,2026-10-08,1963.0,115070605.0,74,0.0010198878123406363,-0.0714285714285714,-0.15424386040499782,0.796192124621376,29.419939415737907,,,,PRICE ONLY,,,,,ミダックホールディングス,"MIDAC HOLDINGS CO.,LTD.",プライム,,サービス業,情報通信・サービスその他,True,True,56.62889518413598,35.0,42.215292462801806,BASE,True
4274,2026-10-08,1066.0,277218720.0,74,-0.022018348623853212,-0.010213556174558991,-0.13754045307443363,0.1605388004066418,64.27507144523162,,,,PRICE ONLY,,,,,細谷火工,"HOSOYA PYRO-ENGINEERING CO.,LTD.",スタンダード,,化学,素材・化学,True,True,67.70538243626062,35.0,42.208954095229494,BASE,True
9612,2026-10-08,1230.0,54572580.0,74,0.02244389027431426,-0.02070063694267521,-0.06106870229007633,0.49001213994040393,16.15785644571593,,,,PRICE ONLY,,,,,ラックランド,"LUCKLAND CO.,LTD.",プライム,,サービス業,情報通信・サービスその他,True,True,47.59206798866856,35.0,42.19604272556843,BASE,True
4229,2026-10-08,4155.0,63160368.99658203,74,-0.015132541097485408,-0.06633700671425768,-0.12444880888392085,0.9435133457479826,24.131670543054433,,,,PRICE ONLY,,,,,群栄化学工業,"Gun Ei Chemical Industry Co.,Ltd.",プライム,,化学,素材・化学,True,True,49.54674220963173,35.0,42.19554495389073,BASE,True
5410,2026-10-08,2793.0,265375257.3083496,74,-0.09998319567845715,0.059735235894979866,-0.10425543593027708,0.7527122245833799,25.397095649514306,,,,PRICE ONLY,,,,,合同製鐵,"Godo Steel,Ltd.",プライム,,鉄鋼,鉄鋼・非鉄,True,True,67.1671388101983,35.0,42.19473612064775,BASE,True
3662,2026-10-08,904.0,63631705.0,74,-0.022702702702702693,-0.11754106813311627,-0.12176731690430886,0.9640781827786582,18.27861649552946,,,,PRICE ONLY,,,,,エイチームホールディングス,"Ateam Holdings Co.,Ltd.",プライム,,情報･通信業,情報通信・サービスその他,True,True,49.68838526912182,35.0,42.18857257077082,BASE,True
3199,2026-10-08,1235.0,66933295.0,74,-0.05868902439024393,-0.09057437407952873,-0.12037037037037035,1.121513747905785,10.920874335390367,,,,PRICE ONLY,,,,,綿半ホールディングス,"Watahan & Co.,Ltd.",プライム,,小売業,小売,True,True,50.33994334277621,35.0,42.180038638462705,BASE,True
9279,2026-10-08,2097.0,714011780.0,74,-0.09922680412371132,-0.020093457943925253,-0.22619926199261997,0.9616597111718257,32.53001047121605,,,,PRICE ONLY,,,,,ギフトホールディングス,GIFT HOLDINGS INC.,プライム,,小売業,小売,True,True,79.6600566572238,35.0,42.14906201168383,BASE,True
4499,2026-10-08,2194.0,205842265.0,74,-0.11210036422501013,-0.012156686177397513,-0.20650994575045212,1.410373066424022,42.90907635024491,,,,PRICE ONLY,,,,,Ｓｐｅｅｅ,"Speee,Inc.",スタンダード,,情報･通信業,情報通信・サービスその他,True,True,63.682719546742206,35.0,42.143540532332835,BASE,True
6378,2026-10-08,1128.0,172738775.0,74,-0.07007419620774935,-0.03507271171941828,-0.13629402756508424,0.9156961585259864,29.642975329701965,,,,PRICE ONLY,,,,,木村化工機,"KIMURA CHEMICAL PLANTS CO.,LTD.",スタンダード,,機械,機械,True,True,61.47308781869688,35.0,42.126682664257885,BASE,True
2674,2026-10-08,2486.0,123191055.0,74,-0.03531237873496318,-0.08434622467771635,-0.1941653160453809,1.1309462387782478,23.2923142324584,,,,PRICE ONLY,,,,,ハードオフコーポレーション,"HARD OFF CORPORATION Co.,Ltd.",プライム,,小売業,小売,True,True,57.70538243626062,35.0,42.119158989100164,BASE,True
6356,2026-10-08,1311.0,1349841408.9678955,74,-0.023901157253467753,-0.11633229561303993,-0.2468338824440265,0.28139944358446506,96.83242488122583,,,,PRICE ONLY,,,,,日本ギア工業,"NIPPON GEAR CO.,LTD.",スタンダード,,機械,機械,True,True,85.1841359773371,35.0,42.08811491020338,BASE,True
7033,2026-10-08,1565.0,126095670.0,74,-0.017576898932831098,0.14820249449743206,-0.08639813193228252,0.40753508987934006,24.63582819178913,,,,PRICE ONLY,,,,,マネジメントソリューションズ,"Management Solutions Co.,Ltd.",プライム,,サービス業,情報通信・サービスその他,True,True,57.960339943342774,35.0,42.074349308886596,BASE,True
3299,2026-10-08,1586.0,180858630.0,74,-0.06595995288574796,-0.18078512396694213,-0.21251241310824232,1.2361053456943867,18.85790417359846,,,,PRICE ONLY,,,,,ムゲンエステート,"MUGEN ESTATE Co.,Ltd.",スタンダード,,不動産業,不動産,True,True,62.12464589235127,35.0,42.0570177676655,BASE,True
3046,2026-10-08,5590.0,1134664450.0,74,-0.015845070422535246,-0.2970287831280817,-0.3279561939245369,0.8966125790479925,23.02376685002662,,,,PRICE ONLY,,,,,ジンズホールディングス,JINS HOLDINGS Inc.,プライム,,小売業,小売,True,True,83.56940509915015,35.0,42.0489861631156,BASE,True
9708,2026-10-08,940.0,132061861.13311768,74,-0.028889860779230725,-0.05708025222388147,-0.07830054960983424,0.4611882690594794,12.810586000667683,,,,PRICE ONLY,,,,,帝国ホテル,"Imperial Hotel,Ltd.",スタンダード,,サービス業,情報通信・サービスその他,True,True,58.44192634560906,35.0,42.04596503722858,BASE,True
4970,2026-10-08,10620.0,609986910.6347656,74,-0.003118280427434561,-0.29678356569908404,-0.38387170792647174,1.2642487046632125,50.19859029137063,,,,PRICE ONLY,,,,,東洋合成工業,"Toyo Gosei Co.,Ltd.",スタンダード,,化学,素材・化学,True,True,78.10198300283287,35.0,42.02550212843705,BASE,True
9900,2026-10-08,1031.0,318211980.0,74,-0.055860805860805884,0.15907813378302427,-0.12255319148936172,0.47125702176326145,34.40158622644573,,,,PRICE ONLY,,,,,サガミホールディングス,Sagami Holdings Corporation,プライム,,小売業,小売,True,True,70.08498583569404,35.0,42.01164795707835,BASE,True
6357,2026-10-08,2532.0,88943620.30395508,74,-0.04882778537169474,0.05478068321568874,-0.08530739226308248,0.7650593580536421,25.091754659106158,,,,PRICE ONLY,,,,,三精テクノロジーズ,"Sansei Technologies,Inc.",スタンダード,,機械,機械,True,True,53.966005665722385,35.0,42.006534916017614,BASE,True
9740,2026-10-08,2580.0,56125360.0,74,-0.04302670623145399,-0.051733335534776104,-0.10277136405721277,0.9945277182964549,13.921878354048719,,,,PRICE ONLY,,,,,セントラル警備保障,"CENTRAL SECURITY PATROLS CO.,LTD.",プライム,,サービス業,情報通信・サービスその他,True,True,48.07365439093484,35.0,41.9891687879874,BASE,True
2385,2026-10-08,216.0,175213190.0,74,-0.018181818181818188,0.03846153846153855,-0.11111111111111116,0.2057269566645679,55.24880573077118,,,,PRICE ONLY,,,,,総医研ホールディングス,Soiken Holdings Inc.,グロース,,サービス業,情報通信・サービスその他,True,True,61.58640226628896,35.0,41.9756498616272,BASE,True
6584,2026-10-08,733.0,231175381.93969727,74,-0.05907136994968043,-0.12320042847523405,-0.33556863551333205,1.6824684244028276,28.295188353359023,,,,PRICE ONLY,,,,,三櫻工業,"Sanoh Industrial Co.,Ltd.",プライム,,輸送用機器,自動車・輸送機,True,True,65.55240793201133,35.0,41.95517679186783,BASE,True
4996,2026-10-08,652.0,517414360.0,74,-0.1488250652741514,-0.09695290858725758,-0.18090452261306533,1.0658890100261522,46.91107662089426,,,,PRICE ONLY,,,,,クミアイ化学工業,"KUMIAI CHEMICAL INDUSTRY CO.,LTD.",プライム,,化学,素材・化学,True,True,76.20396600566572,35.0,41.92427309269768,BASE,True
6247,2026-10-08,1579.0,105893486.12609863,74,-0.06951727096664717,-0.07167121842090418,-0.12053061468978321,0.9779179810725552,28.13155519485397,,,,PRICE ONLY,,,,,日阪製作所,"HISAKA WORKS,LTD.",プライム,,機械,機械,True,True,55.637393767705376,35.0,41.905761502512256,BASE,True
2170,2026-10-08,609.0,180979583.32855225,74,-0.07163373049523447,0.04560016355945962,-0.17422949733205573,1.0544923248976352,25.06710002202322,,,,PRICE ONLY,,,,,リンクアンドモチベーション,Link and Motivation Inc.,プライム,,サービス業,情報通信・サービスその他,True,True,62.15297450424929,35.0,41.90159526275329,BASE,True
5532,2026-10-08,3380.0,56325325.0,74,-0.061111111111111116,-0.054545454545454564,-0.0889487870619946,1.0006333122229258,27.205249383791596,,,,PRICE ONLY,,,,,リアルゲイト,REALGATE INC.,グロース,,不動産業,不動産,True,True,48.10198300283286,35.0,41.8647354834903,BASE,True
6535,2026-10-08,482.0,150165925.0,74,-0.060428849902534165,-0.01519970011126115,-0.08365019011406849,0.6166625946738333,24.312334963574106,,,,PRICE ONLY,,,,,アイモバイル,"i-mobile Co.,Ltd.",プライム,,サービス業,情報通信・サービスその他,True,True,59.88668555240794,35.0,41.857467423417795,BASE,True
9823,2026-10-08,966.0,91690583.96148682,74,-0.039464278073860215,-0.08103022989828534,-0.10707055707778423,0.790825985827879,13.622531822650775,,,,PRICE ONLY,,,,,マミーマートホールディングス,Mammy Mart Holdings Corporation,スタンダード,,小売業,小売,True,True,54.27762039660057,35.0,41.85436706013611,BASE,True
4554,2026-10-08,1748.0,162304678.2196045,74,0.012934215232222712,-0.04745016124932644,-0.23052151620558692,0.9290308394260898,22.465441947533087,,,,PRICE ONLY,,,,,富士製薬工業,"Fuji Pharma Co.,Ltd.",プライム,,医薬品,医薬品,True,True,60.70821529745043,35.0,41.84621532980151,BASE,True
6648,2026-10-08,1618.0,58410399.91760254,74,-0.01694029019963783,-0.10828889686923582,-0.15787895366396965,1.0869565217391304,22.163051357789477,,,,PRICE ONLY,,,,,かわでん,KAWADEN CORPORATION,スタンダード,,電気機器,電機・精密,True,True,48.725212464589234,35.0,41.83906717025497,BASE,True
3611,2026-10-08,2388.0,53832920.0,74,-0.030844155844155896,-0.0682793601248537,-0.10158013544018063,0.9179056237879767,15.14062236279145,,,,PRICE ONLY,,,,,マツオカコーポレーション,MATSUOKA CORPORATION,スタンダード,,繊維製品,素材・化学,True,True,47.45042492917847,35.0,41.810111304150034,BASE,True
2307,2026-10-08,1044.0,55385820.0,74,-0.005714285714285672,0.05030181086519114,-0.04483074107959739,0.4377880184331797,25.39165448845721,,,,PRICE ONLY,,,,,クロスキャット,"CROSS CAT CO.,LTD.",プライム,,情報･通信業,情報通信・サービスその他,True,True,47.84702549575071,35.0,41.80934478957343,BASE,True
4997,2026-10-08,1088.0,461585321.5698242,74,-0.11409774877017875,0.09243695831016785,-0.16766704051892312,0.8499297727518277,29.01500306576829,,,,PRICE ONLY,,,,,日本農薬,"NIHON NOHYAKU CO.,LTD.",プライム,,化学,素材・化学,True,True,74.70254957507082,35.0,41.8051305777076,BASE,True
5943,2026-10-08,2138.0,177355330.0,74,-0.07204861111111116,-0.07083876575402004,-0.1269906084115966,0.8106765983860956,13.488591763216032,,,,PRICE ONLY,,,,,ノーリツ,NORITZ CORPORATION,プライム,,金属製品,建設・資材,True,True,61.813031161473084,35.0,41.72920782911075,BASE,True
3529,2026-10-08,1007.0,55762510.0,74,0.013078470824949617,-0.12889273356401387,-0.12889273356401387,0.7977429711061387,50.52327991764769,,,,PRICE ONLY,,,,,アツギ,"ATSUGI CO.,LTD.",スタンダード,,繊維製品,素材・化学,True,True,47.932011331444755,35.0,41.7236034230215,BASE,True
4375,2026-10-08,653.0,96213600.0,74,-0.03545051698670609,-0.010606060606060619,-0.0684736091298146,0.5343537766745958,34.36091929856838,,,,PRICE ONLY,,,,,セーフィー,Safie Inc.,グロース,,情報･通信業,情報通信・サービスその他,True,True,55.01416430594901,35.0,41.68387658847154,BASE,True
9332,2026-10-08,651.0,68334210.0,74,-0.03840472673559825,0.08319467554076532,-0.05788712011577424,0.6306964955890237,15.831881827888209,,,,PRICE ONLY,,,,,ＮＩＳＳＯホールディングス,"NISSO HOLDINGS Co.,Ltd.",プライム,,サービス業,情報通信・サービスその他,True,True,50.53824362606232,35.0,41.673750946822786,BASE,True
7596,2026-10-08,2096.0,66539411.90673828,74,-0.08822334939124377,-0.07307354493212881,-0.10929380032207792,1.146606803660853,14.500141047296317,,,,PRICE ONLY,,,,,魚力,"UORIKI CO.,LTD.",プライム,,小売業,小売,True,True,50.19830028328612,35.0,41.66638016289559,BASE,True
8101,2026-10-08,2417.0,90771145.0,74,-0.0950954698614751,-0.007799671592775059,-0.13832442067736184,1.1956208585422068,14.460562944278562,,,,PRICE ONLY,,,,,ＧＳＩクレオス,GSI Creos Corporation,プライム,,卸売業,商社・卸売,True,True,54.13597733711049,35.0,41.60156521901008,BASE,True
8699,2026-10-08,1114.0,52148625.0,74,-0.02280701754385961,-0.03549783549783547,-0.062289562289562284,0.6669535283993115,12.04987805985388,,,,PRICE ONLY,,,,,ＨＳホールディングス,"HS Holdings Co.,Ltd.",スタンダード,,証券･商品先物取引業,金融（除く銀行）,True,True,46.827195467422094,35.0,41.56495409737482,BASE,True
5885,2026-10-08,2995.0,90158500.0,74,-0.14428571428571424,0.008417508417508435,-0.14428571428571424,1.4586392559960841,32.882043448653974,,,,PRICE ONLY,,,,,ジーデップ・アドバンス,"GDEP ADVANCE,Inc.",スタンダード,,卸売業,商社・卸売,True,True,54.05099150141643,35.0,41.45775932665175,BASE,True
8349,2026-10-08,1558.0,50854705.94116211,74,-0.06445089834260109,0.12120025391229983,-0.0775431527479894,0.9508356319974038,25.512841903888177,,,,PRICE ONLY,,,,,東北銀行,"THE TOHOKU BANK,LTD.",スタンダード,,銀行業,銀行,True,True,46.43059490084986,35.0,41.454649452668114,BASE,True
6430,2026-10-08,2265.0,113515502.59887695,74,-0.06769572687845327,-0.014193055347613504,-0.10433495994171937,0.7971766659746731,15.363427485752279,,,,PRICE ONLY,,,,,ダイコク電機,"DAIKOKU DENKI CO.,LTD.",プライム,,機械,機械,True,True,56.45892351274787,35.0,41.45393707034693,BASE,True
8929,2026-10-08,1304.0,61323750.0,74,-0.06456241032998566,0.023547880690737877,-0.09065550906555087,0.9286646367986081,21.270296431021595,,,,PRICE ONLY,,,,,青山財産ネットワークス,"Aoyama Zaisan Networks Company,Limited",スタンダード,,不動産業,不動産,True,True,49.20679886685552,35.0,41.432108762750964,BASE,True
8708,2026-10-08,1618.0,274786659.776001,74,-0.0964186231080284,0.05029685622263358,-0.13753400419811568,0.756158936282581,25.6174664404769,,,,PRICE ONLY,,,,,アイザワ証券グループ,"AIZAWA SECURITIES GROUP CO.,LTD.",プライム,,証券･商品先物取引業,金融（除く銀行）,True,True,67.62039660056656,35.0,41.34902620471175,BASE,True
1433,2026-10-08,1194.0,93759730.0,74,-0.06499608457321848,0.06792816053301376,-0.08924485125858128,0.7482602311179212,18.506962404343604,,,,PRICE ONLY,,,,,ベステラ,"BESTERRA CO.,LTD",プライム,,建設業,建設・資材,True,True,54.61756373937677,35.0,41.34254324691393,BASE,True
4801,2026-10-08,2306.0,71277442.62329102,74,-0.04145284998365106,-0.027014543106999467,-0.06421118322689345,0.6064690026954178,9.470242058697616,,,,PRICE ONLY,,,,,セントラルスポーツ,"CENTRAL SPORTS CO.,LTD.",プライム,,サービス業,情報通信・サービスその他,True,True,51.048158640226625,35.0,41.30417819646318,BASE,True
4293,2026-10-08,487.0,176972140.0,74,-0.07238095238095243,-0.010162601626016232,-0.08458646616541354,0.5413165561795381,16.222165774903914,,,,PRICE ONLY,,,,,セプテーニ・ホールディングス,"SEPTENI HOLDINGS CO.,LTD.",スタンダード,,サービス業,情報通信・サービスその他,True,True,61.784702549575066,35.0,41.29454855719858,BASE,True
4222,2026-10-08,623.0,229479895.0,74,-0.14423076923076927,-0.035603715170278605,-0.14423076923076927,1.096722360662881,31.946114964105544,,,,PRICE ONLY,,,,,児玉化学工業,"KODAMA CHEMICAL INDUSTRY CO.,LTD.",スタンダード,,化学,素材・化学,True,True,65.24079320113314,35.0,41.2866099091147,BASE,True
5071,2026-10-08,1375.0,89032265.0,74,-0.010079193664506825,0.011029411764705843,-0.09420289855072461,0.22550979608156738,37.409988130441874,,,,PRICE ONLY,,,,,ヴィス,VIS co.ltd.,スタンダード,,サービス業,情報通信・サービスその他,True,True,53.994334277620396,35.0,41.28455744127101,BASE,True
2410,2026-10-08,2501.0,175611703.76464844,74,-0.08069838269403107,-0.0851424834362241,-0.10883707982462243,0.7048728164266013,16.22320425972528,,,,PRICE ONLY,,,,,キャリアデザインセンター,"CAREER DESIGN CENTER CO.,LTD.",プライム,,サービス業,情報通信・サービスその他,True,True,61.64305949008499,35.0,41.28328103038448,BASE,True
2378,2026-10-08,973.0,63184936.33728027,74,-0.06529758312107281,-0.06080383897486574,-0.09975663164095872,0.9426229508196722,14.114872919654854,,,,PRICE ONLY,,,,,ルネサンス,"RENAISSANCE,INCORPORATED",プライム,,サービス業,情報通信・サービスその他,True,True,49.57507082152974,35.0,41.277826172526304,BASE,True
7897,2026-10-08,112.0,120810720.0,74,0.04672897196261672,0.08737864077669899,-0.17647058823529416,0.18263395705149496,106.58631761721044,,,,PRICE ONLY,,,,,ホクシン,"HOKUSHIN CO.,LTD.",スタンダード,,その他製品,情報通信・サービスその他,True,True,57.45042492917847,35.0,41.249784192621206,BASE,True
4218,2026-10-08,1852.0,57333820.0,74,-0.03541666666666665,-0.02833158447009443,-0.06275303643724695,0.6378056840713814,10.756641945026255,,,,PRICE ONLY,,,,,ニチバン,"NICHIBAN CO.,LTD.",プライム,,化学,素材・化学,True,True,48.38526912181303,35.0,41.234856129199386,BASE,True
9319,2026-10-08,1667.0,53604892.44873047,74,-0.05154208421955675,-0.09629507865623887,-0.10824884886214436,0.9733176707501259,23.881261149411742,,,,PRICE ONLY,,,,,中央倉庫,"Chuo Warehouse Co.,Ltd.",プライム,,倉庫･運輸関連業,運輸・物流,True,True,47.28045325779037,35.0,41.21915417148776,BASE,True
6844,2026-10-08,2996.0,230395310.0,74,-0.024104234527687285,-0.20106666666666662,-0.2832535885167464,1.1385649337813797,30.860940043995466,,,,PRICE ONLY,,,,,新電元工業,"Shindengen Electric Manufacturing Co.,Ltd.",プライム,,電気機器,電機・精密,True,True,65.38243626062324,35.0,41.19427142863793,BASE,True
2975,2026-10-08,1239.0,522536810.0,74,-0.1656565656565656,-0.18860510805500985,-0.23518518518518516,1.2194119129408332,31.6980909370349,,,,PRICE ONLY,,,,,スター・マイカ・ホールディングス,"Star Mica Holdings Co.,Ltd.",プライム,,不動産業,不動産,True,True,76.40226628895184,35.0,41.183014158877405,BASE,True
6630,2026-10-08,772.0,64334750.0,74,-0.016560509554140124,0.058984910836762605,-0.07322929171668668,0.540725921691912,15.891367336461956,,,,PRICE ONLY,,,,,ヤーマン,YA-MAN LTD.,プライム,,電気機器,電機・精密,True,True,49.773371104815865,35.0,41.171296628641656,BASE,True
3193,2026-10-08,1315.0,234206095.0,74,-0.07459535538353268,-0.0576104841673456,-0.12391738840772815,0.6059073152910097,25.740242206681923,,,,PRICE ONLY,,,,,エターナルホスピタリティグループ,"Eternal Hospitality Group Co.,Ltd.",プライム,,小売業,小売,True,True,65.77903682719547,35.0,41.16984311193069,BASE,True
9534,2026-10-08,830.0,233681036.51123047,74,-0.09226899509124942,0.09970544528353398,-0.1123557866664856,0.6363584894978203,21.37912012613403,,,,PRICE ONLY,,,,,北海道瓦斯,"HOKKAIDO GAS CO.,LTD.",プライム,,電気･ガス業,電気・ガス,True,True,65.6657223796034,35.0,41.11998674564063,BASE,True
3591,2026-10-08,3533.0,581272767.3815918,74,-0.13241503449555958,-0.19865921644167628,-0.21638104698420946,0.9843029237049082,22.521223588339343,,,,PRICE ONLY,,,,,ワコールホールディングス,WACOAL HOLDINGS CORP.,プライム,,繊維製品,素材・化学,True,True,77.70538243626063,35.0,41.09029172130743,BASE,True
9072,2026-10-08,4486.0,1403264442.9980469,74,-0.11410058143089197,-0.1666719123856687,-0.3028273980037308,1.0762316394882303,49.47372220815679,,,,PRICE ONLY,,,,,ニッコンホールディングス,"NIKKON Holdings Co.,Ltd.",プライム,,陸運業,運輸・物流,True,True,85.43909348441926,35.0,41.06830973310118,BASE,True
6986,2026-10-08,697.0,379979260.0,74,-0.10869565217391308,0.23144876325088348,-0.15515151515151515,0.7202194202726968,45.69217265720699,,,,PRICE ONLY,,,,,双葉電子工業,FUTABA CORPORATION,プライム,,電気機器,電機・精密,True,True,72.35127478753542,35.0,41.06210925189047,BASE,True
9795,2026-10-08,2161.0,69986648.0847168,74,-0.0419128284088357,-0.024523952318198372,-0.05465451597355053,0.526148969889065,14.094117793937123,,,,PRICE ONLY,,,,,ステップ,"STEP CO.,LTD.",プライム,,サービス業,情報通信・サービスその他,True,True,50.906515580736546,35.0,41.035203696059654,BASE,True
2449,2026-10-08,1160.0,56888730.0,74,0.05454545454545445,0.13460517609166134,-0.13946587537091992,0.5214187010594197,108.31909055432803,,,,PRICE ONLY,,,,,プラップジャパン,"PRAP Japan,Inc.",スタンダード,,サービス業,情報通信・サービスその他,True,True,48.21529745042493,35.0,41.01619689391323,BASE,True
7883,2026-10-08,431.0,54698881.00601196,74,0.07785056129019008,0.11093038302022973,-0.15655577299412915,0.34728765648135684,80.14927395029173,,,,PRICE ONLY,,,,,サンメッセ,"Sun Messe Co.,Ltd.",スタンダード,,その他製品,情報通信・サービスその他,True,True,47.67705382436261,35.0,41.00936738679842,BASE,True
3168,2026-10-08,1215.0,80668725.0,74,-0.03952569169960474,-0.004861772859915625,-0.2271134606366595,1.3008256737809627,30.931788743509674,,,,PRICE ONLY,,,,,ＭＥＲＦ,MERF Inc.,スタンダード,,卸売業,商社・卸売,True,True,52.54957507082153,35.0,41.00525593897856,BASE,True
2209,2026-10-08,2272.0,75737910.0,74,-0.05293872446852854,-0.048576214405360085,-0.07829614604462476,0.6650321789764021,11.582084553256209,,,,PRICE ONLY,,,,,井村屋グループ,"IMURAYA GROUP CO.,LTD.",プライム,,食料品,食品,True,True,51.81303116147309,35.0,40.99601117343268,BASE,True
4813,2026-10-08,362.0,216666945.0,74,-0.16589861751152069,0.046242774566473965,-0.22150537634408607,1.4751756732142687,59.94327271808644,,,,PRICE ONLY,,,,,ＡＣＣＥＳＳ,"ACCESS CO.,LTD.",プライム,,情報･通信業,情報通信・サービスその他,True,True,64.39093484419264,35.0,40.93043339241753,BASE,True
3798,2026-10-08,515.0,118010515.0,74,-0.04629629629629628,-0.05504587155963303,-0.12265758091993184,0.6773868466021119,27.01900240310826,,,,PRICE ONLY,,,,,ＵＬＳグループ,"ULS Group,Inc.",スタンダード,,情報･通信業,情報通信・サービスその他,True,True,57.11048158640226,35.0,40.923859470285635,BASE,True
9715,2026-10-08,3360.0,408157225.0,74,-0.09433962264150941,-0.08196721311475408,-0.14612452350698857,0.5514626685623196,22.373790682897894,,,,PRICE ONLY,,,,,トランス・コスモス,transcosmos inc.,プライム,,サービス業,情報通信・サービスその他,True,True,73.34277620396601,35.0,40.92094847904645,BASE,True
7527,2026-10-08,47.0,60306690.0,74,-0.09615384615384615,-0.04081632653061229,-0.1454545454545455,1.2883375817895473,31.851467495690184,,,,PRICE ONLY,,,,,システムソフト,SystemSoft Corporation,スタンダード,,情報･通信業,情報通信・サービスその他,True,True,48.951841359773375,35.0,40.914833269432776,BASE,True
7590,2026-10-08,395.0,107785110.0,74,-0.005037783375314908,-0.012499999999999956,-0.12416851441241683,0.3507697333496672,60.31640811563817,,,,PRICE ONLY,,,,,タカショー,"TAKASHO CO.,LTD.",スタンダード,,卸売業,商社・卸売,True,True,55.89235127478753,35.0,40.863126677971735,BASE,True
7915,2026-10-08,1102.0,503838060.0,74,-0.08319467554076543,-0.15555555555555556,-0.20890165111270642,0.7136311825313457,31.55544852235525,,,,PRICE ONLY,,,,,ＮＩＳＳＨＡ,"Nissha Co.,Ltd.",プライム,,その他製品,情報通信・サービスその他,True,True,75.72237960339943,35.0,40.819848410232986,BASE,True
6769,2026-10-08,1168.0,77629005.0,74,-0.05882352941176472,0.11238095238095247,-0.11715797430083141,0.8498384604579294,50.698094957986484,,,,PRICE ONLY,,,,,ザインエレクトロニクス,"THine Electronics,Inc.",スタンダード,,電気機器,電機・精密,True,True,52.011331444759215,35.0,40.80293894739575,BASE,True
8818,2026-10-08,950.0,631076308.6529541,74,-0.12972639006539022,-0.1615379676000963,-0.171631266065983,0.6843461690214152,23.464807415760816,,,,PRICE ONLY,,,,,京阪神ビルディング,"Keihanshin Building Co.,Ltd.",プライム,,不動産業,不動産,True,True,78.41359773371104,35.0,40.778773057498576,BASE,True
4406,2026-10-08,226.0,63542545.0,74,-0.07377049180327866,0.12437810945273631,-0.1171875,0.9924515673223515,27.12335551762583,,,,PRICE ONLY,,,,,新日本理化,"New Japan Chemical Co.,Ltd.",スタンダード,,化学,素材・化学,True,True,49.66005665722379,35.0,40.77001116843374,BASE,True
7294,2026-10-08,825.0,80517478.64349365,74,-0.07477644606223488,-0.02085897516601709,-0.11381540076172225,0.8924949290060852,19.842731204177866,,,,PRICE ONLY,,,,,ヨロズ,YOROZU CORPORATION,プライム,,輸送用機器,自動車・輸送機,True,True,52.52124645892351,35.0,40.75097490493553,BASE,True
7409,2026-10-08,1389.0,162269990.0,74,-0.10904425914047466,-0.1236593059936909,-0.2832817337461301,1.6437209302325582,40.19634147274841,,,,PRICE ONLY,,,,,ＡｅｒｏＥｄｇｅ,"AeroEdge Co.,Ltd",グロース,,輸送用機器,自動車・輸送機,True,True,60.67988668555241,35.0,40.70832402138109,BASE,True
9081,2026-10-08,3670.0,82673731.23291016,74,-0.06888886466322641,0.01796377989697051,-0.10049019607843135,0.7802776448061274,19.98701666548898,,,,PRICE ONLY,,,,,神奈川中央交通,"Kanagawa Chuo Kotsu Co.,Ltd.",プライム,,陸運業,運輸・物流,True,True,52.71954674220963,35.0,40.67744881948028,BASE,True
4583,2026-10-08,96.0,183077575.0,74,-0.030303030303030276,0.31506849315068486,-0.1428571428571429,0.22941394555098285,65.96267872183512,,,,PRICE ONLY,,,,,カイオム・バイオサイエンス,Chiome Bioscience Inc.,グロース,,医薬品,医薬品,True,True,62.3229461756374,35.0,40.675628196166436,BASE,True
4575,2026-10-08,759.0,108017630.0,74,-0.014285714285714235,0.1534954407294833,-0.14140271493212675,0.5952612788055825,57.87162594818164,,,,PRICE ONLY,,,,,キャンバス,"CanBas Co.,Ltd.",グロース,,医薬品,医薬品,True,True,55.920679886685555,35.0,40.626684158570015,BASE,True
3853,2026-10-08,1025.0,171488515.0,74,-0.08969804618117228,-0.06221408966148212,-0.21695951107715816,1.1813098528183046,25.947250613624494,,,,PRICE ONLY,,,,,アステリア,ASTERIA Corporation,プライム,,情報･通信業,情報通信・サービスその他,True,True,61.35977337110482,35.0,40.58033180917135,BASE,True
5304,2026-10-08,2313.0,50405599.35546875,74,-0.0943339951971458,-0.029537197915021296,-0.14641387527218397,1.3041289023162135,19.77486275111898,,,,PRICE ONLY,,,,,ＳＥＣカーボン,"SEC CARBON,LIMITED",スタンダード,,ガラス･土石製品,建設・資材,True,True,46.373937677053824,35.0,40.5357446739374,BASE,True
8622,2026-10-08,819.0,303394247.79022217,74,-0.14862180238185474,0.22879324838874515,-0.16397731470442756,0.975784005834462,23.31207936470299,,,,PRICE ONLY,,,,,水戸証券,"Mito Securities Co.,Ltd.",プライム,,証券･商品先物取引業,金融（除く銀行）,True,True,69.3201133144476,35.0,40.50390579699035,BASE,True
7220,2026-10-08,3020.0,2736399033.7683105,74,0.009901424982575513,-0.12144412508301772,-0.3738818885585564,0.5591858371779328,51.79252728053947,,,,PRICE ONLY,,,,,武蔵精密工業,"MUSASHI SEIMITSU INDUSTRY CO.,LTD.",プライム,,輸送用機器,自動車・輸送機,True,True,89.97167138810198,35.0,40.47007971815136,BASE,True
4882,2026-10-08,150.0,176306470.0,74,0.013513513513513598,0.0,-0.19354838709677424,0.2540219352522743,58.678357496383896,,,,PRICE ONLY,,,,,ペルセウスプロテオミクス,Perseus Proteomics Inc.,グロース,,医薬品,医薬品,True,True,61.728045325779036,35.0,40.411464090688256,BASE,True
6099,2026-10-08,697.0,52769055.0,74,-0.0386206896551724,-0.0768211920529801,-0.1330845771144279,0.9096365455151717,15.375248724685106,,,,PRICE ONLY,,,,,エラン,ELAN Corporation,プライム,,サービス業,情報通信・サービスその他,True,True,46.9971671388102,35.0,40.373814186800274,BASE,True
4783,2026-10-08,2385.0,50364395.52612305,74,-0.07767797847786884,-0.014403250454688932,-0.0951060496701649,0.9449610454888163,18.843785094439465,,,,PRICE ONLY,,,,,ＮＣＤ,"NCD Co.,Ltd.",スタンダード,,情報･通信業,情報通信・サービスその他,True,True,46.317280453257794,35.0,40.368528612769715,BASE,True
2168,2026-10-08,1445.0,206481885.0,74,-0.09856519026824706,-0.0598568640208198,-0.17710706150341682,0.9290207317527078,19.477075334213207,,,,PRICE ONLY,,,,,パソナグループ,Pasona Group Inc.,プライム,,サービス業,情報通信・サービスその他,True,True,63.73937677053825,35.0,40.36551325773428,BASE,True
3851,2026-10-08,1380.0,123544000.0,74,-0.07070707070707072,0.6370106761565837,-0.08244680851063835,0.2705061082024433,44.54165078248527,,,,PRICE ONLY,,,,,日本一ソフトウェア,"Nippon Ichi Software,Inc.",スタンダード,,情報･通信業,情報通信・サービスその他,True,True,57.79036827195468,35.0,40.34716709640991,BASE,True
7326,2026-10-08,2078.0,136413715.0,74,-0.04151291512915134,0.0,-0.133805752396832,0.5607928450568045,42.015324803710364,,,,PRICE ONLY,,,,,ＳＢＩインシュアランスグループ,"SBI Insurance Group Co.,Ltd.",グロース,,保険業,金融（除く銀行）,True,True,58.89518413597734,35.0,40.30519270358242,BASE,True
7094,2026-10-08,1805.0,68336073.68774414,74,-0.03207876875865501,0.2997996664917375,-0.08059733416900927,0.4156171284634761,20.74981877178303,,,,PRICE ONLY,,,,,ＮｅｘＴｏｎｅ,NexTone Inc.,グロース,,サービス業,情報通信・サービスその他,True,True,50.56657223796034,35.0,40.28691472965967,BASE,True
4718,2026-10-08,2395.0,137950906.5649414,74,-0.08094357978111855,-0.0035056368417839545,-0.08475994391706532,0.4372555990046214,28.10894375209083,,,,PRICE ONLY,,,,,早稲田アカデミー,"WASEDA ACADEMY CO.,LTD.",プライム,,サービス業,情報通信・サービスその他,True,True,59.093484419263454,35.0,40.18164739976686,BASE,True
5449,2026-10-08,2263.0,66028530.0,74,-0.13361408882082693,-0.08676351896690881,-0.2244688142563399,1.7167721518987342,29.398768582114208,,,,PRICE ONLY,,,,,大阪製鐵,"OSAKA STEEL CO.,LTD.",スタンダード,,鉄鋼,鉄鋼・非鉄,True,True,49.91501416430595,35.0,40.11138338452192,BASE,True
6425,2026-10-08,636.0,137278450.0,74,-0.12995896032831733,-0.05216095380029806,-0.18877551020408168,1.243090404259113,29.8456375833474,,,,PRICE ONLY,,,,,ユニバーサルエンターテインメント,Universal Entertainment Corporation,スタンダード,,機械,機械,True,True,58.95184135977337,35.0,40.046221578888094,BASE,True
7971,2026-10-08,650.0,56600153.488464355,74,-0.07626783965107464,0.008478258996224453,-0.08396557852025899,0.779529901814936,12.387385890672668,,,,PRICE ONLY,,,,,東リ,TOLI Corporation,スタンダード,,化学,素材・化学,True,True,48.1586402266289,35.0,40.04433920557533,BASE,True
7901,2026-10-08,897.0,52170130.0,74,0.03222094361334871,0.1499999999999999,-0.22805507745266784,0.9607173356105893,109.28159606827892,,,,PRICE ONLY,,,,,マツモト,MATSUMOTO INC.,スタンダード,,その他製品,情報通信・サービスその他,True,True,46.85552407932011,35.0,40.028338912323434,BASE,True
4026,2026-10-08,1574.0,114782845.0,74,-0.07411764705882351,0.003826530612244916,-0.08168028004667449,0.42812644973159253,35.96953130741768,,,,PRICE ONLY,,,,,神島化学工業,"Konoshima Chemical Co.,Ltd.",スタンダード,,ガラス･土石製品,建設・資材,True,True,56.57223796033995,35.0,40.01151916281998,BASE,True
4011,2026-10-08,2356.0,114127340.0,74,-0.08255451713395634,0.14535731648031103,-0.0948905109489051,0.6064769381746811,47.295668698908514,,,,PRICE ONLY,,,,,ヘッドウォータース,"Headwaters Co.,Ltd",グロース,,情報･通信業,情報通信・サービスその他,True,True,56.51558073654391,35.0,39.99143735137446,BASE,True
9979,2026-10-08,1004.0,90192880.0,74,-0.03831417624521072,-0.08071813083990975,-0.10828036802984897,0.27917670243047954,22.0993173765483,,,,PRICE ONLY,,,,,大庄,DAISYO CORPORATION,スタンダード,,小売業,小売,True,True,54.079320113314445,35.0,39.87598030471415,BASE,True
6616,2026-10-08,1898.0,167399864.7845459,74,-0.0175472562101604,-0.11466329578098355,-0.26250196014220983,0.9298054296045457,46.69097196350991,,,,PRICE ONLY,,,,,トレックス・セミコンダクター,TOREX SEMICONDUCTOR LTD.,プライム,,電気機器,電機・精密,True,True,61.07648725212464,35.0,39.84059020643744,BASE,True
1435,2026-10-08,167.0,53450935.0,74,-0.06703910614525144,0.024539877300613577,-0.11170212765957444,0.8630090442830101,26.734461418446507,,,,PRICE ONLY,,,,,ｒｏｂｏｔ　ｈｏｍｅ,robot home Inc.,スタンダード,,不動産業,不動産,True,True,47.195467422096314,35.0,39.823208134294546,BASE,True
4978,2026-10-08,128.0,79675680.0,74,-0.14093959731543626,0.007874015748031482,-0.17419354838709677,1.3916813818906586,50.4074957595933,,,,PRICE ONLY,,,,,リプロセル,ReproCELL Incorporated,グロース,,化学,素材・化学,True,True,52.3229461756374,35.0,39.808483836241024,BASE,True
3415,2026-10-08,344.0,134862360.0,74,-0.05494505494505497,-0.18095238095238098,-0.19626168224299068,0.8574292950612072,24.649938905441413,,,,PRICE ONLY,,,,,ＴＯＫＹＯ　ＢＡＳＥ,"TOKYO BASE Co.,Ltd.",プライム,,小売業,小売,True,True,58.753541076487245,35.0,39.76409219707309,BASE,True
8011,2026-10-08,1295.0,274565380.0,74,-0.08221119773210483,-0.045586594611362274,-0.2643062919792726,1.0605017682941302,37.74613996758212,,,,PRICE ONLY,,,,,三陽商会,SANYO SHOKAI LTD.,プライム,,繊維製品,素材・化学,True,True,67.59206798866856,35.0,39.739325070029395,BASE,True
7047,2026-10-08,2141.0,205759360.0,74,-0.02192782092279577,-0.14188376753507015,-0.21199852778800143,0.6127091653606996,29.41086240685121,,,,PRICE ONLY,,,,,ポート,PORT INC.,グロース,,サービス業,情報通信・サービスその他,True,True,63.654390934844194,35.0,39.73336660938665,BASE,True
3791,2026-10-08,1095.0,58894770.0,74,0.05899419729206956,-0.198389458272328,-0.22995780590717296,0.7282913165266106,27.193576410614668,,,,PRICE ONLY,,,,,ＩＧポート,"IG Port,Inc.",スタンダード,,情報･通信業,情報通信・サービスその他,True,True,48.8385269121813,35.0,39.73153413635865,BASE,True
7095,2026-10-08,1130.0,76526135.0,74,-0.10601265822784811,0.018018018018018056,-0.12130637636080865,0.9463384803546858,27.708873597122253,,,,PRICE ONLY,,,,,Ｍａｃｂｅｅ　Ｐｌａｎｅｔ,"Macbee Planet,Inc.",プライム,,サービス業,情報通信・サービスその他,True,True,51.98300283286119,35.0,39.68787063606526,BASE,True
9270,2026-10-08,1840.0,84476380.0,74,-0.09582309582309578,-0.11820295288004667,-0.1992532097806059,1.2381287372493845,23.883289585213312,,,,PRICE ONLY,,,,,バリュエンスホールディングス,Valuence Holdings Inc.,グロース,,卸売業,商社・卸売,True,True,53.08781869688385,35.0,39.670186527330166,BASE,True
3922,2026-10-08,2064.0,73746840.0,74,-0.04621072088724587,-0.16063440422936148,-0.1653861706429438,0.8632466211306496,20.05632671712072,,,,PRICE ONLY,,,,,ＰＲ　ＴＩＭＥＳ,PR TIMES Corporation,プライム,,情報･通信業,情報通信・サービスその他,True,True,51.47308781869688,35.0,39.649700728294846,BASE,True
6703,2026-10-08,2608.0,1643063620.0,74,-0.06790564689063616,-0.2559201141226819,-0.3234760051880674,0.6950091211766727,46.51852012580052,,,,PRICE ONLY,,,,,沖電気工業,"Oki Electric Industry Company,Limited",プライム,,電気機器,電機・精密,True,True,86.40226628895185,35.0,39.63220743220085,BASE,True
2780,2026-10-08,4450.0,363607714.4848633,74,-0.08448088822712696,-0.14202775211101593,-0.19993707370242608,0.6167768053819135,28.59751287006638,,,,PRICE ONLY,,,,,コメ兵ホールディングス,"Komehyo Holdings Co.,Ltd.",スタンダード,,小売業,小売,True,True,71.75637393767705,35.0,39.62820147458449,BASE,True
2933,2026-10-08,1035.0,95177385.0,74,-0.08488063660477452,-0.037209302325581395,-0.09369527145359025,0.6072712744706352,11.608734230853008,,,,PRICE ONLY,,,,,紀文食品,KIBUN FOODS INC.,プライム,,食料品,食品,True,True,54.844192634560905,35.0,39.62154792231103,BASE,True
5698,2026-10-08,681.0,88495790.0,74,-0.09320905459387485,-0.1390644753476612,-0.23910614525139662,1.3877069553861061,23.34977425232739,,,,PRICE ONLY,,,,,エンビプロ・ホールディングス,ENVIPRO HOLDINGS Inc.,スタンダード,,鉄鋼,鉄鋼・非鉄,True,True,53.82436260623229,35.0,39.60908729802678,BASE,True
4078,2026-10-08,3635.0,545065252.7099609,74,-0.03753618945403414,-0.08381990468600087,-0.27297252347329926,0.5717841236573225,34.52874660641523,,,,PRICE ONLY,,,,,堺化学工業,"Sakai Chemical Industry Co.,Ltd.",プライム,,化学,素材・化学,True,True,76.82719546742209,35.0,39.57829498084603,BASE,True
1436,2026-10-08,1705.0,181711345.0,74,-0.07688142934488362,0.21266002844950216,-0.14664664664664662,0.5771705771705772,61.71446330573378,,,,PRICE ONLY,,,,,グリーンエナジー＆カンパニー,GreenEnergy & Company Inc.,グロース,,建設業,建設・資材,True,True,62.20963172804532,35.0,39.4473032665247,BASE,True
6387,2026-10-08,9150.0,1355880200.0,74,0.001094091903719896,-0.21884405327360834,-0.40724342761791643,0.715031635849868,58.92446213059353,,,,PRICE ONLY,,,,,サムコ,SAMCO INC.,プライム,,機械,機械,True,True,85.24079320113314,35.0,39.412071744496146,BASE,True
9227,2026-10-08,771.0,116042625.0,74,-0.08865248226950351,-0.10556844547563804,-0.21246169560776307,1.1045845272206303,18.491329328346715,,,,PRICE ONLY,,,,,マイクロ波化学,"Microwave Chemical Co.,Ltd.",グロース,,サービス業,情報通信・サービスその他,True,True,56.798866855524075,35.0,39.33867524370231,BASE,True
3221,2026-10-08,2861.0,159855986.98608398,74,-0.12063099711020608,-0.12197351442533688,-0.15050611575261175,0.8468097618347545,17.107040857613445,,,,PRICE ONLY,,,,,ヨシックスホールディングス,"Yossix Holdings Co.,Ltd.",プライム,,小売業,小売,True,True,60.62322946175638,35.0,39.30219945122555,BASE,True
3678,2026-10-08,1170.0,51872795.0,74,-0.0714285714285714,-0.13140311804008908,-0.1378039793662491,0.9344674733437163,23.559522759228006,,,,PRICE ONLY,,,,,メディアドゥ,"MEDIA DO Co.,Ltd.",プライム,,情報･通信業,情報通信・サービスその他,True,True,46.742209631728045,35.0,39.21013997025437,BASE,True
6237,2026-10-08,4070.0,195528946.37451172,74,0.011138602676508347,-0.050672643697011965,-0.30834722871641507,0.8517956499747091,32.387354441374114,,,,PRICE ONLY,,,,,イワキ,"IWAKI CO.,LTD.",プライム,,機械,機械,True,True,62.91784702549575,35.0,39.18234089674639,BASE,True
3984,2026-10-08,1491.0,116211790.0,74,-0.04606525911708248,-0.15667420814479638,-0.19055374592833874,0.7488792069205026,22.464846982609174,,,,PRICE ONLY,,,,,ユーザーローカル,"User Local,Inc.",プライム,,情報･通信業,情報通信・サービスその他,True,True,56.8271954674221,35.0,39.145113893888215,BASE,True
7685,2026-10-08,2731.0,1295905315.0,74,-0.1288676236044657,-0.23394109396914442,-0.2538251366120219,0.6382931584544488,47.00389653276332,,,,PRICE ONLY,,,,,ＢｕｙＳｅｌｌ　Ｔｅｃｈｎｏｌｏｇｉｅｓ,"BuySell Technologies Co.,Ltd.",グロース,,卸売業,商社・卸売,True,True,84.84419263456091,35.0,39.116014595993256,BASE,True
4058,2026-10-08,2194.0,57371000.0,74,-0.05796479175611846,0.045259647451167284,-0.15420200462606015,0.8768585589020206,38.176052767998364,,,,PRICE ONLY,,,,,トヨクモ,"Toyokumo,Inc.",グロース,,情報･通信業,情報通信・サービスその他,True,True,48.41359773371105,35.0,39.089037643151336,BASE,True
4572,2026-10-08,361.0,69917550.0,74,-0.1701149425287356,0.03735632183908044,-0.20659340659340664,1.524277811923786,54.966046675856774,,,,PRICE ONLY,,,,,カルナバイオサイエンス,"Carna Biosciences,Inc.",グロース,,医薬品,医薬品,True,True,50.849858356940516,35.0,39.03420470326096,BASE,True
2585,2026-10-08,1282.0,781874920.0,74,-0.14817275747508307,-0.1631853785900783,-0.28259653049804145,0.9902548271896374,40.3871559065973,,,,PRICE ONLY,,,,,ライフドリンク　カンパニー,"LIFEDRINK COMPANY,INC.",プライム,,食料品,食品,True,True,80.22662889518413,35.0,38.94195236758807,BASE,True
9166,2026-10-08,643.0,758324225.0,74,-0.13225371120107965,0.1318385347666422,-0.1982543640897756,0.4868489002864596,38.090796709924426,,,,PRICE ONLY,,,,,ＧＥＮＤＡ,GENDA Inc.,グロース,,サービス業,情報通信・サービスその他,True,True,79.97167138810198,35.0,38.909511632094244,BASE,True
6619,2026-10-08,149.0,307361630.0,74,-0.11834319526627224,-0.138728323699422,-0.23589743589743595,0.8804534443425293,50.911021969800316,,,,PRICE ONLY,,,,,ダブル・スコープ,W-SCOPE Corporation,プライム,,電気機器,電機・精密,True,True,69.68838526912181,35.0,38.6427428450738,BASE,True
8237,2026-10-08,2131.0,541144590.0,74,-0.03356009070294785,0.22713858334878045,-0.2964674810168373,0.5205652982858953,36.063800457565506,,,,PRICE ONLY,,,,,松屋,"MATSUYA CO.,LTD.",プライム,,小売業,小売,True,True,76.74220963172804,35.0,38.59257624348425,BASE,True
3810,2026-10-08,178.0,83067465.0,74,0.028901734104046284,-0.048128342245989275,-0.2674897119341564,0.7487544176294487,31.80044333248598,,,,PRICE ONLY,,,,,サイバーステップホールディングス,"CyberStep Holdings,Inc.",スタンダード,,情報･通信業,情報通信・サービスその他,True,True,52.804532577903686,35.0,38.409627402627144,BASE,True
3854,2026-10-08,2087.0,301408195.0,74,-0.10659246575342463,-0.1370733090038675,-0.17607579944729568,0.4801920768307323,32.51141141526418,,,,PRICE ONLY,,,,,アイル,I'LL INC,プライム,,情報･通信業,情報通信・サービスその他,True,True,69.23512747875354,35.0,38.36282033073904,BASE,True
3561,2026-10-08,1366.0,184887014.69543457,74,-0.10464193068752792,-0.1115737061108032,-0.20216640422215537,0.8197041258441001,16.40924139498615,,,,PRICE ONLY,,,,,力の源ホールディングス,"CHIKARANOMOTO HOLDINGS Co.,Ltd.",プライム,,小売業,小売,True,True,62.40793201133145,35.0,38.34767290900595,BASE,True
9405,2026-10-08,781.0,79036894.98443604,74,-0.09816195909221803,-0.031687353443805244,-0.11536871723699293,0.6609392294312971,24.571395112515148,,,,PRICE ONLY,,,,,朝日放送グループホールディングス,ASAHI BROADCASTING GROUP HOLDINGS CORPORATION,プライム,,情報･通信業,情報通信・サービスその他,True,True,52.20963172804532,35.0,38.29267549131083,BASE,True
5852,2026-10-08,617.0,72074313.4576416,74,-0.0935417099319985,-0.12641184569431785,-0.14780586054770783,0.8230941396793495,15.505381262036957,,,,PRICE ONLY,,,,,アーレスティ,AHRESTY CORPORATION,プライム,,非鉄金属,鉄鋼・非鉄,True,True,51.18980169971672,35.0,38.27394360566998,BASE,True
4082,2026-10-08,2082.0,762454284.1491699,74,-0.1925004436200991,0.06911289251906871,-0.30151292539918295,0.9936978274089225,34.71729805704602,,,,PRICE ONLY,,,,,第一稀元素化学工業,"DAIICHI KIGENSO KAGAKU-KOGYO CO.,LTD",プライム,,化学,素材・化学,True,True,80.0,35.0,38.24214877391937,BASE,True
6625,2026-10-08,335.0,130727640.0,74,-0.11375661375661372,-0.020467836257309968,-0.1540404040404041,0.73828125,20.031681576292723,,,,PRICE ONLY,,,,,ＪＡＬＣＯホールディングス,JALCO Holdings Inc.,スタンダード,,不動産業,不動産,True,True,58.30028328611898,35.0,38.23491557806486,BASE,True
8917,2026-10-08,1061.0,57600790.0,74,-0.07174103237095364,-0.0627208480565371,-0.09005145797598624,0.4248046875,23.71257750262981,,,,PRICE ONLY,,,,,ファースト住建,"First Juken Co.,Ltd.",スタンダード,,不動産業,不動産,True,True,48.4985835694051,35.0,38.206208934085915,BASE,True
2998,2026-10-08,438.0,67865145.0,74,-0.22614840989399299,-0.17514124293785316,-0.24612736660929435,1.6046395514076122,37.67218194061833,,,,PRICE ONLY,,,,,クリアル,CREAL Inc.,グロース,,不動産業,不動産,True,True,50.42492917847026,35.0,38.20011009694274,BASE,True
4169,2026-10-08,258.0,88818680.0,74,-0.03731343283582089,0.270935960591133,-0.2344213649851632,0.8577060204643613,48.66156900737742,,,,PRICE ONLY,,,,,ＥＮＥＣＨＡＮＧＥ,ENECHANGE Ltd.,グロース,,情報･通信業,情報通信・サービスその他,True,True,53.93767705382436,35.0,38.16708729747181,BASE,True
7719,2026-10-08,470.0,156986775.0,74,-0.10646387832699622,0.1325301204819278,-0.15162454873646214,0.6101482495341436,68.30225491727163,,,,PRICE ONLY,,,,,東京衡機,TOKYO KOKI CO.LTD.,スタンダード,,精密機器,電機・精密,True,True,60.50991501416431,35.0,38.1511738612475,BASE,True
4691,2026-10-08,1898.0,119710190.0,74,-0.17117903930131007,-0.2617658498638662,-0.3746293245469522,2.045351060923413,32.91092422371039,,,,PRICE ONLY,,,,,ワシントンホテル,WASHINGTON HOTEL CORPORATION,スタンダード,,サービス業,情報通信・サービスその他,True,True,57.30878186968839,35.0,38.03630332616173,BASE,True
3548,2026-10-08,632.0,102676325.0,74,-0.09325681492109039,-0.15508021390374327,-0.15733333333333333,0.6950665719316672,15.201930198790759,,,,PRICE ONLY,,,,,バロックジャパンリミテッド,BAROQUE JAPAN LIMITED,プライム,,小売業,小売,True,True,55.38243626062322,35.0,37.959078362945995,BASE,True
3300,2026-10-08,1810.0,79653845.0,74,-0.006040637012630468,-0.13355672570607946,-0.2109851787271142,0.5952243626715884,16.43583572295776,,,,PRICE ONLY,,,,,アンビション　ＤＸ　ホールディングス,"AMBITION DX HOLDINGS Co.,Ltd.",グロース,,不動産業,不動産,True,True,52.29461756373938,35.0,37.9224838767323,BASE,True
9644,2026-10-08,672.0,71738302.05627441,74,-0.09087299922745184,-0.10865251759229722,-0.12574995795518806,0.6390827517447657,21.4953551603294,,,,PRICE ONLY,,,,,タナベコンサルティンググループ,"TANABE CONSULTING GROUP CO.,LTD.",プライム,,サービス業,情報通信・サービスその他,True,True,51.10481586402267,35.0,37.83851933928482,BASE,True
5889,2026-10-08,2148.0,501391285.0,74,-0.1906556141672946,-0.10192364265367837,-0.2082565425727977,0.6063132541281642,35.71180015924057,,,,PRICE ONLY,,,,,Ｊａｐａｎ　Ｅｙｅｗｅａｒ　Ｈｏｌｄｉｎｇｓ,"Japan Eyewear Holdings Co.,Ltd.",プライム,,小売業,小売,True,True,75.69405099150141,35.0,37.829227592205456,BASE,True
7119,2026-10-08,1875.0,69033507.04650879,74,-0.019997724812426232,0.11439924992804662,-0.17103134494551475,0.28922631959508316,45.845329319896194,,,,PRICE ONLY,,,,,ハルメクホールディングス,"halmek holdings Co.,Ltd.",グロース,,小売業,小売,True,True,50.76487252124646,35.0,37.80167665709402,BASE,True
7823,2026-10-08,762.0,61108798.21166992,74,-0.07051958879120868,-0.10486532621925693,-0.14720939504885033,0.6817441178387539,11.73297401352706,,,,PRICE ONLY,,,,,アートネイチャー,ARTNATURE INC.,スタンダード,,その他製品,情報通信・サービスその他,True,True,49.17847025495751,35.0,37.738058834177934,BASE,True
3983,2026-10-08,1904.0,71778820.0,74,-0.03054989816700615,-0.10986442262739593,-0.16600963644327638,0.49752445356840963,18.444263799686038,,,,PRICE ONLY,,,,,オロ,"ORO Co.,Ltd.",プライム,,情報･通信業,情報通信・サービスその他,True,True,51.1614730878187,35.0,37.68241349600276,BASE,True
2484,2026-10-08,145.0,63121280.0,74,-0.039735099337748325,0.1693548387096775,-0.21621621621621623,0.8404448757850586,37.295438035289834,,,,PRICE ONLY,,,,,出前館,"DEMAE-CAN CO.,LTD",スタンダード,,情報･通信業,情報通信・サービスその他,True,True,49.51841359773371,35.0,37.67679907760207,BASE,True
2652,2026-10-08,414.0,68307940.02502441,74,-0.04597702361921985,-0.06950670923291857,-0.14609053990105303,0.2807209840457922,28.90528651716756,,,,PRICE ONLY,,,,,まんだらけ,MANDARAKE INC.,スタンダード,,小売業,小売,True,True,50.50991501416431,35.0,37.67054250338967,BASE,True
3657,2026-10-08,324.0,124443385.0,74,-0.10497237569060769,0.014701020690498945,-0.17766497461928932,0.7346755482374073,32.6221473484118,,,,PRICE ONLY,,,,,ポールトゥウィンホールディングス,"Pole To Win Holdings,Inc.",プライム,,情報･通信業,情報通信・サービスその他,True,True,57.903682719546744,35.0,37.664932785734806,BASE,True
2938,2026-10-08,1218.0,67915960.0,74,-0.02948207171314743,-0.04245283018867929,-0.20688476564052494,0.6914212548015365,23.558369421618394,,,,PRICE ONLY,,,,,オカムラ食品工業,"Okamura Foods Co.,Ltd.",スタンダード,,食料品,食品,True,True,50.45325779036827,35.0,37.52508162898273,BASE,True
9467,2026-10-08,1035.0,95851780.0,74,-0.07671721677074039,0.021717670286278468,-0.18695993715632364,0.6907310775189628,15.55475025780292,,,,PRICE ONLY,,,,,アルファポリス,"AlphaPolis Co.,Ltd.",グロース,,情報･通信業,情報通信・サービスその他,True,True,54.98583569405099,35.0,37.4550622658831,BASE,True
3491,2026-10-08,1286.0,406839625.0,74,-0.18193384223918574,-0.056493030080704276,-0.19625000000000004,0.5570893314928022,50.02737344205169,,,,PRICE ONLY,,,,,ＧＡ　ｔｅｃｈｎｏｌｏｇｉｅｓ,"GAtechnologies Co.,Ltd.",グロース,,不動産業,不動産,True,True,73.25779036827196,35.0,37.40402861693973,BASE,True
8920,2026-10-08,662.0,53930592.955322266,74,-0.06996911903944036,-0.13510747993286087,-0.1526911033178311,0.6979798611545438,18.889102104556404,,,,PRICE ONLY,,,,,東祥,"TOSHO CO.,LTD.",スタンダード,,サービス業,情報通信・サービスその他,True,True,47.507082152974505,35.0,37.35273723244344,BASE,True
6464,2026-10-08,310.0,87064800.0,74,-0.13888888888888884,-0.22499999999999998,-0.2723004694835681,1.4523271061783767,28.27965974285396,,,,PRICE ONLY,,,,,ツバキ・ナカシマ,"TSUBAKI NAKASHIMA CO.,LTD.",プライム,,機械,機械,True,True,53.51274787535411,35.0,37.33258407232975,BASE,True
2983,2026-10-08,1523.0,94814075.0,74,-0.1390616167326173,0.02635402686151056,-0.16134361233480177,0.8589822735690978,29.921272963660396,,,,PRICE ONLY,,,,,アールプランナー,"Arr Planner Co.,Ltd.",グロース,,不動産業,不動産,True,True,54.787535410764875,35.0,37.232085121852364,BASE,True
6081,2026-10-08,143.0,195669885.0,74,-0.10624999999999996,-0.08917197452229297,-0.17341040462427748,0.17983463015257095,59.04883958355542,,,,PRICE ONLY,,,,,アライドアーキテクツ,"Allied Architects,Inc.",グロース,,サービス業,情報通信・サービスその他,True,True,62.97450424929178,35.0,37.20906269956934,BASE,True
3186,2026-10-08,2632.0,2478433345.0,74,-0.19263803680981595,-0.26990291262135924,-0.3627118644067797,0.8191514027359147,32.21932458480292,,,,PRICE ONLY,,,,,ネクステージ,"NEXTAGE Co.,Ltd.",プライム,,小売業,小売,True,True,89.34844192634561,35.0,36.959228810288224,BASE,True
7373,2026-10-08,840.0,51764380.0,74,-0.09580193756727662,-0.29774530408605593,-0.3094961835186325,1.5457809694793536,16.181481352696647,,,,PRICE ONLY,,,,,アイドマ・ホールディングス,"Aidma Holdings,Inc.",グロース,,サービス業,情報通信・サービスその他,True,True,46.65722379603399,35.0,36.852911208121256,BASE,True
4275,2026-10-08,1808.0,344137630.0,74,-0.09100050276520866,-0.23389830508474574,-0.3167044595616024,0.8089237986145202,39.094827786761016,,,,PRICE ONLY,,,,,カーリット,"Carlit Co.,Ltd.",プライム,,化学,素材・化学,True,True,71.07648725212464,35.0,36.75473441062916,BASE,True
5287,2026-10-08,822.0,111855080.0,74,-0.0680272108843537,0.0024390243902439046,-0.18694362017804156,0.17995735607675906,72.88849275835231,,,,PRICE ONLY,,,,,イトーヨーギョー,"ITO YOGYO CO.,LTD.",スタンダード,,ガラス･土石製品,建設・資材,True,True,56.34560906515581,35.0,36.753949784066975,BASE,True
6176,2026-10-08,967.0,153574232.45300293,74,-0.13853643725664955,0.086597705524607,-0.13853643725664955,0.29615987655857245,28.083296829321963,,,,PRICE ONLY,,,,,ブランジスタ,Brangista Inc.,スタンダード,,サービス業,情報通信・サービスその他,True,True,60.28328611898017,35.0,36.6972594498698,BASE,True
4548,2026-10-08,570.0,359670484.71313477,74,-0.17801418914137423,-0.19401949429445808,-0.23649538457614194,0.6635112249772026,43.442523796281506,,,,PRICE ONLY,,,,,生化学工業,SEIKAGAKU CORPORATION,プライム,,医薬品,医薬品,True,True,71.64305949008498,35.0,36.48258673247373,BASE,True
8065,2026-10-08,2912.0,521942669.1125488,74,-0.1613676323980464,-0.03097471454195344,-0.25990695003135644,0.6273503775180014,42.33057405140494,,,,PRICE ONLY,,,,,佐藤商事,SATO SHO-JI CORPORATION,プライム,,卸売業,商社・卸売,True,True,76.37393767705383,35.0,36.42681417617836,BASE,True
4316,2026-09-30,42.0,109290945.0,68,-0.5841584158415842,-0.6666666666666667,-0.6888888888888889,1.9083179504391117,166.89202263530342,,,,PRICE ONLY,,,,,ビーマップ,"BeMap,Inc.",グロース,,情報･通信業,情報通信・サービスその他,True,True,56.09065155807366,35.0,36.35691664787548,BASE,True
5724,2026-10-08,2701.0,146173256.47338867,74,-0.17055125639416802,0.11446508366424069,-0.22734657603846753,0.9516573273815178,44.17095334325516,,,,PRICE ONLY,,,,,アサカ理研,"Asaka Riken Co.,Ltd.",スタンダード,,非鉄金属,鉄鋼・非鉄,True,True,59.63172804532578,35.0,36.298630737025086,BASE,True
2354,2026-10-08,1145.0,603076750.0,74,-0.1959269662921348,0.40219671765263487,-0.27699234785863525,0.6119270370563947,37.893473249840575,,,,PRICE ONLY,,,,,ＹＥ　ＤＩＧＩＴＡＬ,YE DIGITAL Corporation,スタンダード,,情報･通信業,情報通信・サービスその他,True,True,77.98866855524079,35.0,36.091662652685145,BASE,True
5707,2026-10-08,849.0,402129565.0,74,-0.16272189349112431,0.08567774936061379,-0.31087662337662336,0.9172549473440574,41.483666496049004,,,,PRICE ONLY,,,,,東邦亜鉛,"Toho Zinc Co.,Ltd.",プライム,,非鉄金属,鉄鋼・非鉄,True,True,73.11614730878186,35.0,36.051438850976496,BASE,True
4446,2026-10-08,709.0,240219115.0,74,-0.15089820359281436,-0.17076023391812867,-0.23763440860215057,0.7639796185001306,85.4806685510822,,,,PRICE ONLY,,,,,Ｌｉｎｋ−Ｕグループ,Link-U Group Inc.,スタンダード,,情報･通信業,情報通信・サービスその他,True,True,66.03399433427762,35.0,35.99354471061984,BASE,True
6997,2026-10-08,2247.0,2874969025.0,74,-0.21761838440111425,-0.4267857142857143,-0.624247491638796,0.8063552795254197,67.40342966154454,,,,PRICE ONLY,,,,,日本ケミコン,NIPPON CHEMI-CON CORPORATION,プライム,,電気機器,電機・精密,True,True,90.36827195467421,35.0,35.86602292110431,BASE,True
1844,2026-10-08,419.0,82960605.0,74,-0.11789473684210527,-0.1465979790910229,-0.17923285385179666,0.6909255795499631,24.465323227468026,,,,PRICE ONLY,,,,,大盛工業,"OHMORI CO.,LTD.",スタンダード,,建設業,建設・資材,True,True,52.77620396600567,35.0,35.85376211971674,BASE,True
4594,2026-10-08,43.0,115073465.0,74,-0.17307692307692313,-0.12244897959183676,-0.29508196721311475,1.3041627862729193,77.68651850493782,,,,PRICE ONLY,,,,,ブライトパス・バイオ,"BrightPath Biotherapeutics Co.,Ltd.",グロース,,医薬品,医薬品,True,True,56.657223796033996,35.0,35.852366066600034,BASE,True
2667,2026-10-08,103.0,73847770.0,74,0.01980198019801982,-0.20155038759689925,-0.2847222222222222,0.4200469007478768,91.60356629054341,,,,PRICE ONLY,,,,,イメージ　ワン,"ImageONE Co.,Ltd.",スタンダード,,卸売業,商社・卸売,True,True,51.5014164305949,35.0,35.618593242114585,BASE,True
3907,2026-10-08,1740.0,608084760.0,74,-0.161849710982659,0.9705549263873159,-0.33965844402277034,0.8323377140581442,70.33760741844503,,,,PRICE ONLY,,,,,シリコンスタジオ,Silicon Studio Corp.,スタンダード,,情報･通信業,情報通信・サービスその他,True,True,78.07365439093485,35.0,35.54141620783456,BASE,True
6083,2026-10-08,1415.0,146385530.0,74,-0.12923076923076926,0.029839883551673996,-0.19510807736063707,0.561537272680439,62.08602342705446,,,,PRICE ONLY,,,,,ＥＲＩホールディングス,"ERI HOLDINGS CO.,LTD.",スタンダード,,サービス業,情報通信・サービスその他,True,True,59.68838526912181,35.0,35.46900093622783,BASE,True
5074,2026-10-08,510.0,488390750.0,74,-0.1747572815533981,-0.3494897959183674,-0.5729227425140959,1.1880839262576437,27.160927915924375,,,,PRICE ONLY,,,,,テスホールディングス,"TESS Holdings Co.,Ltd.",プライム,,建設業,建設・資材,True,True,75.3541076487252,35.0,35.408047704796,BASE,True
2321,2026-10-08,136.0,223967590.0,74,-0.04225352112676062,-0.03546099290780147,-0.30964467005076146,0.08690168636465347,148.46151631227937,,,,PRICE ONLY,,,,,ソフトフロントホールディングス,Softfront Holdings,グロース,,情報･通信業,情報通信・サービスその他,True,True,64.90084985835695,35.0,35.360883184961274,BASE,True
7354,2026-10-08,355.0,132007005.0,74,-0.1567695961995249,0.0,-0.1567695961995249,0.31609269308916954,36.8420714031022,,,,PRICE ONLY,,,,,ダイレクトマーケティングミックス,Direct Marketing MiX Inc.,スタンダード,,サービス業,情報通信・サービスその他,True,True,58.41359773371105,35.0,35.33770767025766,BASE,True
6045,2026-10-08,2035.0,58119281.00830078,74,-0.07025044820693249,0.3007042068902668,-0.18107662306108496,0.24263431542461006,82.6843625949531,,,,PRICE ONLY,,,,,レントラックス,"Rentracks CO.,LTD.",グロース,,サービス業,情報通信・サービスその他,True,True,48.640226628895185,35.0,35.32732542348466,BASE,True
8844,2026-10-08,1158.0,62371885.81115723,74,-0.05820327911558831,-0.16359320540095446,-0.20279976620994133,0.49284428016301773,18.36543516914406,,,,PRICE ONLY,,,,,コスモスイニシア,"COSMOS INITIA Co.,Ltd.",スタンダード,,不動産業,不動産,True,True,49.376770538243626,35.0,35.181677850434035,BASE,True
7957,2026-10-08,2028.0,222181605.0,74,-0.22447418738049718,0.11612548156301594,-0.23442808607021515,0.6465719194127753,35.06974183416405,,,,PRICE ONLY,,,,,フジコピアン,"FUJICOPIAN CO.,LTD.",スタンダード,,その他製品,情報通信・サービスその他,True,True,64.73087818696884,35.0,35.05440896953028,BASE,True
4346,2026-10-08,836.0,92623424.57977295,74,-0.19402075900433224,0.013637421560164231,-0.19402075900433224,0.7431453828097687,31.291230782373464,,,,PRICE ONLY,,,,,ＮＥＸＹＺ．Ｇｒｏｕｐ,NEXYZ.Group Corporation,スタンダード,,その他金融業,金融（除く銀行）,True,True,54.3342776203966,35.0,34.93215007517032,BASE,True
4935,2026-10-08,184.0,735866415.0,74,-0.10679611650485432,-0.4285714285714286,-0.551219512195122,0.7418580934842738,194.57806747771707,,,,PRICE ONLY,,,,,リベルタ,"LIBERTA CO.,LTD.",スタンダード,,化学,素材・化学,True,True,79.8583569405099,35.0,34.815334683545,BASE,True
4425,2026-10-08,1351.0,215970365.0,74,-0.13674121405750794,-0.28138297872340423,-0.3845102505694761,1.2848998208177227,31.08906264006664,,,,PRICE ONLY,,,,,Ｋｕｄａｎ,Kudan Inc.,グロース,,情報･通信業,情報通信・サービスその他,True,True,64.33427762039659,35.0,34.807524799289226,BASE,True
7063,2026-10-08,53.0,61884070.0,74,-0.3614457831325302,-0.3764705882352941,-0.5508474576271186,1.8760681673909858,47.91996598715757,,,,PRICE ONLY,,,,,Ｂｉｒｄｍａｎ,Birdman Inc.,グロース,,サービス業,情報通信・サービスその他,True,True,49.29178470254957,35.0,34.78214472311649,BASE,True
4392,2026-10-08,853.0,898718075.0,74,-0.18606870229007633,-0.1929990539262062,-0.39201710620099783,0.849284727302284,41.44763674930324,,,,PRICE ONLY,,,,,ＦＩＧ,"Future Innovation Group,Inc.",プライム,,情報･通信業,情報通信・サービスその他,True,True,81.58640226628894,35.0,34.65528935040726,BASE,True
6232,2026-10-08,1200.0,1249763775.0,74,-0.180327868852459,-0.3071593533487298,-0.40505701536936045,0.7803078077686804,54.9043522169378,,,,PRICE ONLY,,,,,ＡＣＳＬ,ACSL Ltd.,グロース,,機械,機械,True,True,84.47592067988668,35.0,34.51390285443521,BASE,True
4651,2026-10-08,236.0,55828675.0,74,-0.13868613138686137,-0.032786885245901676,-0.18055555555555558,0.7471048120740834,30.64611688102799,,,,PRICE ONLY,,,,,サニックスホールディングス,SANIX HOLDINGS INCORPORATED,スタンダード,,サービス業,情報通信・サービスその他,True,True,47.96033994334278,35.0,34.5092819136764,BASE,True
8995,2026-10-08,1715.0,859455730.0,74,-0.16259765625,1.099143206854345,-0.32692307692307687,0.20059856022001132,181.3076258147872,,,,PRICE ONLY,,,,,誠建設工業,"Makoto Construction CO,Ltd",スタンダード,,不動産業,不動産,True,True,81.16147308781869,35.0,34.35729461756374,BASE,True
3070,2026-10-08,39.0,66591760.0,74,-0.417910447761194,-0.5,-0.5411764705882354,1.774412983978104,93.84378157401466,,,,PRICE ONLY,,,,,ジェリービーンズグループ,"JELLY BEANS GROUP Co.,Ltd.",グロース,,卸売業,商社・卸売,True,True,50.226628895184135,35.0,34.29141233889086,BASE,True
3653,2026-10-08,939.0,2019021405.0,74,-0.23409461663947795,0.514516129032258,-0.3697986577181208,0.09835063329833468,100.78819799818264,,,,PRICE ONLY,,,,,モルフォ,"Morpho,Inc.",グロース,,情報･通信業,情報通信・サービスその他,True,True,87.70538243626062,35.0,34.272620111413204,BASE,True
5597,2026-10-08,1259.0,58722460.0,74,-0.13767123287671235,-0.06740740740740736,-0.15275908479138622,0.5393297148272594,29.0540967786783,,,,PRICE ONLY,,,,,ブルーイノベーション,"Blue innovation Co.,Ltd.",グロース,,情報･通信業,情報通信・サービスその他,True,True,48.81019830028329,35.0,34.23226809026915,BASE,True
6336,2026-10-08,1585.0,249835210.0,74,-0.18550873586844807,-0.13340623291416076,-0.24090038314176243,0.4278206349694194,88.1939726255263,,,,PRICE ONLY,,,,,石井表記,"ISHII HYOKI CO.,LTD.",スタンダード,,機械,機械,True,True,66.37393767705383,35.0,34.19552508330349,BASE,True
6838,2026-10-08,1394.0,323544320.0,74,-0.10869565217391308,-0.08590163934426231,-0.344,0.6417229581542241,49.48085153127608,,,,PRICE ONLY,,,,,多摩川ホールディングス,"TAMAGAWA HOLDINGS CO.,LTD.",スタンダード,,電気機器,電機・精密,True,True,70.3399433427762,35.0,33.99895745790638,BASE,True
9115,2026-10-08,1007.0,94321540.0,74,-0.08786231884057971,0.19171597633136095,-0.24114544084400902,0.45900510643180903,37.58070243884794,,,,PRICE ONLY,,,,,明海グループ,"Meiji Shipping Group Co.,Ltd.",スタンダード,,海運業,運輸・物流,True,True,54.702549575070826,35.0,33.98371787019257,BASE,True
5132,2026-10-08,1835.0,78333085.0,74,-0.1601830663615561,-0.016613076098606627,-0.1601830663615561,0.463093559003291,45.95822294254289,,,,PRICE ONLY,,,,,ｐｌｕｓｚｅｒｏ,"pluszero,Inc.",グロース,,情報･通信業,情報通信・サービスその他,True,True,52.09631728045325,35.0,33.96331379934008,BASE,True
6522,2026-10-08,1046.0,825890810.0,74,-0.3875878220140515,-0.44947368421052636,-0.592520451889365,0.8111209854454927,55.192992678717914,,,,PRICE ONLY,,,,,アスタリスク,Asterisk Inc.,グロース,,電気機器,電機・精密,True,True,80.62322946175638,35.0,33.94878579532123,BASE,True
6740,2026-10-08,40.0,714854395.0,74,-0.14893617021276595,-0.19999999999999996,-0.33333333333333337,0.4884980234047737,60.49502239131911,,,,PRICE ONLY,,,,,ジャパンディスプレイ,Japan Display Inc.,プライム,,電気機器,電機・精密,True,True,79.68838526912181,35.0,33.89081788462477,BASE,True
4833,2026-10-08,50.0,115582695.0,74,-0.1228070175438597,0.04166666666666674,-0.2857142857142857,0.8176790855448819,91.45448441954981,,,,PRICE ONLY,,,,,Ｄｅｆ　ｃｏｎｓｕｌｔｉｎｇ,"Def consulting,inc.",グロース,,サービス業,情報通信・サービスその他,True,True,56.742209631728045,35.0,33.8629190379982,BASE,True
6659,2026-10-08,38.0,174785475.0,74,-0.2549019607843137,-0.3214285714285714,-0.4933333333333333,1.2701122199558115,52.387548266377095,,,,PRICE ONLY,,,,,メディアリンクス,"MEDIA LINKS CO.,LTD.",スタンダード,,電気機器,電機・精密,True,True,61.55807365439093,35.0,33.195696197250264,BASE,True
4263,2026-10-08,398.0,60780320.0,74,-0.014851485148514865,-0.42816091954022983,-0.5409457900807382,0.9429642655695278,27.87091454718238,,,,PRICE ONLY,,,,,サスメド,"SUSMED,Inc.",グロース,,情報･通信業,情報通信・サービスその他,True,True,49.06515580736544,35.0,33.14978963160658,BASE,True
4370,2026-10-08,353.0,66627150.0,74,-0.09254498714652959,0.1387096774193548,-0.23593073593073588,0.21072562912289275,93.370609531031,,,,PRICE ONLY,,,,,モビルス,Mobilus Corporation,グロース,,情報･通信業,情報通信・サービスその他,True,True,50.25495750708215,35.0,33.10312873864365,BASE,True
3306,2026-10-08,559.0,50374975.0,74,-0.21927374301675973,-0.16567164179104477,-0.35747126436781607,1.4802896218825423,73.14703621017401,,,,PRICE ONLY,,,,,日本製麻,"THE NIHON SEIMA CO.,LTD.",スタンダード,,卸売業,商社・卸売,True,True,46.345609065155806,35.0,32.93656986696075,BASE,True
8105,2026-10-08,63.0,86699845.0,74,-0.23170731707317072,-0.5467625899280575,-0.64,1.4669887916353124,43.067167720510405,,,,PRICE ONLY,,,,,Ｂｉｔｃｏｉｎ　Ｊａｐａｎ,Bitcoin Japan Corporation,スタンダード,,卸売業,商社・卸売,True,True,53.42776203966005,35.0,32.88214435216743,BASE,True
7035,2026-10-08,217.0,57470915.0,74,-0.06866952789699576,-0.11065573770491799,-0.2568493150684932,0.11084156756010492,46.3606414890703,,,,PRICE ONLY,,,,,ａｎｄ　ｆａｃｔｏｒｙ,"and factory,inc",スタンダード,,サービス業,情報通信・サービスその他,True,True,48.44192634560906,35.0,32.87925585864165,BASE,True
4889,2026-10-08,1020.0,248332130.0,74,-0.1435768261964736,-0.2980041293874742,-0.40697674418604646,1.0359833419119366,37.114608496903486,,,,PRICE ONLY,,,,,レナサイエンス,Renascience Inc.,グロース,,医薬品,医薬品,True,True,66.28895184135978,35.0,32.80123574952006,BASE,True
7138,2026-10-08,129.0,113464695.0,74,-0.14569536423841056,-0.022727272727272707,-0.3517587939698492,1.0775202602938327,95.75301197742773,,,,PRICE ONLY,,,,,ＴＯＲＩＣＯ,"TORICO Co.,Ltd.",グロース,,小売業,小売,True,True,56.43059490084986,35.0,32.60168075660135,BASE,True
3664,2026-10-08,18.0,935367175.0,74,-0.28,-0.18181818181818177,-0.4,0.13686208366378075,96.91191669669178,,,,PRICE ONLY,,,,,ＷＩＺＥ,WIZE INC.,グロース,,情報･通信業,情報通信・サービスその他,True,True,82.12464589235128,35.0,32.17492917847026,BASE,True
4960,2026-10-08,516.0,91377850.0,74,-0.1744,-0.07360861759425497,-0.24005891016200298,0.5258363436469294,74.45399134093002,,,,PRICE ONLY,,,,,ケミプロ化成,"CHEMIPRO KASEI KAISHA,LTD.",スタンダード,,化学,素材・化学,True,True,54.19263456090652,35.0,31.95885462289574,BASE,True
5588,2026-10-08,686.0,50129695.0,74,-0.19388954171562867,-0.10677083333333337,-0.2583783783783784,0.8427851291745432,67.89709861368152,,,,PRICE ONLY,,,,,ファーストアカウンティング,"Fast Accounting Co.,Ltd.",グロース,,情報･通信業,情報通信・サービスその他,True,True,46.28895184135977,35.0,31.895727265471614,BASE,True
3903,2026-10-08,191.0,172126660.0,74,-0.2925925925925926,-0.18723404255319154,-0.3413793103448276,0.7917415605840494,72.47528628279227,,,,PRICE ONLY,,,,,ｇｕｍｉ,gumi Inc.,プライム,,情報･通信業,情報通信・サービスその他,True,True,61.41643059490085,35.0,31.88340227000027,BASE,True
6085,2026-10-08,99.0,733591395.0,74,-0.4870466321243523,-0.5416666666666667,-0.7287671232876712,0.5065770839300153,115.61533890564742,,,,PRICE ONLY,,,,,アーキテクツ・スタジオ・ジャパン,ARCHITECTS STUDIO JAPAN INC.,グロース,,サービス業,情報通信・サービスその他,True,True,79.80169971671388,35.0,31.75418716954288,BASE,True
4883,2026-10-08,31.0,120918980.0,74,-0.13888888888888884,-0.03125,-0.2790697674418605,0.4191465477816191,98.14091451057159,,,,PRICE ONLY,,,,,モダリス,Modalis Therapeutics Corporation,グロース,,医薬品,医薬品,True,True,57.478753541076486,35.0,31.556935647307213,BASE,True
3856,2026-09-25,199.0,242094400.0,65,-0.5012531328320802,-0.5930470347648262,-0.6259398496240601,0.863903352651036,185.58818070656716,,,,PRICE ONLY,,,,,Ａｂａｌａｎｃｅ,Abalance Corporation,スタンダード,,電気機器,電機・精密,True,True,66.11898016997168,35.0,31.399818385001243,BASE,True
4563,2026-10-08,34.0,61845355.0,74,-0.1282051282051282,-0.33333333333333337,-0.34615384615384615,0.9824441917456688,46.37304284709412,,,,PRICE ONLY,,,,,アンジェス,"AnGes,Inc.",グロース,,医薬品,医薬品,True,True,49.26345609065156,35.0,31.31623857702085,BASE,True
5721,2026-10-08,49.0,138583025.0,74,-0.14035087719298245,-0.20967741935483875,-0.3287671232876712,0.6616315113680088,125.53490590403345,,,,PRICE ONLY,,,,,エスクリプトエナジー,S Crypto Energy Inc.,スタンダード,,非鉄金属,鉄鋼・非鉄,True,True,59.1501416430595,35.0,31.30346729855182,BASE,True
2330,2026-10-08,81.0,390430490.0,74,-0.26363636363636367,0.03846153846153855,-0.3769230769230769,0.05000196508737032,89.86085862169223,,,,PRICE ONLY,,,,,フォーサイド,"Forside Co.,Ltd.",スタンダード,,情報･通信業,情報通信・サービスその他,True,True,72.74787535410765,35.0,31.049575070821533,BASE,True
2130,2026-10-08,701.0,108959410.0,74,-0.2245575221238938,-0.3562901744719926,-0.3951682484900777,1.079103139013453,67.38630870259385,,,,PRICE ONLY,,,,,メンバーズ,"Members Co.,Ltd.",プライム,,サービス業,情報通信・サービスその他,True,True,56.005665722379604,35.0,30.968852661971418,BASE,True
7600,2026-10-08,619.0,153729090.0,74,-0.09370424597364568,-0.2917620137299771,-0.3734817813765182,0.537695359948174,45.288850513326736,,,,PRICE ONLY,,,,,日本エム・ディ・エム,"Japan Medical Dynamic Marketing,INC.",プライム,,精密機器,電機・精密,True,True,60.3399433427762,35.0,30.861273311519323,BASE,True
2586,2026-10-08,54.0,56466730.0,74,-0.23943661971830987,-0.45999999999999996,-0.5135135135135135,1.3222589452507545,45.80072941742024,,,,PRICE ONLY,,,,,フルッタフルッタ,FRUTA FRUTA INC.,グロース,,食料品,食品,True,True,48.13031161473088,35.0,30.85778862461787,BASE,True
7318,2026-10-08,1286.0,107122370.0,74,-0.08794326241134753,-0.36051715564395825,-0.4804040404040404,0.7689491028927133,40.738949083494084,,,,PRICE ONLY,,,,,セレンディップ・ホールディングス,"SERENDIP HOLDINGS Co.,Ltd.",グロース,,輸送用機器,自動車・輸送機,True,True,55.72237960339943,35.0,30.815129514432726,BASE,True
4875,2026-10-08,241.0,145062200.0,74,-0.05859375,0.06167400881057272,-0.5030927835051546,0.2931650792889187,177.525804415423,,,,PRICE ONLY,,,,,メディシノバ・インク,"MediciNova,Inc.",スタンダード,,医薬品,医薬品,True,True,59.57507082152974,35.0,30.798942735734524,BASE,True
4598,2026-10-08,100.0,232079665.0,74,-0.17355371900826444,-0.2592592592592593,-0.35064935064935066,0.393906499145601,48.25914597793094,,,,PRICE ONLY,,,,,Ｄｅｌｔａ−Ｆｌｙ　Ｐｈａｒｍａ,"Delta-Fly Pharma,Inc.",グロース,,医薬品,医薬品,True,True,65.58073654390935,35.0,30.470043412677974,BASE,True
3803,2026-10-08,586.0,54612715.0,74,-0.06687898089171973,0.1356589147286822,-0.3295194508009154,0.31372038531632385,126.65569201171374,,,,PRICE ONLY,,,,,イメージ情報開発,Image Information Inc.,グロース,,情報･通信業,情報通信・サービスその他,True,True,47.64872521246459,35.0,30.420226403747066,BASE,True
1447,2026-10-08,321.0,52449540.0,74,-0.17692307692307696,-0.1705426356589147,-0.2687927107061503,0.18761496014714898,47.6352579773502,,,,PRICE ONLY,,,,,ＳＡＡＦホールディングス,"SAAF Holdings Co.,Ltd.",グロース,,建設業,建設・資材,True,True,46.91218130311615,35.0,29.396673162673345,BASE,True
4596,2026-10-08,63.0,66423620.0,74,-0.045454545454545414,-0.08695652173913049,-0.46153846153846156,0.2066788792165923,28.768544797096467,,,,PRICE ONLY,,,,,窪田製薬ホールディングス,"Kubota Pharmaceutical Holdings Co.,Ltd.",グロース,,医薬品,医薬品,True,True,50.14164305949008,35.0,29.362744196313603,BASE,True
3441,2026-10-08,1770.0,230713380.0,74,-0.387331256490135,-0.37017702303978683,-0.5108204340318895,0.3583923542964417,85.85800939931816,,,,PRICE ONLY,,,,,山王,"SANNO Co.,Ltd.",スタンダード,,金属製品,建設・資材,True,True,65.43909348441926,35.0,28.83781869688385,BASE,True
7689,2026-10-08,332.0,92249330.0,74,-0.279826464208243,0.13698630136986312,-0.3528265107212476,0.10427302152803423,144.75722232104303,,,,PRICE ONLY,,,,,コパ・コーポレーション,Copa Corporation Inc.,グロース,,卸売業,商社・卸売,True,True,54.30594900849859,35.0,28.14432820325917,BASE,True
3185,2026-10-08,105.0,70100175.0,74,-0.304635761589404,-0.2808219178082192,-0.33544303797468356,0.21573252524574202,97.3635765114454,,,,PRICE ONLY,,,,,夢展望,"DREAM VISION CO.,LTD.",グロース,,小売業,小売,True,True,50.934844192634564,35.0,28.0350701043497,BASE,True
3133,2026-10-08,34.0,76172300.0,74,-0.46031746031746035,-0.679245283018868,-0.7571428571428571,0.7815505175051214,79.63117798261202,,,,PRICE ONLY,,,,,海帆,"kaihan co.,Ltd.",グロース,,小売業,小売,True,True,51.86968838526912,35.0,28.000941127087966,BASE,True
8746,2026-10-08,105.0,168942500.0,74,-0.1796875,0.01941747572815533,-0.5227272727272727,0.2842709512453339,185.01937881365558,,,,PRICE ONLY,,,,,ｕｎｂａｎｋｅｄ,unbanked inc.,スタンダード,,証券･商品先物取引業,金融（除く銀行）,True,True,61.21813031161473,35.0,27.993626062322946,BASE,True
4056,2026-10-08,193.0,57082530.0,74,-0.20576131687242794,-0.1187214611872146,-0.35451505016722407,0.6550983958445985,38.5555516010671,,,,PRICE ONLY,,,,,ニューラルグループ,Neural Group Inc.,グロース,,情報･通信業,情報通信・サービスその他,True,True,48.300283286118976,35.0,27.92230683241967,BASE,True
4599,2026-10-08,160.0,138030950.0,74,-0.5166163141993958,-0.4838709677419355,-0.5518207282913166,0.34725027315167367,119.22045443372981,,,,PRICE ONLY,,,,,ステムリム,StemRIM Inc.,グロース,,医薬品,医薬品,True,True,59.12181303116147,35.0,27.574362606232295,BASE,True
7709,2026-09-30,40.0,128407115.0,68,-0.23076923076923073,-0.2727272727272727,-0.4736842105263158,0.4902835237408434,246.0954014534552,,,,PRICE ONLY,,,,,クボテック,KUBOTEK CORPORATION,スタンダード,,精密機器,電機・精密,True,True,58.07365439093485,35.0,27.36473087818697,BASE,True
4196,2026-10-08,1345.0,81419405.0,74,-0.3830275229357798,-0.2064896755162242,-0.3830275229357798,0.40287514420090514,90.70405261442322,,,,PRICE ONLY,,,,,ネオマーケティング,NEO MARKETING Inc.,スタンダード,,情報･通信業,情報通信・サービスその他,True,True,52.6628895184136,35.0,26.83418340826988,BASE,True
4381,2026-10-08,198.0,54053875.0,74,-0.28776978417266186,-0.14655172413793105,-0.695852534562212,0.6099455249513225,64.27915256050434,,,,PRICE ONLY,,,,,ビープラッツ,"BPLATS,Inc.",グロース,,情報･通信業,情報通信・サービスその他,True,True,47.53541076487252,35.0,25.990052319316653,BASE,True
8798,2026-10-08,69.0,53129745.0,74,-0.4963503649635036,-0.45669291338582674,-0.603448275862069,0.4174080823239361,155.6759213063532,,,,PRICE ONLY,,,,,アドバンスクリエイト,"Advance Create Co.,Ltd.",プライム,,保険業,金融（除く銀行）,True,True,47.110481586402265,35.0,25.172096317280456,BASE,True
3787,2026-09-30,680.0,40330005.0,68,0.7215189873417722,1.1725239616613417,0.0,2.633520730850316,178.09030391011083,,,,PRICE ONLY,,,,,テクノマセマティカル,"Techno Mathematical Co.,Ltd.",スタンダード,,情報･通信業,情報通信・サービスその他,False,True,43.79603399433428,35.0,59.509206798866856,BASE,False
3858,2026-10-08,361.0,25043270.0,74,0.20333333333333337,0.23208191126279853,0.0,14.426645153855018,34.367828921623165,,,,PRICE ONLY,,,,,ユビキタスＡＩ,Ubiquitous AI Corporation,スタンダード,,情報･通信業,情報通信・サービスその他,False,True,37.76203966005666,35.0,58.302407932011334,BASE,False
5252,2026-10-08,1027.0,24929750.0,74,0.28374999999999995,0.3149807938540332,0.0,1.9078201737816396,38.271549478341996,,,,PRICE ONLY,,,,,日本ナレッジ,"Nihon Knowledge Co,Ltd.",グロース,,情報･通信業,情報通信・サービスその他,False,True,37.6770538243626,35.0,57.670878590083454,BASE,False
5256,2026-10-08,4000.0,43295050.0,74,0.4347202295552368,0.6920473773265652,0.0,1.5776293823038396,65.22551535453591,,,,PRICE ONLY,,,,,Ｆｕｓｉｃ,"Fusic Co.,Ltd.",グロース,,情報･通信業,情報通信・サービスその他,False,True,44.67422096317281,35.0,56.86904007466016,BASE,False
3914,2026-10-08,2694.0,37851800.0,74,0.13050776332354186,0.12296790329303886,-0.005169867060561328,3.6518375241779495,44.10873237884239,,,,PRICE ONLY,,,,,ＪＩＧ−ＳＡＷ,JIG-SAW INC.,グロース,,情報･通信業,情報通信・サービスその他,False,True,42.91784702549575,35.0,56.78295775386663,BASE,False
5034,2026-10-08,2595.0,34933640.0,74,0.130226480836237,0.20585501858736066,0.0,2.204379562043796,37.18812109085284,,,,PRICE ONLY,,,,,ｕｎｅｒｒｙ,"unerry,Inc.",グロース,,情報･通信業,情報通信・サービスその他,False,True,41.78470254957507,35.0,56.714705567157424,BASE,False
8944,2026-10-08,282.0,26410576.289901733,74,0.18381229904309349,0.19854860142377162,-0.04729729729729726,4.986422481844016,41.923022587049104,,,,PRICE ONLY,,,,,ランドビジネス,"LAND BUSINESS  CO.,LTD.",スタンダード,,不動産業,不動産,False,True,38.668555240793204,35.0,56.3915419960454,BASE,False
4013,2026-10-08,733.0,26820535.0,74,0.12079510703363905,0.06540697674418605,-0.005427408412483015,2.2110152621101524,29.625401345274128,,,,PRICE ONLY,,,,,勤次郎,"Kinjiro Co.,Ltd.",グロース,,情報･通信業,情報通信・サービスその他,False,True,38.81019830028329,35.0,55.620052556375725,BASE,False
3753,2026-10-08,243.0,40512735.0,74,0.125,0.2789473684210526,-0.07604562737642584,6.4757325528727225,46.22635869490603,,,,PRICE ONLY,,,,,フライトソリューションズ,FLIGHT SOLUTIONS Inc.,スタンダード,,情報･通信業,情報通信・サービスその他,False,True,43.82436260623229,35.0,54.47196106008405,BASE,False
7707,2026-10-08,227.0,26285000.0,74,0.070754716981132,0.15228426395939088,0.0,2.9263099426032215,25.119677741572282,,,,PRICE ONLY,,,,,プレシジョン・システム・サイエンス,"Precision System Science Co.,Ltd.",グロース,,精密機器,電機・精密,False,True,38.58356940509915,35.0,54.03544703465864,BASE,False
2332,2026-10-08,1850.0,19715100.0,74,0.08504398826979465,0.07370864770748686,-0.0005402485143165547,12.979651162790697,22.47798237466697,,,,PRICE ONLY,,,,,クエスト,"Quest Co.,Ltd.",スタンダード,,情報･通信業,情報通信・サービスその他,False,True,34.58923512747875,35.0,53.70893997517342,BASE,False
5018,2026-10-08,2480.0,30742245.0,74,0.04862579281183943,0.30605049032115317,0.0,2.2895064288676896,25.97708877897374,,,,PRICE ONLY,,,,,ＭＯＲＥＳＣＯ,MORESCO Corporation,スタンダード,,石油･石炭製品,エネルギー資源,False,True,40.453257790368276,35.0,53.65067874019387,BASE,False
7358,2026-10-08,1890.0,35736100.0,74,0.047091412742382266,0.29452054794520555,-0.014084507042253502,2.7417998317914214,20.664476206408942,,,,PRICE ONLY,,,,,ポピンズ,Poppins Corporation,スタンダード,,サービス業,情報通信・サービスその他,False,True,42.124645892351275,35.0,53.47460256505013,BASE,False
3625,2026-10-08,728.0,11108700.0,74,0.16108452950558205,0.18181818181818188,-0.014884979702300405,1.8218760582458517,38.155974939300776,,,,PRICE ONLY,,,,,テックファームホールディングス,Techfirm Holdings Inc.,グロース,,情報･通信業,情報通信・サービスその他,False,True,27.818696883852688,35.0,53.30823988875236,BASE,False
4386,2026-10-08,990.0,9745557.243347168,74,0.11851030791554074,0.1856209427420905,0.0,14.242181234963914,33.83272026297132,,,,PRICE ONLY,,,,,ＳＩＧグループ,"SIG Group Co.,Ltd.",スタンダード,,情報･通信業,情報通信・サービスその他,False,True,26.090651558073652,35.0,53.174198011576124,BASE,False
7986,2026-10-08,2232.0,5027995.0,74,0.16736401673640167,0.17721518987341778,0.0,16.893939393939394,43.082616485673206,,,,PRICE ONLY,,,,,日本アイ・エス・ケイ,"NIHON ISK Company,Limited",スタンダード,,その他製品,情報通信・サービスその他,False,True,17.56373937677054,35.0,53.143799877745025,BASE,False
4421,2026-10-08,1000.0,13442005.00946045,74,0.09152726609661288,0.08349283065544055,0.0,48.01470588235294,36.126950094313,,,,PRICE ONLY,,,,,ディ・アイ・システム,"D.I.System Co.,Ltd.",スタンダード,,情報･通信業,情報通信・サービスその他,False,True,29.94334277620397,35.0,53.019603392838945,BASE,False
3682,2026-10-08,646.0,9227055.0,74,0.10427350427350435,0.07666666666666666,0.0,4.286878565607172,18.298720080639193,,,,PRICE ONLY,,,,,エンカレッジ・テクノロジ,"Encourage Technologies Co.,Ltd.",スタンダード,,情報･通信業,情報通信・サービスその他,False,True,25.410764872521245,35.0,52.55010169245297,BASE,False
5527,2026-10-08,788.0,15761865.0,74,0.0577181208053692,0.22741433021806845,0.0,2.084842214174858,18.546230565042077,,,,PRICE ONLY,,,,,ｐｒｏｐｅｒｔｙ　ｔｅｃｈｎｏｌｏｇｉｅｓ,property technologies Inc.,グロース,,不動産業,不動産,False,True,31.89801699716714,35.0,52.2513675413318,BASE,False
7093,2026-10-08,675.0,4781445.0,74,0.14020270270270263,0.35542168674698793,0.0,2.790014684287812,31.90077164587771,,,,PRICE ONLY,,,,,アディッシュ,"adish Co.,Ltd.",グロース,,サービス業,情報通信・サービスその他,False,True,17.08215297450425,35.0,52.1162375447078,BASE,False
4192,2026-10-08,320.0,36362190.0,74,0.12280701754385959,0.18959107806691455,-0.053254437869822535,1.5765195369030391,40.4871299560238,,,,PRICE ONLY,,,,,スパイダープラス,SpiderPlus & Co.,グロース,,情報･通信業,情報通信・サービスその他,False,True,42.37960339943343,35.0,52.025331820451,BASE,False
3161,2026-10-08,719.0,9504285.0,74,0.07796101949025491,0.09104704097116834,0.0,3.981123981123981,16.804672868634988,,,,PRICE ONLY,,,,,アゼアス,AZEARTH Corporation,スタンダード,,卸売業,商社・卸売,False,True,25.75070821529745,35.0,51.71594802558252,BASE,False
5621,2026-10-08,1617.0,45853070.0,74,0.016981132075471805,0.01570351758793964,-0.05714285714285716,9.719058466211086,32.03718409994386,,,,PRICE ONLY,,,,,ヒューマンテクノロジーズ,"Human Technologies,Inc.",グロース,,情報･通信業,情報通信・サービスその他,False,True,45.29745042492918,35.0,51.67741461328772,BASE,False
7980,2026-10-08,886.0,26307325.0,74,0.05601907032181175,0.08845208845208852,0.0,1.64402407566638,24.157150893492357,,,,PRICE ONLY,,,,,重松製作所,"SHIGEMATSU WORKS CO.,LTD.",スタンダード,,その他製品,情報通信・サービスその他,False,True,38.611898016997166,35.0,51.16271775697075,BASE,False
9701,2026-10-08,4765.0,5512800.0,74,0.10046189376443415,0.14405762304921965,0.0,3.981042654028436,21.37228253941256,,,,PRICE ONLY,,,,,東京會舘,"Tokyo Kaikan Co.,Ltd.",スタンダード,,サービス業,情報通信・サービスその他,False,True,19.036827195467424,35.0,51.1446303681598,BASE,False
1418,2026-10-08,597.0,30160725.0,74,0.02401372212692965,0.1617259429594078,-0.018092105263157854,1.840244803207766,11.792835923866264,,,,PRICE ONLY,,,,,インターライフホールディングス,"INTERLIFE HOLDINGS CO.,LTD.",スタンダード,,建設業,建設・資材,False,True,40.226628895184135,35.0,51.10848247134023,BASE,False
6969,2026-10-08,1248.0,47240120.0,74,0.19425837320574169,0.04435146443514637,-0.26501766784452296,2.918186555497655,46.92192430400652,,,,PRICE ONLY,,,,,松尾電機,"MATSUO ELECTRIC CO.,LTD.",スタンダード,,電気機器,電機・精密,False,True,45.4957507082153,35.0,51.039220160892924,BASE,False
3634,2026-10-08,644.0,28348275.0,74,0.09897610921501698,0.1338028169014085,-0.12737127371273715,2.376347057198121,68.93707827529275,,,,PRICE ONLY,,,,,ソケッツ,Sockets Inc.,スタンダード,,情報･通信業,情報通信・サービスその他,False,True,39.433427762039656,35.0,51.033442901258844,BASE,False
2488,2026-10-08,1450.0,28159600.302734375,74,0.0015627495285359672,0.08807146331432003,-0.03545873078990902,11.327849588719154,25.355479699122885,,,,PRICE ONLY,,,,,ＪＴＰ,"JTP CO.,LTD.",スタンダード,,サービス業,情報通信・サービスその他,False,True,39.376770538243626,35.0,50.669382483669345,BASE,False
4361,2026-10-08,1693.0,8223150.0,74,0.0561447286338117,0.11749174917491745,0.0,7.324324324324325,12.78204854585642,,,,PRICE ONLY,,,,,川口化学工業,"KAWAGUCHI CHEMICAL INDUSTRY CO.,LTD.",スタンダード,,化学,素材・化学,False,True,23.966005665722378,35.0,50.611020400589446,BASE,False
2393,2026-10-08,4290.0,20790575.0,74,0.021428571428571352,0.011792452830188704,-0.04026845637583898,2.1850613154960983,16.88381690671043,,,,PRICE ONLY,,,,,日本ケアサプライ,"Nippon Care Supply Co.,Ltd.",スタンダード,,サービス業,情報通信・サービスその他,False,True,35.155807365439095,35.0,50.34998766128122,BASE,False
9312,2026-10-08,3160.0,25573585.0,74,0.10027855153203347,0.10412299091544375,0.0,1.2922705314009661,18.70706275184677,,,,PRICE ONLY,,,,,ケイヒン,"THE KEIHIN CO.,LTD.",スタンダード,,倉庫･運輸関連業,運輸・物流,False,True,38.186968838526916,35.0,50.25017622004821,BASE,False
4574,2026-10-08,263.0,23399410.0,74,0.03952569169960474,-0.025925925925925908,-0.073943661971831,3.304702465550269,19.990122476119357,,,,PRICE ONLY,,,,,大幸薬品,"TAIKO PHARMACEUTICAL CO.,LTD.",プライム,,医薬品,医薬品,False,True,36.88385269121813,35.0,50.22162523957414,BASE,False
6837,2026-10-08,434.0,23848505.0,74,0.16666666666666674,0.16981132075471694,-0.024719101123595544,1.0827629122588676,40.63445890516918,,,,PRICE ONLY,,,,,京写,"KYOSHA CO.,LTD.",スタンダード,,電気機器,電機・精密,False,True,37.05382436260623,35.0,50.09962302487303,BASE,False
2003,2026-10-08,1846.0,41369617.98400879,74,0.0411171703901847,0.06832816786953178,-0.02171818046849694,1.500337913944582,14.414158459352699,,,,PRICE ONLY,,,,,日東富士製粉,"NITTO FUJI FLOUR MILLING CO.,LTD.",スタンダード,,食料品,食品,False,True,44.05099150141643,35.0,50.0758655604464,BASE,False
6888,2026-10-08,526.0,6954635.0,74,0.05835010060362178,0.11205073995771664,-0.007547169811320753,2.3881789137380194,12.628290633742811,,,,PRICE ONLY,,,,,アクモス,ACMOS INC.,スタンダード,,情報･通信業,情報通信・サービスその他,False,True,21.841359773371106,35.0,50.0164209565019,BASE,False
4447,2026-10-08,495.0,19622859.38430786,74,0.011654304792967585,0.1137072180492944,-0.03696498054474706,4.744027303754266,34.68887411200441,,,,PRICE ONLY,,,,,ピー・ビーシステムズ,"PBsystems,Inc.",グロース,,情報･通信業,情報通信・サービスその他,False,True,34.5042492917847,35.0,49.99192129784012,BASE,False
6626,2026-10-08,2701.0,35828900.0,74,0.10199918400652797,0.3451195219123506,-0.017818181818181844,1.2096774193548387,38.581903880768984,,,,PRICE ONLY,,,,,ＳＥＭＩＴＥＣ,SEMITEC Corporation,スタンダード,,電気機器,電機・精密,False,True,42.20963172804532,35.0,49.98399025529804,BASE,False
3512,2026-10-08,1020.0,21985950.273132324,74,0.001170370924190367,0.008984371250084555,-0.03704941496981218,2.4107368954165613,41.9696021450392,,,,PRICE ONLY,,,,,日本フエルト,Nippon Felt Company Limited,スタンダード,,繊維製品,素材・化学,False,True,35.977337110481585,35.0,49.924345581549666,BASE,False
3077,2026-10-08,1425.0,34731380.0,74,0.10722610722610715,0.7592592592592593,-0.06434668417596845,1.3924050632911393,50.94487495023403,,,,PRICE ONLY,,,,,ホリイフードサービス,"Horiifoodservice Co.,Ltd.",スタンダード,,小売業,小売,False,True,41.61473087818697,35.0,49.750226847706834,BASE,False
4415,2026-10-08,1480.0,14617415.0,74,0.05638829407566015,0.13933795227097767,-0.007377598926894713,1.680244399185336,29.660030880102912,,,,PRICE ONLY,,,,,ブロードエンタープライズ,"BROAD ENTERPRISE CO.,LTD.",グロース,,情報･通信業,情報通信・サービスその他,False,True,31.10481586402266,35.0,49.675657284843425,BASE,False
6493,2026-10-08,478.0,32897615.571136475,74,-0.018275633879601294,0.06532095547834071,-0.05807528949123775,2.3298839761680776,25.879411961077707,,,,PRICE ONLY,,,,,ＮＩＴＴＡＮ,NITTAN Corporation,スタンダード,,輸送用機器,自動車・輸送機,False,True,41.07648725212464,35.0,49.59411452323051,BASE,False
4707,2026-10-08,397.0,8410545.0,74,0.16422287390029333,0.20303030303030312,-0.002512562814070307,1.2792792792792793,18.11210312269115,,,,PRICE ONLY,,,,,キタック,KITAC CORPORATION,スタンダード,,サービス業,情報通信・サービスその他,False,True,24.135977337110482,35.0,49.4640880477415,BASE,False
4439,2026-10-08,862.0,5084725.0,74,0.08838383838383845,0.12693270285355673,-0.03118926714993986,2.1384750219106046,20.796726749357013,,,,PRICE ONLY,,,,,東名,"TOUMEI CO.,LTD.",スタンダード,,情報･通信業,情報通信・サービスその他,False,True,17.677053824362606,35.0,49.444919755659654,BASE,False
8291,2026-10-08,534.0,49596550.777282715,74,-0.002430910601780356,-0.009659633661305289,-0.06231920233444477,1.7486274967877584,12.350412571503654,,,,PRICE ONLY,,,,,日産東京販売ホールディングス,"NISSAN TOKYO SALES HOLDINGS CO.,LTD.",スタンダード,,小売業,小売,False,True,46.23229461756374,35.0,49.354779796072066,BASE,False
4412,2026-10-08,1415.0,29159545.0,74,0.007117437722419906,0.17134033448793162,-0.08532643826761477,3.042284459088413,41.94154232377246,,,,PRICE ONLY,,,,,サイエンスアーツ,"Science Arts,Inc.",グロース,,情報･通信業,情報通信・サービスその他,False,True,39.773371104815865,35.0,49.31844855632009,BASE,False
3544,2026-10-08,1246.0,19072690.0,74,-0.0024019215372297342,0.0032206119162641045,-0.041538461538461524,3.187869822485207,1.3511121093211584,,,,PRICE ONLY,,,,,サツドラホールディングス,"SATUDORA HOLDINGS CO.,LTD.",スタンダード,,小売業,小売,False,True,34.19263456090651,35.0,49.29903245947628,BASE,False
4256,2026-10-08,1198.0,5108350.0,74,0.06868867082961638,0.2388831437435368,-0.016420361247947435,2.0899149453219925,20.55999330050992,,,,PRICE ONLY,,,,,サインド,"CYND Co.,Ltd.",グロース,,情報･通信業,情報通信・サービスその他,False,True,17.847025495750707,35.0,49.2836406441787,BASE,False
7567,2026-10-08,633.0,11354215.0,74,0.04111842105263164,0.18761726078799246,-0.050974512743628186,2.736842105263158,30.07862063050089,,,,PRICE ONLY,,,,,栄電子,SAKAE ELECTRONICS CORPORATION,スタンダード,,卸売業,商社・卸売,False,True,28.13031161473088,35.0,49.27202223772563,BASE,False
6358,2026-10-08,2024.0,44047651.50024414,74,-0.04299772451904604,-0.02171085051629118,-0.06633918034343267,2.301158301158301,12.702100612891092,,,,PRICE ONLY,,,,,酒井重工業,"SAKAI HEAVY INDUSTRIES,LTD.",プライム,,機械,機械,False,True,44.84419263456091,35.0,49.2314646108119,BASE,False
6262,2026-10-08,503.0,30248962.683563232,74,-0.01259762489837557,-0.04185396733271762,-0.07607348000858771,2.2705806093156773,19.241955763573724,,,,PRICE ONLY,,,,,ＰＥＧＡＳＵＳ,"PEGASUS CO.,LTD.",スタンダード,,機械,機械,False,True,40.25495750708215,35.0,49.039541976050174,BASE,False
4301,2026-10-08,1821.0,40915083.536987305,74,-0.02450534668351423,-0.022446282694434605,-0.08655606117273962,2.841130604288499,15.12350946449762,,,,PRICE ONLY,,,,,アミューズ,AMUSE INC.,プライム,,サービス業,情報通信・サービスその他,False,True,43.994334277620396,35.0,49.03846869540384,BASE,False
5958,2026-10-08,4395.0,22957529.66796875,74,-0.006115272590191512,0.0016321524348248406,-0.06110060235446679,8.495339547270307,12.328164450158756,,,,PRICE ONLY,,,,,三洋工業,"SANYO INDUSTRIES,LTD.",スタンダード,,金属製品,建設・資材,False,True,36.57223796033994,35.0,49.0118686695984,BASE,False
4178,2026-10-08,958.0,33578030.0,74,0.7873134328358209,0.8784313725490196,0.0,0.3755868544600939,85.86518546943917,,,,PRICE ONLY,,,,,Ｓｈａｒｉｎｇ　Ｉｎｎｏｖａｔｉｏｎｓ,Sharing Innovations Inc.,グロース,,情報･通信業,情報通信・サービスその他,False,True,41.24645892351275,35.0,48.99929178470255,BASE,False
6915,2026-10-08,3500.0,48783275.0,74,0.027900146842878115,0.08695652173913038,-0.03978052126200271,1.437125748502994,21.176629346055293,,,,PRICE ONLY,,,,,千代田インテグレ,"CHIYODA INTEGRE CO.,LTD.",スタンダード,,電気機器,電機・精密,False,True,45.949008498583574,35.0,48.993873354763124,BASE,False
2676,2026-10-08,2024.0,46713079.54589844,74,-0.0026406196586761244,-0.024856656832469515,-0.0518192108565807,1.6662820216939764,12.40890003951232,,,,PRICE ONLY,,,,,高千穂交易,"TAKACHIHO KOHEKI CO.,LTD.",プライム,,卸売業,商社・卸売,False,True,45.43909348441926,35.0,48.981229433707355,BASE,False
5204,2026-10-08,3020.0,16003755.0,74,-0.013071895424836555,0.009695753928452122,-0.02893890675241162,2.0966084275436794,11.679368214177652,,,,PRICE ONLY,,,,,石塚硝子,"ISHIZUKA GLASS CO.,LTD.",スタンダード,,ガラス･土石製品,建設・資材,False,True,32.039660056657226,35.0,48.912095413026535,BASE,False
6540,2026-10-08,1480.0,28667020.0,74,-0.028233749179251477,-0.02631578947368418,-0.058524173027989845,1.9912232583653318,10.164337507613652,,,,PRICE ONLY,,,,,船場,SEMBA CORPORATION,スタンダード,,サービス業,情報通信・サービスその他,False,True,39.6600566572238,35.0,48.89630698242011,BASE,False
7083,2026-10-08,1396.0,6465970.0,74,0.26106594399277316,0.3821782178217821,-0.03457814661134162,1.247443762781186,35.86204961971614,,,,PRICE ONLY,,,,,ＡＨＣグループ,AHC GROUP INC.,グロース,,サービス業,情報通信・サービスその他,False,True,21.10481586402266,35.0,48.83013182647717,BASE,False
4450,2026-10-08,2352.0,10407505.0,74,0.004269854824936026,0.14731707317073162,-0.02244389027431426,2.6582278481012658,10.895494961062163,,,,PRICE ONLY,,,,,パワーソリューションズ,"Power Solutions,Ltd.",グロース,,情報･通信業,情報通信・サービスその他,False,True,26.997167138810198,35.0,48.7092591592732,BASE,False
9273,2026-10-08,780.0,40513760.0,74,0.031746031746031855,-0.005102040816326481,-0.013906447534766109,1.3095006800077715,15.127368429565353,,,,PRICE ONLY,,,,,コーア商事ホールディングス,"KOA SHOJI HOLDINGS CO.,LTD.",プライム,,卸売業,商社・卸売,False,True,43.85269121813031,35.0,48.696542415804785,BASE,False
2303,2026-10-08,1333.0,20944985.0,74,-0.029133284777858703,0.09172809172809182,-0.039625360230547524,6.614754098360656,15.462577812928854,,,,PRICE ONLY,,,,,ドーン,Dawn Corporation,スタンダード,,情報･通信業,情報通信・サービスその他,False,True,35.240793201133144,35.0,48.654336097492966,BASE,False
7963,2026-10-08,1850.0,7720725.0,74,0.0032537960954446277,0.016483516483516425,0.0,3.7637362637362637,12.475116043619906,,,,PRICE ONLY,,,,,興研,KOKEN LTD.,スタンダード,,その他製品,情報通信・サービスその他,False,True,23.20113314447592,35.0,48.64464249502471,BASE,False
4113,2026-10-08,852.0,17363880.44921875,74,0.07562378725050944,0.17947709210811813,-0.018433179723502335,1.4158043273753527,22.808109378151926,,,,PRICE ONLY,,,,,田岡化学工業,"TAOKA CHEMICAL COMPANY,LIMITED",スタンダード,,化学,素材・化学,False,True,33.14447592067989,35.0,48.620851731356254,BASE,False
9978,2026-10-08,46.0,4337130.0,74,0.045454545454545414,0.0,0.0,4.178610804851158,35.39293475854187,,,,PRICE ONLY,,,,,文教堂グループホールディングス,"BUNKYODO GROUP HOLDINGS CO.,LTD.",スタンダード,,小売業,小売,False,True,15.807365439093484,35.0,48.6127717891174,BASE,False
3551,2026-10-08,1550.0,26950400.0,74,-0.03666873834679929,0.157580283793876,-0.05889496053430476,3.042091836734694,17.326549705693196,,,,PRICE ONLY,,,,,ダイニック,DYNIC CORPORATION,スタンダード,,繊維製品,素材・化学,False,True,38.86685552407932,35.0,48.49492814413213,BASE,False
7044,2026-10-08,602.0,14230080.0,74,0.18039215686274512,0.2727272727272727,-0.0337078651685393,0.9908026755852842,37.36077366466086,,,,PRICE ONLY,,,,,ピアラ,PIALA INC.,スタンダード,,サービス業,情報通信・サービスその他,False,True,30.73654390934844,35.0,48.40155209356436,BASE,False
5891,2026-10-08,1706.0,5836120.0,74,0.017292784734645128,0.08662420382165603,-0.002339181286549752,2.06794682422452,8.4592741884959,,,,PRICE ONLY,,,,,ＳＡＫＩＧＡＫＥホールディングス,"SAKIGAKE Holdings Co.,Ltd.",スタンダード,,小売業,小売,False,True,19.886685552407933,35.0,48.38706633814227,BASE,False
8769,2026-10-08,500.0,19166220.0,74,-0.007936507936507908,-0.011857707509881465,-0.06542056074766356,4.178375076359194,27.52051278615021,,,,PRICE ONLY,,,,,アドバンテッジリスクマネジメント,"Advantage Risk Management Co.,Ltd.",スタンダード,,サービス業,情報通信・サービスその他,False,True,34.30594900849858,35.0,48.35576987672038,BASE,False
5658,2026-10-08,403.0,7940656.504364014,74,0.0024143562422640485,0.1561938587742746,-0.01225490196078427,2.026991267531093,12.530960126539616,,,,PRICE ONLY,,,,,日亜鋼業,"NICHIA STEEL WORKS,LTD.",スタンダード,,鉄鋼,鉄鋼・非鉄,False,True,23.541076487252123,35.0,48.28556605488828,BASE,False
7525,2026-10-08,3450.0,45175890.986328125,74,-0.020495415330475053,-0.0010717949957734785,-0.05336466454775912,1.6620055932880544,13.803944251277192,,,,PRICE ONLY,,,,,リックス,RIX CORPORATION,プライム,,卸売業,商社・卸売,False,True,45.18413597733711,35.0,48.239336741588374,BASE,False
7490,2026-10-08,2192.0,6578330.0,74,0.0027447392497712553,0.001828153564899404,0.0,2.0107719928186714,0.8303106770271289,,,,PRICE ONLY,,,,,日新商事,"NISSIN SHOJI CO.,LTD.",スタンダード,,卸売業,商社・卸売,False,True,21.246458923512748,35.0,48.236254273266134,BASE,False
1867,2026-10-08,2698.0,17403605.0,74,-0.012083485902599778,0.0204236006051437,-0.05828970331588135,2.0390824129141887,12.750066725349468,,,,PRICE ONLY,,,,,植木組,UEKI CORPORATION,スタンダード,,建設業,建設・資材,False,True,33.172804532577906,35.0,48.21871174637459,BASE,False
3377,2026-10-08,418.0,16036365.0,74,0.07731958762886593,0.1389645776566757,-0.009478672985781977,1.331151118385161,16.144539000374923,,,,PRICE ONLY,,,,,バイク王＆カンパニー,BIKE O & COMPANY Ltd.,スタンダード,,卸売業,商社・卸売,False,True,32.067988668555245,35.0,48.1903627505639,BASE,False
6035,2026-10-08,734.0,26626991.079101562,74,0.0284825339321626,0.060486178681979696,-0.022636484687083902,1.4456812737776525,23.812661330510508,,,,PRICE ONLY,,,,,アイ・アールジャパンホールディングス,"IR Japan Holdings,Ltd.",スタンダード,,サービス業,情報通信・サービスその他,False,True,38.75354107648725,35.0,48.18896545154001,BASE,False
3845,2026-10-08,341.0,36594040.0,74,0.16780821917808209,0.6009389671361502,0.0,0.5045871559633027,34.41876077278805,,,,PRICE ONLY,,,,,アイフリークモバイル,I-FREEK MOBILE INC.,スタンダード,,情報･通信業,情報通信・サービスその他,False,True,42.521246458923514,35.0,48.18111213193144,BASE,False
6485,2026-10-08,1530.0,47680513.28063965,74,-0.056618003360834446,0.006843679826254778,-0.09036860879904873,2.5461254612546127,26.103652185175815,,,,PRICE ONLY,,,,,前澤給装工業,"MAEZAWA KYUSO INDUSTRIES CO.,LTD.",スタンダード,,機械,機械,False,True,45.72237960339943,35.0,48.15916459091076,BASE,False
3490,2026-10-08,3200.0,4127075.0,74,0.05610561056105601,0.03392568659127626,-0.024390243902439046,2.7309236947791167,14.66178014831134,,,,PRICE ONLY,,,,,アズ企画設計,"Azplanning Co.,Ltd.",スタンダード,,不動産業,不動産,False,True,15.042492917847024,35.0,48.032293733119204,BASE,False
7927,2026-10-08,2345.0,39768411.19628906,74,0.06059060190442378,0.08305465179974258,-0.010965837199493844,1.052934407364787,10.446182069020976,,,,PRICE ONLY,,,,,ムトー精工,MUTO SEIKO CO.,スタンダード,,化学,素材・化学,False,True,43.654390934844194,35.0,48.03096706856887,BASE,False
8285,2026-10-08,771.0,49485445.02075195,74,-0.00550394722080616,0.09873499989040546,-0.0743354275728666,1.618437900128041,24.35051002903139,,,,PRICE ONLY,,,,,三谷産業,"MITANI SANGYO CO.,LTD.",スタンダード,,卸売業,商社・卸売,False,True,46.11898016997167,35.0,47.96829768639738,BASE,False
9213,2026-10-08,1059.0,3726905.0,74,0.05688622754491024,0.0066539923954371805,-0.019444444444444486,3.9942112879884224,37.96513026312108,,,,PRICE ONLY,,,,,セイファート,SEYFERT LTD.,スタンダード,,サービス業,情報通信・サービスその他,False,True,13.654390934844193,35.0,47.942175829778456,BASE,False
6165,2026-10-08,554.0,31070791.556396484,74,0.020283745374193307,0.16333383467811013,-0.014234875444839812,1.3534635879218473,26.64767601766812,,,,PRICE ONLY,,,,,パンチ工業,"PUNCH INDUSTRY CO.,LTD.",スタンダード,,機械,機械,False,True,40.623229461756374,35.0,47.94006953460721,BASE,False
4615,2026-10-08,134.0,4970665.0,74,0.015151515151515138,0.055118110236220375,0.0,17.091932457786115,10.728500882998897,,,,PRICE ONLY,,,,,神東塗料,"SHINTO PAINT COMPANY,LIMITED",スタンダード,,化学,素材・化学,False,True,17.422096317280452,35.0,47.89675692579375,BASE,False
6494,2026-10-08,100.0,15303985.0,74,0.030927835051546282,0.06382978723404253,-0.05660377358490565,1.7633236846586071,19.25641253204795,,,,PRICE ONLY,,,,,ＮＦＫホールディングス,"NFK HOLDINGS CO.,Ltd",スタンダード,,機械,機械,False,True,31.586402266288953,35.0,47.85305576838256,BASE,False
6942,2026-10-08,1410.0,12174370.0,74,-0.02083333333333337,0.048327137546468446,-0.035567715458276306,15.063663075416258,12.04201642888662,,,,PRICE ONLY,,,,,ソフィアホールディングス,"SOPHIA HOLDINGS CO.,LTD.",スタンダード,,情報･通信業,情報通信・サービスその他,False,True,28.89518413597734,35.0,47.801657503372915,BASE,False
4531,2026-10-08,373.0,12923525.0,74,0.02754820936639124,0.056657223796033884,-0.09245742092457421,7.07401345699218,17.22453115366923,,,,PRICE ONLY,,,,,有機合成薬品工業,"Yuki Gosei Kogyo Co.,Ltd.",スタンダード,,化学,素材・化学,False,True,29.63172804532578,35.0,47.75884660729277,BASE,False
7820,2026-10-08,650.0,38023576.490478516,74,-0.056913469136400496,-0.07905777412961423,-0.08787658515231711,2.852882703777336,12.744507644642386,,,,PRICE ONLY,,,,,ニホンフラッシュ,"NIHON FLUSH CO.,LTD.",プライム,,その他製品,情報通信・サービスその他,False,True,42.97450424929178,35.0,47.68045003344575,BASE,False
9381,2026-10-08,2166.0,44262210.0,74,-0.06597671410090555,-0.06522642503424292,-0.09029819403611927,2.4923504867872044,17.418870657607634,,,,PRICE ONLY,,,,,エーアイテイー,AIT CORPORATION,プライム,,倉庫･運輸関連業,運輸・物流,False,True,44.90084985835694,35.0,47.676277039180746,BASE,False
2694,2026-10-08,70.0,15149995.0,74,-0.02777777777777779,-0.014084507042253502,-0.02777777777777779,1.902144307433269,13.874758756079963,,,,PRICE ONLY,,,,,焼肉坂井ホールディングス,Yakiniku Sakai Holdings Inc.,スタンダード,,小売業,小売,False,True,31.416430594900852,35.0,47.668613247900375,BASE,False
2204,2026-10-08,3005.0,38858100.0,74,-0.04603174603174598,-0.06531881804043549,-0.10298507462686568,3.2365875109938433,13.57251386739389,,,,PRICE ONLY,,,,,中村屋,"NAKAMURAYA CO.,LTD.",スタンダード,,食料品,食品,False,True,43.286118980169974,35.0,47.624834721001,BASE,False
9252,2026-10-08,4290.0,47758775.0,74,0.0671641791044777,0.2313614039385703,-0.00694444444444442,0.8737864077669902,15.96291733377862,,,,PRICE ONLY,,,,,ラストワンマイル,"Last One Mile Co.,Ltd.",グロース,,サービス業,情報通信・サービスその他,False,True,45.77903682719547,35.0,47.61765130397573,BASE,False
2009,2026-10-08,1149.0,19275000.0,74,0.04170444242973703,0.06290471785383911,0.0,1.3112817483756645,8.524380246734852,,,,PRICE ONLY,,,,,鳥越製粉,"THE TORIGOE CO.,LTD.",スタンダード,,食料品,食品,False,True,34.36260623229462,35.0,47.60378997607815,BASE,False
5391,2026-10-08,1459.0,9575934.539794922,74,-0.0012935750156944925,-0.005285777536610636,-0.04474336744337715,2.2514379622021363,11.661298024485138,,,,PRICE ONLY,,,,,エーアンドエーマテリアル,A&A Material Corporation,スタンダード,,ガラス･土石製品,建設・資材,False,True,25.864022662889518,35.0,47.567151090130054,BASE,False
4176,2026-10-08,268.0,22057755.0,74,-0.02898550724637683,-0.01831501831501836,-0.07903780068728528,2.891700264145697,23.183872444674645,,,,PRICE ONLY,,,,,ココナラ,coconala Inc.,グロース,,情報･通信業,情報通信・サービスその他,False,True,36.03399433427762,35.0,47.53713866750012,BASE,False
2445,2026-10-08,380.0,27838787.599334717,74,-0.033225347492483404,-0.040440127071649457,-0.09449981561795551,2.4666514216022564,12.622185085082124,,,,PRICE ONLY,,,,,タカミヤ,"Takamiya Co.,Ltd.",スタンダード,,サービス業,情報通信・サービスその他,False,True,39.20679886685552,35.0,47.52381813747383,BASE,False
1967,2026-10-08,2132.0,34891825.0,74,0.00994789199431545,0.04561059342815099,-0.02156952730610373,1.3307984790874525,14.187371070318921,,,,PRICE ONLY,,,,,ヤマト,YAMATO CORPORATION,スタンダード,,建設業,建設・資材,False,True,41.72804532577904,35.0,47.41718368047651,BASE,False
9932,2026-10-08,1288.0,42651811.998291016,74,0.007424619044536396,0.07146635465607676,-0.048744460856720795,1.368119630925867,19.14661437020115,,,,PRICE ONLY,,,,,杉本商事,"SUGIMOTO & CO.,LTD.",プライム,,卸売業,商社・卸売,False,True,44.5042492917847,35.0,47.25153459678435,BASE,False
5244,2026-10-08,182.0,28457180.0,74,0.03409090909090917,0.022471910112359605,-0.0267379679144385,1.2684253811602455,19.049027728429515,,,,PRICE ONLY,,,,,ｊｉｇ．ｊｐ,"jig.jp co.,ltd.",グロース,,情報･通信業,情報通信・サービスその他,False,True,39.51841359773371,35.0,47.219222948417446,BASE,False
9846,2026-10-08,971.0,7564595.0,74,-0.011201629327902252,-0.018150272863858397,-0.026916756111900697,2.52387448840382,4.4754238098684285,,,,PRICE ONLY,,,,,天満屋ストア,"TENMAYA STORE CO.,LTD.",スタンダード,,小売業,小売,False,True,22.889518413597735,35.0,47.211910389268986,BASE,False
9441,2026-10-08,2968.0,8737685.0,74,-0.0056951423785595034,0.1829414109206855,-0.04412238325281803,2.2222222222222223,15.753843865836368,,,,PRICE ONLY,,,,,ベルパーク,"Bell-Park Co.,Ltd.",スタンダード,,情報･通信業,情報通信・サービスその他,False,True,24.560906515580736,35.0,47.175798965848955,BASE,False
1430,2026-10-08,1085.0,23707500.0,74,0.06372549019607843,0.11740473738414003,-0.007319304666056681,1.0869565217391304,13.631427765550491,,,,PRICE ONLY,,,,,ファーストコーポレーション,First-corporation Inc.,スタンダード,,建設業,建設・資材,False,True,36.9971671388102,35.0,47.15233059681304,BASE,False
4832,2026-10-08,1838.0,29495651.69555664,74,-0.03874281988851458,-0.08057794352497871,-0.10578573748985187,2.1228346456692915,17.80160730585515,,,,PRICE ONLY,,,,,ＪＦＥシステムズ,"JFE Systems, Inc.",スタンダード,,情報･通信業,情報通信・サービスその他,False,True,39.97167138810198,35.0,47.120829698736856,BASE,False
6539,2026-10-08,967.0,34709340.0,74,-0.029116465863453844,-0.010235414534288667,-0.05103042198233565,1.619718309859155,12.074955826422157,,,,PRICE ONLY,,,,,ＭＳ−Ｊａｐａｎ,"MATCHING SERVICE JAPAN CO.,LTD.",プライム,,サービス業,情報通信・サービスその他,False,True,41.58640226628895,35.0,47.01815878447926,BASE,False
4814,2026-10-08,168.0,42099810.0,74,-0.040000000000000036,0.11258278145695355,-0.040000000000000036,1.5383962484350797,31.530862907543984,,,,PRICE ONLY,,,,,ネクストウェア,Nextware Ltd.,スタンダード,,情報･通信業,情報通信・サービスその他,False,True,44.27762039660056,35.0,46.999594306982544,BASE,False
5962,2026-10-08,2235.0,1319460.0,74,0.07194244604316546,0.12481127327629582,-0.0044543429844098315,2.1052631578947367,24.132393563550256,,,,PRICE ONLY,,,,,浅香工業,"ASAKA INDUSTRIAL CO.,LTD.",スタンダード,,その他製品,情報通信・サービスその他,False,True,3.824362606232295,35.0,46.97956166716167,BASE,False
6391,2026-10-08,5070.0,11181025.0,74,0.06512605042016806,0.18319719953325553,-0.011695906432748537,1.345707656612529,33.67977452901679,,,,PRICE ONLY,,,,,加地テック,KAJI TECHNOLOGY CORPORATION,スタンダード,,機械,機械,False,True,27.90368271954674,35.0,46.9644209290486,BASE,False
6912,2026-10-08,2753.0,33259215.0,74,0.06788207913110944,0.34292682926829277,-0.05427688079697701,1.1416837782340863,37.79973693203821,,,,PRICE ONLY,,,,,菊水ホールディングス,KIKUSUI HOLDINGS CORPORATION,スタンダード,,電気機器,電機・精密,False,True,41.13314447592068,35.0,46.960764837242905,BASE,False
6279,2026-10-08,883.0,22862595.0,74,-0.037077426390403456,-0.0008129793243838446,-0.07052631578947366,1.8982471141513468,17.635470166529714,,,,PRICE ONLY,,,,,瑞光,ZUIKO CORPORATION,プライム,,機械,機械,False,True,36.51558073654391,35.0,46.954289407012695,BASE,False
2112,2026-10-08,444.0,15492968.601074219,74,-0.038636029343257716,0.013096590725116153,-0.06062148810318979,2.2542266750156545,13.13667010164239,,,,PRICE ONLY,,,,,塩水港精糖,"Ensuiko Sugar Refining Co.,Ltd.",スタンダード,,食料品,食品,False,True,31.69971671388102,35.0,46.93793825908227,BASE,False
2359,2026-10-08,1976.0,32646912.095947266,74,-0.05937918088768934,0.020694108151735335,-0.09611554074065476,2.2636571802420673,13.007867294603756,,,,PRICE ONLY,,,,,コア,CORE CORPORATION,プライム,,情報･通信業,情報通信・サービスその他,False,True,40.991501416430594,35.0,46.93154472163692,BASE,False
7372,2026-10-08,430.0,3000940.0,74,0.08860759493670889,0.1436170212765957,-0.0182648401826484,1.7528735632183907,20.02070742877661,,,,PRICE ONLY,,,,,デコルテ・ホールディングス,Decollte Holdings Corporation,グロース,,サービス業,情報通信・サービスその他,False,True,10.991501416430594,35.0,46.88801522520743,BASE,False
6943,2026-10-08,6250.0,5317141.096191406,74,0.1369725990491888,0.2622901947960312,-0.0234375,1.301775147928994,39.11576059518546,,,,PRICE ONLY,,,,,ＮＫＫスイッチズ,"NKK SWITCHES CO.,LTD.",スタンダード,,電気機器,電機・精密,False,True,18.441926345609065,35.0,46.86089471081111,BASE,False
9765,2026-10-08,1149.0,18402950.0,74,-0.021294718909710353,0.025892857142857162,-0.04962779156327546,1.7811012916383413,11.133410677080615,,,,PRICE ONLY,,,,,オオバ,"OHBA CO.,LTD.",プライム,,サービス業,情報通信・サービスその他,False,True,33.73937677053824,35.0,46.83839990041436,BASE,False
4464,2026-10-08,4050.0,19435141.456298828,74,0.1787021046577022,0.13450072031303262,-0.0024630541871921707,0.22892819979188345,61.095341707032304,,,,PRICE ONLY,,,,,ソフト９９コーポレーション,SOFT99corporation,スタンダード,,化学,素材・化学,False,True,34.419263456090654,35.0,46.823589875541316,BASE,False
4197,2026-10-08,2441.0,2317365.0,74,0.035638523546881684,0.0748568912373404,0.0,2.346368715083799,10.73107557635953,,,,PRICE ONLY,,,,,アスマーク,"ASMARQ Co.,Ltd.",スタンダード,,情報･通信業,情報通信・サービスその他,False,True,8.441926345609065,35.0,46.80313464787204,BASE,False
8772,2026-10-08,911.0,6689895.0,74,0.02015677491601342,0.11097560975609766,-0.01406926406926412,1.7579250720461095,15.045542421864269,,,,PRICE ONLY,,,,,アサックス,"ASAX CO.,LTD.",スタンダード,,その他金融業,金融（除く銀行）,False,True,21.359773371104815,35.0,46.78481730749297,BASE,False
8365,2026-10-08,2278.0,17936238.280029297,74,-0.04398815862232974,-0.011163805117194392,-0.07097237725617334,2.1478382147838215,24.995616649683697,,,,PRICE ONLY,,,,,富山銀行,"The Bank of Toyama,Ltd.",スタンダード,,銀行業,銀行,False,True,33.45609065155807,35.0,46.769307573863244,BASE,False
7292,2026-10-08,6730.0,25235012.307128906,74,-0.005882822609489802,0.010245944295392384,-0.02706430582972652,1.4545454545454546,15.505782370154355,,,,PRICE ONLY,,,,,村上開明堂,MURAKAMI CORPORATION,スタンダード,,輸送用機器,自動車・輸送機,False,True,37.93201133144476,35.0,46.76160905813384,BASE,False
5817,2026-10-08,1116.0,47699630.0,74,0.015468607825295688,0.3984962406015038,-0.11498810467882636,1.5260472291444167,33.43074538474043,,,,PRICE ONLY,,,,,ＪＭＡＣＳ,"JMACS Japan Co.,Ltd.",スタンダード,,非鉄金属,鉄鋼・非鉄,False,True,45.75070821529745,35.0,46.67655251311341,BASE,False
6093,2026-10-08,154.0,16101880.0,74,-0.04347826086956519,-0.03177872098262835,-0.06666666666666665,2.295635136606074,18.91923643599687,,,,PRICE ONLY,,,,,ミトラグループ,"MITRA Group,Inc.",スタンダード,,サービス業,情報通信・サービスその他,False,True,32.096317280453256,35.0,46.65477070246747,BASE,False
2329,2026-10-08,469.0,49063125.0390625,74,-0.049019911175312014,-0.049019911175312014,-0.0927265776076287,1.7351930883730613,8.90514206889935,,,,PRICE ONLY,,,,,東北新社,TOHOKUSHINSHA FILM CORPORATION,スタンダード,,情報･通信業,情報通信・サービスその他,False,True,46.06232294617564,35.0,46.64564588013024,BASE,False
7775,2026-10-08,420.0,9503910.414276123,74,0.004937810228699879,0.021686761298637114,-0.011270923517424758,1.6701078228951594,6.199950168507561,,,,PRICE ONLY,,,,,大研医器,"DAIKEN MEDICAL CO.,LTD.",スタンダード,,精密機器,電機・精密,False,True,25.722379603399432,35.0,46.641043219220066,BASE,False
3560,2026-10-08,5120.0,22486700.0,74,0.18244803695150114,0.125039657858232,-0.024761904761904763,0.26373626373626374,57.44997555857795,,,,PRICE ONLY,,,,,ほぼ日,"Hobonichi Co.,Ltd.",スタンダード,,小売業,小売,False,True,36.288951841359776,35.0,46.601246873275805,BASE,False
8383,2026-10-08,1868.0,46487914.5715332,74,-0.023439447896167587,0.13133837832530793,-0.06356540723183879,1.4743998300403653,27.61188698189147,,,,PRICE ONLY,,,,,鳥取銀行,"THE TOTTORI BANK,LTD.",スタンダード,,銀行業,銀行,False,True,45.38243626062323,35.0,46.59582931329991,BASE,False
5982,2026-10-08,4045.0,11270275.0,74,-0.027644230769230727,0.009414829131144442,-0.03229665071770338,1.86219739292365,8.605631928141749,,,,PRICE ONLY,,,,,マルゼン,"MARUZEN CO.,LTD.",スタンダード,,金属製品,建設・資材,False,True,28.01699716713881,35.0,46.580129182981686,BASE,False
6193,2026-10-08,1120.0,48534175.0,74,-0.08196721311475408,0.10562685093780844,-0.10040160642570284,1.9319399785637728,71.59953702093208,,,,PRICE ONLY,,,,,バーチャレクス・ホールディングス,"Virtualex Holdings,Inc.",グロース,,サービス業,情報通信・サービスその他,False,True,45.8356940509915,35.0,46.53290581832988,BASE,False
2469,2026-10-08,1389.0,36451945.993652344,74,0.017399810999324306,0.06412484203452329,-0.051877133105802,1.2828321279025505,35.07806634039717,,,,PRICE ONLY,,,,,ヒビノ,Hibino Corporation,スタンダード,,サービス業,情報通信・サービスその他,False,True,42.43626062322946,35.0,46.5095482427964,BASE,False
6663,2026-10-08,318.0,10461435.0,74,0.00952380952380949,0.042622950819672045,-0.09659090909090906,31.916030534351144,19.056343828369513,,,,PRICE ONLY,,,,,太洋テクノレックス,"TAIYO TECHNOLEX CO.,LTD.",スタンダード,,電気機器,電機・精密,False,True,27.082152974504247,35.0,46.49661380454834,BASE,False
6643,2026-10-08,5490.0,23296458.732910156,74,-0.05786019385747898,0.03512571597180436,-0.0857524983099035,2.1566110397946083,33.95718343575944,,,,PRICE ONLY,,,,,戸上電機製作所,"Togami Electric Mfg.Co.,Ltd.",スタンダード,,電気機器,電機・精密,False,True,36.827195467422094,35.0,46.487561966156136,BASE,False
9768,2026-10-08,3615.0,38273850.0,74,-0.04743083003952564,0.04028776978417259,-0.07426376440460947,1.699544764795144,19.060062088365612,,,,PRICE ONLY,,,,,いであ,"IDEA Consultants,Inc.",スタンダード,,サービス業,情報通信・サービスその他,False,True,43.0028328611898,35.0,46.45061658351013,BASE,False
7487,2026-10-08,1889.0,12163535.0,74,0.0494444444444444,0.03677277716794736,0.0,1.2618296529968454,5.0841231038937025,,,,PRICE ONLY,,,,,小津産業,OZU CORPORATION,スタンダード,,卸売業,商社・卸売,False,True,28.8385269121813,35.0,46.4346649738438,BASE,False
4792,2026-10-08,1707.0,39608816.009521484,74,-0.014555654347658598,0.03148224957237766,-0.03686556817465669,1.3251694729936585,11.473514414755355,,,,PRICE ONLY,,,,,山田コンサルティンググループ,"YAMADA Consulting Group Co.,Ltd.",プライム,,サービス業,情報通信・サービスその他,False,True,43.59773371104816,35.0,46.41635173314272,BASE,False
4441,2026-10-08,1556.0,31508010.0,74,0.04080267558528439,0.09577464788732404,-0.07380952380952377,1.301335972290945,52.923302785047646,,,,PRICE ONLY,,,,,トビラシステムズ,Tobila Systems Inc.,スタンダード,,情報･通信業,情報通信・サービスその他,False,True,40.73654390934844,35.0,46.382545093400026,BASE,False
6265,2026-10-08,3310.0,5493775.0,74,0.09240924092409242,-0.004511278195488688,-0.13802083333333337,12.744186046511627,25.068269355961696,,,,PRICE ONLY,,,,,コンバム,CONVUM Ltd.,スタンダード,,機械,機械,False,True,18.951841359773372,35.0,46.36586516316165,BASE,False
2491,2026-10-08,445.0,47297930.0,74,-0.06315789473684208,-0.030501089324618702,-0.11530815109343939,1.8891498825528512,24.72979343534783,,,,PRICE ONLY,,,,,バリューコマース,"ValueCommerce Co.,Ltd.",プライム,,サービス業,情報通信・サービスその他,False,True,45.58073654390935,35.0,46.35707522428666,BASE,False
5363,2026-10-08,715.0,44340506.5435791,74,0.05743519502175287,0.06835269968230029,-0.017857142857142905,0.8100381194409149,17.923999259999178,,,,PRICE ONLY,,,,,東京窯業,TYK CORPORATION,スタンダード,,ガラス･土石製品,建設・資材,False,True,44.95750708215297,35.0,46.34012889916346,BASE,False
7840,2026-10-08,1271.0,42482918.5168457,74,-0.0025277776766555737,0.031014100054798543,-0.02958805990625657,1.1908067252815056,12.392296630927191,,,,PRICE ONLY,,,,,フランスベッドホールディングス,"FRANCE BED HOLDINGS CO.,LTD.",プライム,,その他製品,情報通信・サービスその他,False,True,44.447592067988666,35.0,46.339475114845285,BASE,False
7953,2026-10-08,397.0,4513615.530700684,74,0.004887830787555947,0.03847016292273464,-0.022167487684729092,1.9553072625698324,8.196053139647125,,,,PRICE ONLY,,,,,菊水化学工業,"KIKUSUI CHEMICAL INDUSTRIES CO.,LTD.",スタンダード,,その他製品,情報通信・サービスその他,False,True,16.402266288951843,35.0,46.3224982378851,BASE,False
8029,2026-10-08,2721.0,27804665.0,74,0.022547914317925688,0.015677491601343796,-0.011623683254631256,1.1256671518680252,11.269200750198651,,,,PRICE ONLY,,,,,ルックホールディングス,LOOK HOLDINGS INCORPORATED,スタンダード,,繊維製品,素材・化学,False,True,39.17847025495751,35.0,46.29496718190313,BASE,False
5261,2026-10-08,7500.0,24270450.0,74,-0.01832460732984298,-0.02975420439844756,-0.06015037593984962,1.6293929712460065,13.558321606813214,,,,PRICE ONLY,,,,,リソルホールディングス,"RESOL HOLDINGS Co.,Ltd.",プライム,,サービス業,情報通信・サービスその他,False,True,37.22379603399433,35.0,46.28374335527538,BASE,False
6798,2026-10-08,3345.0,44523386.986083984,74,0.02583945741871374,0.1588835670125468,-0.04216398993193904,1.0776186887716654,24.331093078143716,,,,PRICE ONLY,,,,,ＳＭＫ,SMK Corporation,プライム,,電気機器,電機・精密,False,True,45.01416430594901,35.0,46.2620758440926,BASE,False
5984,2026-10-08,790.0,3067756.541442871,74,0.003446572161989181,0.09881542112247721,0.0,2.926829268292683,17.098146619855214,,,,PRICE ONLY,,,,,兼房,KANEFUSA CORPORATION,スタンダード,,金属製品,建設・資材,False,True,11.246458923512748,35.0,46.26031711597075,BASE,False
5280,2026-10-08,2125.0,19464905.0,74,-0.04622980251346498,-0.08286577470867507,-0.09188034188034189,3.673731535003211,14.268049008221684,,,,PRICE ONLY,,,,,ヨシコン,"Yoshicon Co.,Ltd.",スタンダード,,不動産業,不動産,False,True,34.44759206798867,35.0,46.211242644882105,BASE,False
4347,2026-10-08,1872.0,27901400.0,74,0.14215985356924965,0.026315789473684292,-0.015255128879537061,0.5045278137128072,33.17475085358746,,,,PRICE ONLY,,,,,ブロードメディア,Broadmedia Corporation,スタンダード,,サービス業,情報通信・サービスその他,False,True,39.26345609065156,35.0,46.153994219528826,BASE,False
4616,2026-10-08,3030.0,12235395.0,74,0.24691358024691357,0.563467492260062,-0.0982142857142857,0.9203980099502488,65.53315399724251,,,,PRICE ONLY,,,,,川上塗料,"KAWAKAMI PAINT MANUFACTURING CO.,LTD.",スタンダード,,化学,素材・化学,False,True,28.951841359773372,35.0,46.151057385908715,BASE,False
3892,2026-10-08,1622.0,3792065.0,74,0.020125786163522008,-0.028160575194727366,-0.037959667852906276,3.009259259259259,16.37183915380305,,,,PRICE ONLY,,,,,岡山製紙,"Okayama Paper Industries Co.,Ltd.",スタンダード,,パルプ・紙,素材・化学,False,True,13.937677053824363,35.0,46.13673030258046,BASE,False
2804,2026-10-08,1831.0,33630119.64782715,74,0.000947458431746151,0.03625523203622083,-0.022423918846769864,1.1975377728035814,11.500170960911014,,,,PRICE ONLY,,,,,ブルドックソース,"BULL-DOG SAUCE CO.,LTD.",プライム,,食料品,食品,False,True,41.274787535410766,35.0,46.10177339519826,BASE,False
7997,2026-10-08,1175.0,4239485.0,74,0.08494921514312104,0.13526570048309172,-0.006762468300929858,1.4647887323943662,16.27460172599127,,,,PRICE ONLY,,,,,くろがね工作所,Kurogane Kosakusho Ltd.,スタンダード,,その他製品,情報通信・サービスその他,False,True,15.354107648725213,35.0,46.0883678546438,BASE,False
9788,2026-10-08,497.0,22102987.182769775,74,-0.033055788366955996,-0.04228232510388019,-0.07918521693209046,1.7972350230414746,9.505351884597097,,,,PRICE ONLY,,,,,ナック,"NAC CO.,LTD.",プライム,,サービス業,情報通信・サービスその他,False,True,36.06232294617564,35.0,46.046694353304,BASE,False
4442,2026-10-08,420.0,21519660.0,74,0.03194103194103204,0.0714285714285714,-0.009433962264150941,1.1360762571734266,22.121527122627413,,,,PRICE ONLY,,,,,バルテス・ホールディングス,"VALTES HOLDINGS CO.,LTD.",グロース,,情報･通信業,情報通信・サービスその他,False,True,35.609065155807365,35.0,46.043695876710984,BASE,False
5986,2026-10-08,280.0,36901085.0,74,0.08949416342412442,0.1914893617021276,-0.04761904761904767,0.8161814087622961,43.877451230410905,,,,PRICE ONLY,,,,,モリテック　スチール,"MOLITEC STEEL CO.,LTD.",スタンダード,,金属製品,建設・資材,False,True,42.57790368271955,35.0,46.03706620759586,BASE,False
3920,2026-10-08,1015.0,1780671.7803955078,74,0.027502302336566586,0.027502302336566586,0.0,4.012738853503185,11.40533194697904,,,,PRICE ONLY,,,,,アイビーシー,"Internetworking and Broadband Consulting Co.,Ltd.",スタンダード,,情報･通信業,情報通信・サービスその他,False,True,5.920679886685552,35.0,46.01992920030511,BASE,False
1736,2026-10-08,2499.0,10234882.61352539,74,0.05590706940333057,-0.012796442330366142,-0.034485035462444635,1.3924050632911393,11.912687460743292,,,,PRICE ONLY,,,,,オーテック,OTEC CORPORATION,スタンダード,,建設業,建設・資材,False,True,26.770538243626063,35.0,45.99238203577469,BASE,False
4482,2026-10-08,739.0,5874075.0,74,-0.0013513513513513375,0.042313117066290484,-0.017287234042553168,1.8050065876152832,8.79571807727992,,,,PRICE ONLY,,,,,ウィルズ,WILLs Inc.,グロース,,情報･通信業,情報通信・サービスその他,False,True,20.0,35.0,45.98473390757734,BASE,False
2930,2026-10-08,129.0,43736565.0,74,-0.022727272727272707,0.054000458296627585,-0.05147058823529416,1.3385898963968095,32.5471813456177,,,,PRICE ONLY,,,,,北の達人コーポレーション,Kitanotatsujin Corporation,プライム,,化学,素材・化学,False,True,44.759206798866856,35.0,45.98328291507474,BASE,False
7822,2026-10-08,243.0,10126195.41053772,74,-0.03959902240241364,0.02389861086286471,-0.05813953488372092,2.4859962656708454,16.59684342565885,,,,PRICE ONLY,,,,,永大産業,"Eidai Co.,Ltd.",スタンダード,,その他製品,情報通信・サービスその他,False,True,26.628895184135974,35.0,45.97142052788066,BASE,False
3671,2026-10-08,316.0,7318975.0,74,0.03947368421052633,0.02931596091205213,-0.05671641791044779,1.6897689768976898,20.801186487970664,,,,PRICE ONLY,,,,,ソフトマックス,"SOFTMAX CO.,LTD",スタンダード,,情報･通信業,情報通信・サービスその他,False,True,22.521246458923514,35.0,45.83899949051685,BASE,False
9629,2026-10-08,1513.0,39011300.0,74,-0.008519003931848013,0.09558291093410576,-0.097255369928401,1.4970426269630839,14.641403966858224,,,,PRICE ONLY,,,,,ピー・シー・エー,PCA CORPORATION,プライム,,情報･通信業,情報通信・サービスその他,False,True,43.39943342776204,35.0,45.766815017350865,BASE,False
4673,2026-10-08,4865.0,7496550.0,74,0.006204756980351611,0.06455142231947475,-0.02894211576846306,1.7049180327868851,20.122406709191257,,,,PRICE ONLY,,,,,川崎地質,"Kawasaki Geological Engineering Co.,Ltd.",スタンダード,,サービス業,情報通信・サービスその他,False,True,22.804532577903682,35.0,45.75866630624935,BASE,False
2922,2026-10-08,1946.0,30755784.58557129,74,-0.016244740163392835,-0.0052641969959308366,-0.03749421514149154,1.3306852035749752,10.919575764142953,,,,PRICE ONLY,,,,,なとり,"NATORI CO.,LTD.",プライム,,食料品,食品,False,True,40.48158640226629,35.0,45.75155126849067,BASE,False
9165,2026-10-08,1744.0,11956460.0,74,0.024075161479741647,-0.0113378684807256,-0.05474254742547424,1.5578284815106216,16.315199850360493,,,,PRICE ONLY,,,,,クオルテック,"Qualtec Co.,Ltd.",グロース,,サービス業,情報通信・サービスその他,False,True,28.753541076487256,35.0,45.74205655144102,BASE,False
9857,2026-10-08,2600.0,2928060.4907226562,74,0.0072834531162879745,0.08619688705698336,-0.016641452344931973,4.838709677419355,12.738798313446928,,,,PRICE ONLY,,,,,英和,EIWA CORPORATION,スタンダード,,卸売業,商社・卸売,False,True,10.679886685552407,35.0,45.73770567131578,BASE,False
6039,2026-10-08,1005.0,40630150.0,74,-0.00691699604743079,-0.046489563567362446,-0.11842105263157898,1.5719964097961276,16.875849386896157,,,,PRICE ONLY,,,,,日本動物高度医療センター,"Japan Animal Referral Medical Center Co.,Ltd.",グロース,,サービス業,情報通信・サービスその他,False,True,43.88101983002833,35.0,45.72986548011305,BASE,False
9438,2026-10-08,595.0,18175494.73236084,74,0.04459151014370777,-0.0003000592940135549,-0.05349224067881886,1.2980611238908972,18.730127330284088,,,,PRICE ONLY,,,,,エムティーアイ,MTI Ltd.,プライム,,情報･通信業,情報通信・サービスその他,False,True,33.597733711048164,35.0,45.72316533196684,BASE,False
3623,2026-10-08,1261.0,20863450.0,74,-0.017147310989867548,0.21953578336557067,-0.037404580152671785,1.4890965732087227,24.207230147006342,,,,PRICE ONLY,,,,,ビリングシステム,Billing System Corporation,グロース,,情報･通信業,情報通信・サービスその他,False,True,35.184135977337114,35.0,45.720104832720665,BASE,False
7523,2026-10-08,1877.0,3068495.0,74,0.0,0.09318578916715192,-0.014698162729658848,4.236111111111111,0.7564517926787626,,,,PRICE ONLY,,,,,アールビバン,"ART VIVANT CO.,LTD.",スタンダード,,小売業,小売,False,True,11.274787535410765,35.0,45.67012436122538,BASE,False
4308,2026-10-08,351.0,5646400.0,74,-0.019553072625698276,-0.011267605633802802,-0.043596730245231585,2.8236868517898963,8.625758055658402,,,,PRICE ONLY,,,,,Ｊストリーム,J-Stream Inc.,グロース,,情報･通信業,情報通信・サービスその他,False,True,19.320113314447593,35.0,45.66959501132412,BASE,False
7466,2026-10-08,1438.0,47258315.92956543,74,0.0017443645748322911,0.06389639214720799,-0.030343897505057282,1.0340595274624118,14.582501593518588,,,,PRICE ONLY,,,,,ＳＰＫ,SPK CORPORATION,プライム,,卸売業,商社・卸売,False,True,45.524079320113316,35.0,45.63169997313767,BASE,False
2892,2026-10-08,4925.0,26043315.017089844,74,0.08890245554715293,0.18848149525451063,-0.0030364372469635637,0.6617647058823529,19.07924098251203,,,,PRICE ONLY,,,,,日本食品化工,"NIHON SHOKUHIN KAKO CO.,LTD.",スタンダード,,食料品,食品,False,True,38.44192634560907,35.0,45.60907376418976,BASE,False
9057,2026-10-08,3180.0,3686778.0908203125,74,-0.004076127472456892,0.008372915151559246,-0.026608331679910835,2.7450980392156863,10.856156560363054,,,,PRICE ONLY,,,,,遠州トラック,"ENSHU TRUCK CO.,LTD.",スタンダード,,陸運業,運輸・物流,False,True,13.541076487252123,35.0,45.596548718797656,BASE,False
1848,2026-10-08,857.0,35299200.0,74,0.13210039630118886,0.34326018808777436,-0.06543075245365326,0.6367866764633847,55.02298866803239,,,,PRICE ONLY,,,,,富士ピー・エス,FUJI P.S CORPORATION,スタンダード,,建設業,建設・資材,False,True,41.92634560906516,35.0,45.592694430961195,BASE,False
7975,2026-10-08,1163.0,4208935.0,74,-0.0042808219178082085,0.06599450045829514,-0.03083333333333338,1.9672131147540983,18.706339115697535,,,,PRICE ONLY,,,,,リヒトラブ,"LIHIT LAB.,INC.",スタンダード,,その他製品,情報通信・サービスその他,False,True,15.212464589235127,35.0,45.56791645521616,BASE,False
3021,2026-10-08,1594.0,15345835.0,74,-0.0025031289111389077,-0.09018264840182644,-0.14070080862533696,3.050647820965842,16.067485398273508,,,,PRICE ONLY,,,,,パシフィックネット,"Pacific Net Co.,Ltd.",スタンダード,,サービス業,情報通信・サービスその他,False,True,31.61473087818697,35.0,45.557205475503466,BASE,False
4371,2026-10-08,1524.0,22967235.0,74,0.05833333333333335,0.0672268907563025,-0.03483217226092461,1.0208193418401612,27.719988933991228,,,,PRICE ONLY,,,,,コアコンセプト・テクノロジー,Core Concept Technologies Inc.,グロース,,情報･通信業,情報通信・サービスその他,False,True,36.60056657223796,35.0,45.55305380442576,BASE,False
6771,2026-10-08,693.0,7090190.0,74,0.022123893805309658,0.08450704225352124,0.0,1.4698677119059285,24.158479462712013,,,,PRICE ONLY,,,,,池上通信機,"IKEGAMI TSUSHINKI CO.,LTD.",スタンダード,,電気機器,電機・精密,False,True,22.124645892351275,35.0,45.54210456926325,BASE,False
6137,2026-10-08,1512.0,32620850.0,74,-0.024516129032258083,-0.0052631578947368585,-0.025145067698259194,1.264498521719354,19.158874439638847,,,,PRICE ONLY,,,,,小池酸素工業,"KOIKE SANSO KOGYO CO.,LTD.",スタンダード,,機械,機械,False,True,40.963172804532576,35.0,45.52438081964089,BASE,False
6907,2026-10-08,808.0,16867525.0,74,0.013801756587201952,0.2784810126582278,-0.0024691358024691024,1.1996294580824456,25.457337399181835,,,,PRICE ONLY,,,,,ジオマテック,"GEOMATEC CO.,LTD.",スタンダード,,電気機器,電機・精密,False,True,32.71954674220963,35.0,45.493919047924905,BASE,False
5010,2026-10-08,311.0,37034330.0,74,0.0761245674740485,0.31779661016949157,-0.06606606606606602,0.8898339083687715,32.20004378025991,,,,PRICE ONLY,,,,,日本精蝋,"NIPPON SEIRO CO.,LTD.",スタンダード,,石油･石炭製品,エネルギー資源,False,True,42.63456090651558,35.0,45.4815000700104,BASE,False
7908,2026-10-08,239.0,20039926.607894897,74,0.012448123124457533,0.020991958511354936,-0.02429394153663944,1.2490001845813081,14.466406802013774,,,,PRICE ONLY,,,,,きもと,"KIMOTO CO.,LTD.",スタンダード,,化学,素材・化学,False,True,34.73087818696884,35.0,45.469607037024055,BASE,False
5284,2026-10-08,2205.0,13883315.0,74,-0.014745308310991967,-0.031195079086115962,-0.0684410646387833,1.7329093799682036,5.973548955713159,,,,PRICE ONLY,,,,,ヤマウホールディングス,"YAMAU HOLDINGS CO.,LTD.",スタンダード,,ガラス･土石製品,建設・資材,False,True,30.36827195467422,35.0,45.45601937168078,BASE,False
2882,2026-10-08,2000.0,34187745.0,74,-0.008428358948934012,-0.019319243309984357,-0.038115269532618234,1.209964412811388,7.145920984909948,,,,PRICE ONLY,,,,,イートアンドホールディングス,"EAT&HOLDINGS Co.,Ltd",プライム,,食料品,食品,False,True,41.47308781869688,35.0,45.39285222537509,BASE,False
5644,2026-10-08,7250.0,18781783.813476562,74,0.00694444444444442,-0.0417574457569726,-0.051674600993429576,1.4179104477611941,7.038720970547232,,,,PRICE ONLY,,,,,メタルアート,METALART CORPORATION,スタンダード,,鉄鋼,鉄鋼・非鉄,False,True,33.994334277620396,35.0,45.36979768926463,BASE,False
2462,2026-10-08,1479.0,36832225.0,74,-0.022471910112359605,-0.01857996018579955,-0.0476497102382486,1.2903225806451613,10.271344175209558,,,,PRICE ONLY,,,,,ライク,"LIKE,Inc.",プライム,,サービス業,情報通信・サービスその他,False,True,42.549575070821525,35.0,45.35250828901283,BASE,False
9753,2026-10-08,1430.0,11000025.0,74,0.0021023125437982237,0.10938712179984478,-0.01718213058419249,1.4528173794976238,24.292996831308837,,,,PRICE ONLY,,,,,アイエックス・ナレッジ,IX Knowledge Incorporated,スタンダード,,情報･通信業,情報通信・サービスその他,False,True,27.762039660056658,35.0,45.31104098141565,BASE,False
6882,2026-10-08,1141.0,35684605.45959473,74,-0.0011264624856788252,-0.05213972206723827,-0.1786564444876383,1.8248759404514168,28.575649377295886,,,,PRICE ONLY,,,,,三社電機製作所,"Sansha Electric Manufacturing Co.,Ltd.",スタンダード,,電気機器,電機・精密,False,True,42.09631728045326,35.0,45.2996708518381,BASE,False
3396,2026-10-08,847.0,4758120.0,74,-0.01967592592592593,-0.009356725146198785,-0.040770101925254765,3.2271325796505654,10.275619052789219,,,,PRICE ONLY,,,,,フェリシモ,FELISSIMO CORPORATION,スタンダード,,小売業,小売,False,True,16.912181303116146,35.0,45.27566191630642,BASE,False
9990,2026-10-08,742.0,37831830.0,74,-0.014608233731739695,-0.036363636363636376,-0.058375634517766506,1.278391959798995,11.485394740019196,,,,PRICE ONLY,,,,,サックスバー　ホールディングス,SAC'S BAR HOLDINGS INC.,プライム,,小売業,小売,False,True,42.889518413597735,35.0,45.26197870779722,BASE,False
6257,2026-10-08,1000.0,33292178.237304688,74,0.002201859015938501,0.009106844360790234,-0.023569031595503942,1.0710987996306556,8.846884047574989,,,,PRICE ONLY,,,,,藤商事,"FUJISHOJI CO.,LTD.",スタンダード,,機械,機械,False,True,41.16147308781869,35.0,45.24197587355593,BASE,False
3842,2026-10-08,1321.0,11622770.350952148,74,0.2617632055611814,0.45239912700086626,-0.036469730123997124,0.3320835565077665,38.42130054302535,,,,PRICE ONLY,,,,,ネクストジェン,"Nextgen,Inc.",スタンダード,,情報･通信業,情報通信・サービスその他,False,True,28.385269121813035,35.0,45.2417875953327,BASE,False
2764,2026-10-08,160.0,27659275.0,74,-0.012345679012345734,0.11111111111111116,-0.06432748538011701,1.4030151983119783,27.168573999182676,,,,PRICE ONLY,,,,,ひらまつ,Hiramatsu Inc.,スタンダード,,小売業,小売,False,True,39.09348441926346,35.0,45.21773165065546,BASE,False
3912,2026-10-08,1040.0,19648095.0,74,-0.07719609582963616,-0.05282331511839711,-0.09090909090909094,2.5328846742122972,23.316031934485107,,,,PRICE ONLY,,,,,モバイルファクトリー,"Mobile Factory,Inc.",スタンダード,,情報･通信業,情報通信・サービスその他,False,True,34.53257790368272,35.0,45.198103983460705,BASE,False
9994,2026-10-08,1964.0,33641869.915771484,74,-0.026018877417376185,-0.045089183280029754,-0.05680036824976076,1.3617767387492694,8.89232556154951,,,,PRICE ONLY,,,,,やまや,YAMAYA CORPORATION,スタンダード,,小売業,小売,False,True,41.303116147308785,35.0,45.160570865362956,BASE,False
5983,2026-10-08,15000.0,25664953.208007812,74,0.12861965627800198,0.15965890928341686,-0.024425811711387024,0.3305785123966942,27.018554889828515,,,,PRICE ONLY,,,,,イワブチ,IWABUCHI CORPORATION,スタンダード,,金属製品,建設・資材,False,True,38.21529745042493,35.0,45.15189453899641,BASE,False
7481,2026-10-08,2473.0,6444899.168701172,74,-0.034620641398172114,-0.004524029521272843,-0.05522984625928429,2.4516129032258065,11.821560225390149,,,,PRICE ONLY,,,,,尾家産業,"OIE SANGYO CO.,LTD.",スタンダード,,卸売業,商社・卸売,False,True,21.019830028328613,35.0,45.11485972573023,BASE,False
5258,2026-10-08,414.0,21526990.0,74,-0.032710280373831724,0.014705882352941124,-0.07795100222717144,1.6614686702580097,26.42567915130243,,,,PRICE ONLY,,,,,トランザクション・メディア・ネットワークス,Transaction Media Networks Inc.,グロース,,情報･通信業,情報通信・サービスその他,False,True,35.63739376770538,35.0,45.10855746529908,BASE,False
5368,2026-10-08,983.0,16767885.0,74,-0.029615004935834133,0.014447884416924683,-0.06647673314339986,1.6789490547901313,16.821469839954716,,,,PRICE ONLY,,,,,日本インシュレーション,"JAPAN INSULATION CO.,LTD.",スタンダード,,ガラス･土石製品,建設・資材,False,True,32.63456090651558,35.0,45.10356426446728,BASE,False
4379,2026-10-08,484.0,35885490.0,74,0.11264367816091947,0.22222222222222232,-0.05653021442495132,0.6096897114861187,39.37816018628928,,,,PRICE ONLY,,,,,Ｐｈｏｔｏｓｙｎｔｈ,Photosynth inc.,グロース,,情報･通信業,情報通信・サービスその他,False,True,42.26628895184136,35.0,45.10221667317253,BASE,False
8860,2026-10-08,695.0,48867656.06201172,74,-0.05060178240617408,-0.07532565738079311,-0.0860362248748614,1.4798512559763224,16.524667391058504,,,,PRICE ONLY,,,,,フジ住宅,FUJI CORPORATION LIMITED,プライム,,不動産業,不動産,False,True,46.005665722379604,35.0,45.09523643148292,BASE,False
8091,2026-10-08,2265.0,27698479.229736328,74,-0.044169592558620296,0.017646114195605245,-0.05894649202602242,1.5202108963093146,18.770912208241008,,,,PRICE ONLY,,,,,ニチモウ,"NICHIMO CO.,LTD.",プライム,,卸売業,商社・卸売,False,True,39.12181303116147,35.0,45.08847870305787,BASE,False
1780,2026-10-08,1422.0,43251424.11315918,74,-0.03451752290312171,-0.027993950194742934,-0.07009122091765974,1.3545816733067728,8.455141631870802,,,,PRICE ONLY,,,,,ヤマウラ,YAMAURA CORPORATION,プライム,,建設業,建設・資材,False,True,44.64589235127478,35.0,45.05782416055962,BASE,False
5491,2026-10-08,876.0,29368610.0,74,-0.04885993485342022,0.020979020979021046,-0.09034267912772587,1.6688741721854305,21.30978768682529,,,,PRICE ONLY,,,,,日本金属,"NIPPON KINZOKU CO.,LTD.",スタンダード,,鉄鋼,鉄鋼・非鉄,False,True,39.88668555240793,35.0,45.051353896520865,BASE,False
9306,2026-10-08,1991.0,5840911.869506836,74,0.014399379852212402,0.005337755184183335,-0.02090110173502313,1.6013628620102214,5.923372683753636,,,,PRICE ONLY,,,,,東陽倉庫,"Toyo Logistics Co.,Ltd.",スタンダード,,倉庫･運輸関連業,運輸・物流,False,True,19.943342776203966,35.0,45.03835199528225,BASE,False
3768,2026-10-08,560.0,2322640.0,74,0.0035842293906809264,-0.005328596802841923,-0.020979020979020935,4.9411764705882355,16.281412978415975,,,,PRICE ONLY,,,,,リスクモンスター,Riskmonster.com,スタンダード,,情報･通信業,情報通信・サービスその他,False,True,8.498583569405099,35.0,45.03364353974333,BASE,False
3695,2026-10-08,1510.0,22275695.0,74,-0.06327543424317617,0.05006954102920713,-0.12055911473500291,3.8440330838912957,36.480760393272085,,,,PRICE ONLY,,,,,ＧＭＯプロダクトプラットフォーム,"GMO Product Platform,Inc.",グロース,,情報･通信業,情報通信・サービスその他,False,True,36.11898016997167,35.0,45.02903848819784,BASE,False
9216,2026-10-08,1592.0,35571050.0,74,-0.03456640388114007,-0.0050000000000000044,-0.07656612529002316,1.4535731648031114,16.568916484785063,,,,PRICE ONLY,,,,,ビーウィズ,"Bewith,Inc.",プライム,,サービス業,情報通信・サービスその他,False,True,42.039660056657226,35.0,44.98441066693021,BASE,False
3035,2026-10-08,740.0,19345200.0,74,-0.046391752577319534,-0.07675404897098725,-0.13024458499390412,14.780327868852458,26.71485678381243,,,,PRICE ONLY,,,,,ケイティケイ,ktk INC.,スタンダード,,卸売業,商社・卸売,False,True,34.390934844192635,35.0,44.94752072531426,BASE,False
9514,2026-10-08,333.0,41523020.0,74,-0.02346041055718473,0.030959752321981338,-0.07756232686980613,1.3299961161696803,35.46773658772675,,,,PRICE ONLY,,,,,エフオン,EF-ON INC.,スタンダード,,電気･ガス業,電気・ガス,False,True,44.13597733711048,35.0,44.92822749475255,BASE,False
5990,2026-10-08,1964.0,1096646.2200927734,74,0.022794675012567822,0.005773932212620458,-0.007736516847973163,3.1067961165048543,13.214220935318863,,,,PRICE ONLY,,,,,スーパーツール,"SUPER TOOL CO.,LTD.",スタンダード,,金属製品,建設・資材,False,True,2.4645892351274785,35.0,44.91586990704012,BASE,False
5484,2026-10-08,4460.0,1582725.0,74,0.003374578177727683,0.0022471910112360494,-0.005574136008918651,3.956043956043956,3.3910742023248224,,,,PRICE ONLY,,,,,東北特殊鋼,"Tohoku Steel Co.,Ltd.",スタンダード,,鉄鋼,鉄鋼・非鉄,False,True,5.18413597733711,35.0,44.86422474127109,BASE,False
5998,2026-10-08,2919.0,30025900.0,74,0.06493980299160884,0.10568181818181821,-0.09768160741885623,1.0818307905686546,42.80859999927861,,,,PRICE ONLY,,,,,アドバネクス,Advanex Inc.,スタンダード,,金属製品,建設・資材,False,True,40.1699716713881,35.0,44.85757870428718,BASE,False
3323,2026-10-08,89.0,25378534.09450531,74,-0.05077674504706298,0.2352905234981315,-0.11591947865552632,1.82565998079397,23.372359299085435,,,,PRICE ONLY,,,,,レカム,"RECOMM CO.,LTD.",スタンダード,,卸売業,商社・卸売,False,True,38.13031161473088,35.0,44.84835264174969,BASE,False
9046,2026-10-08,2322.0,31662930.0,74,-0.05762987012987009,-0.03850931677018632,-0.08039603960396036,1.6052733617681272,11.01598629510063,,,,PRICE ONLY,,,,,神戸電鉄,"Kobe Electric Railway Co.,Ltd.",スタンダード,,陸運業,運輸・物流,False,True,40.76487252124646,35.0,44.82556817683636,BASE,False
8226,2026-10-08,371.0,44236870.0,74,-0.04871794871794877,-0.00536193029490617,-0.0884520884520884,1.4721497345451273,23.906810201417358,,,,PRICE ONLY,,,,,理経,RIKEI CORPORATION,スタンダード,,卸売業,商社・卸売,False,True,44.87252124645892,35.0,44.80333707742723,BASE,False
6291,2026-10-08,1303.0,29253495.0,74,-0.03266518188567191,0.02437106918238996,-0.07193732193732194,1.4584803575629264,19.28466699697539,,,,PRICE ONLY,,,,,日本エアーテック,"AIRTECH JAPAN,LTD.",スタンダード,,機械,機械,False,True,39.8300283286119,35.0,44.79081980281303,BASE,False
4752,2026-10-08,1578.0,1891915.0,74,0.008306709265175627,0.01806451612903226,-0.022304832713754608,5.38860103626943,10.978670965250542,,,,PRICE ONLY,,,,,昭和システムエンジニアリング,SHOWA SYSTEM ENGINEERING CORPORATION,スタンダード,,情報･通信業,情報通信・サービスその他,False,True,6.685552407932012,35.0,44.78986202176683,BASE,False
7683,2026-10-08,1401.0,30288155.0,74,-0.004971590909090939,-0.006013548606854768,-0.0332833928718983,1.1116412213740459,6.205229336927318,,,,PRICE ONLY,,,,,ダブルエー,"WA,Inc.",プライム,,小売業,小売,False,True,40.3399433427762,35.0,44.78628914011478,BASE,False
6496,2026-10-08,5110.0,34851250.0,74,-0.08750000000000002,-0.0641025641025641,-0.13682432432432434,2.5222024866785078,47.747094923264804,,,,PRICE ONLY,,,,,中北製作所,"NAKAKITA SEISAKUSHO CO.,LTD.",スタンダード,,機械,機械,False,True,41.69971671388102,35.0,44.7860099450928,BASE,False
6699,2026-10-08,476.0,38414943.819885254,74,-0.04637615040406018,0.02359626008858906,-0.08049830142734815,1.4726717358809385,15.337272374249256,,,,PRICE ONLY,,,,,ダイヤモンドエレクトリックホールディングス,"DIAMOND ELECTRIC HOLDINGS Co.,Ltd.",スタンダード,,電気機器,電機・精密,False,True,43.05949008498583,35.0,44.78299916024683,BASE,False
5271,2026-10-08,2274.0,1315255.0,74,0.019730941704035887,0.021161494368556077,-0.017413804452951376,2.909090909090909,18.306863805388854,,,,PRICE ONLY,,,,,トーヨーアサノ,"TOYO ASANO FOUNDATION CO.,LTD.",スタンダード,,ガラス･土石製品,建設・資材,False,True,3.7960339943342776,35.0,44.76260472685574,BASE,False
9720,2026-10-08,6590.0,1005000.0,74,0.013846153846153841,0.10200668896321075,0.0,8.333333333333334,14.493572344919423,,,,PRICE ONLY,,,,,ホテル、ニューグランド,"HOTEL NEWGRAND CO.,LTD.",スタンダード,,サービス業,情報通信・サービスその他,False,True,1.9546742209631727,35.0,44.758517261775054,BASE,False
4809,2026-10-08,1949.0,34965923.60534668,74,0.000592601802672732,-0.038001691759777856,-0.038001691759777856,1.057094403617863,10.780083814449618,,,,PRICE ONLY,,,,,パラカ,Paraca Inc.,プライム,,不動産業,不動産,False,True,41.813031161473084,35.0,44.75468885983637,BASE,False
6405,2026-10-08,1284.0,28552894.462890625,74,0.047005895607464376,0.20531950306843716,-0.033132530120481896,0.8584635703279772,23.66772240917504,,,,PRICE ONLY,,,,,鈴茂器工,"Suzumo Machinery Co.,Ltd.",スタンダード,,機械,機械,False,True,39.57507082152974,35.0,44.73245192030892,BASE,False
4538,2026-10-08,2115.0,37341204.904785156,74,-0.04139774915963623,0.003634290930955464,-0.067898989681626,1.3861985472154963,14.680944250909466,,,,PRICE ONLY,,,,,扶桑薬品工業,"Fuso Pharmaceutical Industries,Ltd.",プライム,,医薬品,医薬品,False,True,42.71954674220963,35.0,44.71868824165725,BASE,False
2689,2026-10-08,1905.0,4995875.0,74,-0.010903426791277204,-0.032503809040121845,-0.04749999999999999,1.8813905930470347,11.883766139433527,,,,PRICE ONLY,,,,,オルバヘルスケアホールディングス,"OLBA HEALTHCARE HOLDINGS,Inc.",スタンダード,,卸売業,商社・卸売,False,True,17.478753541076486,35.0,44.68029669568508,BASE,False
7776,2026-10-08,204.0,34895105.0,74,-0.08520179372197312,-0.07692307692307687,-0.1428571428571429,2.144431825773265,32.65887060665146,,,,PRICE ONLY,,,,,セルシード,CellSeed Inc.,グロース,,精密機器,電機・精密,False,True,41.756373937677054,35.0,44.68007043135347,BASE,False
3747,2026-10-08,426.0,14611085.0,74,0.0023529411764706687,0.04668304668304679,-0.11250000000000004,1.7197188921041753,30.55490286745728,,,,PRICE ONLY,,,,,インタートレード,"INTERTRADE Co.,Ltd.",スタンダード,,情報･通信業,情報通信・サービスその他,False,True,31.076487252124647,35.0,44.664036142884136,BASE,False
7122,2026-10-08,2305.0,8576945.0,74,-0.05764513491414558,-0.025369978858350906,-0.0668016194331984,2.9337539432176656,24.18019446750125,,,,PRICE ONLY,,,,,近畿車輛,"THE KINKI SHARYO CO.,LTD.",スタンダード,,輸送用機器,自動車・輸送機,False,True,24.44759206798867,35.0,44.634918299248085,BASE,False
3109,2026-10-08,1012.0,45864536.58630371,74,-0.012999592594506337,-0.0015892694894159565,-0.05442481025317214,1.0830243792832266,10.251976152245398,,,,PRICE ONLY,,,,,シキボウ,SHIKIBO LTD.,プライム,,繊維製品,素材・化学,False,True,45.3257790368272,35.0,44.63033549469007,BASE,False
7938,2026-10-08,2085.0,5509360.0,74,-0.02296157450796621,-0.0132513014671084,-0.07085561497326198,2.0816326530612246,6.674178708753566,,,,PRICE ONLY,,,,,リーガルコーポレーション,REGAL CORPORATION,スタンダード,,その他製品,情報通信・サービスその他,False,True,19.008498583569406,35.0,44.60449538980974,BASE,False
7544,2026-10-08,555.0,3062070.0,74,0.0,0.014565342088553423,-0.010695187165775444,1.8199419167473379,9.210782122148085,,,,PRICE ONLY,,,,,スリーエフ,"Three F Co.,Ltd.",スタンダード,,小売業,小売,False,True,11.21813031161473,35.0,44.58850240060797,BASE,False
4495,2026-10-08,2062.0,16352885.0,74,0.011776251226692791,0.10860215053763445,-0.025059101654846372,1.18939883645766,16.883405143828362,,,,PRICE ONLY,,,,,アイキューブドシステムズ,"i Cubed Systems,Inc.",グロース,,情報･通信業,情報通信・サービスその他,False,True,32.35127478753541,35.0,44.548440724547966,BASE,False
6167,2026-10-08,987.0,47319400.0,74,-0.022772277227722793,-0.015952143569292088,-0.1092057761732852,1.372110365398956,18.620869545166123,,,,PRICE ONLY,,,,,冨士ダイス,"Fuji Die Co.,Ltd.",プライム,,機械,機械,False,True,45.609065155807365,35.0,44.498787760381774,BASE,False
3918,2026-10-08,1140.0,9398943.412475586,74,-0.019903693464670802,-0.04335484677244639,-0.07169418137911299,1.7703656189865298,18.954756425048974,,,,PRICE ONLY,,,,,ＰＣＩホールディングス,"PCI Holdings,INC.",スタンダード,,情報･通信業,情報通信・サービスその他,False,True,25.609065155807365,35.0,44.47130105841417,BASE,False
6748,2026-10-08,770.0,9554880.0,74,-0.02408111533586821,0.06060606060606055,-0.04109589041095896,1.6360601001669448,20.10317754775407,,,,PRICE ONLY,,,,,星和電機,"SEIWA ELECTRIC MFG. CO.,LTD.",スタンダード,,電気機器,電機・精密,False,True,25.807365439093484,35.0,44.46680955334573,BASE,False
9972,2026-10-08,283.0,2616015.0,74,0.0,0.007117437722419906,-0.027491408934707917,1.9292237442922375,18.145510987112193,,,,PRICE ONLY,,,,,アルテック,"ALTECH CO.,LTD.",スタンダード,,卸売業,商社・卸売,False,True,9.546742209631729,35.0,44.43689308968707,BASE,False
3835,2026-10-08,428.0,25904248.939361572,74,0.013048045278027498,0.03470469089306372,-0.016680190374733006,0.9456108447677302,14.651985358676589,,,,PRICE ONLY,,,,,ｅＢＡＳＥ,"eBASE Co.,Ltd.",プライム,,情報･通信業,情報通信・サービスその他,False,True,38.30028328611898,35.0,44.42890813040983,BASE,False
7875,2026-10-08,917.0,22470944.95666504,74,0.1288356059246234,0.08894741560928754,-0.1648451730418944,1.1336190105181145,24.562348582173303,,,,PRICE ONLY,,,,,竹田ｉＰホールディングス,"TAKEDA iP HOLDINGS CO.,LTD.",スタンダード,,その他製品,情報通信・サービスその他,False,True,36.26062322946176,35.0,44.42886117623388,BASE,False
4923,2026-10-08,1100.0,41577110.0,74,-0.09836065573770492,-0.07872696817420433,-0.13180741910023674,1.901619676064787,21.1270423294394,,,,PRICE ONLY,,,,,コタ,"COTA CO.,LTD.",プライム,,化学,素材・化学,False,True,44.1643059490085,35.0,44.413743046087944,BASE,False
3058,2026-10-08,713.0,1127310.0,74,0.007062146892655274,0.01857142857142846,-0.008344923504867818,4.135338345864661,7.150574357188315,,,,PRICE ONLY,,,,,三洋堂ホールディングス,Sanyodo Holdings Inc.,スタンダード,,小売業,小売,False,True,2.7195467422096318,35.0,44.407687227996185,BASE,False
8166,2026-10-08,77.0,3520300.0,74,-0.025316455696202556,-0.012820512820512775,-0.03749999999999998,4.2043222003929275,10.895466065603737,,,,PRICE ONLY,,,,,タカキュー,"Taka-Q Co.,Ltd.",スタンダード,,小売業,小売,False,True,12.946175637393766,35.0,44.39534950360895,BASE,False
3807,2026-10-08,83.0,25953600.0,74,-0.04597701149425293,-0.04597701149425293,-0.10752688172043012,1.685101639115818,32.12302055535484,,,,PRICE ONLY,,,,,フィスコ,FISCO Ltd.,グロース,,情報･通信業,情報通信・サービスその他,False,True,38.35694050991501,35.0,44.39394450322866,BASE,False
8107,2026-10-08,31.0,5165975.0,74,0.03333333333333344,-0.06060606060606055,-0.08823529411764708,1.7911661661661662,30.739549039146226,,,,PRICE ONLY,,,,,キムラタン,KIMURATAN CORPORATION,スタンダード,,繊維製品,素材・化学,False,True,18.01699716713881,35.0,44.3792411014263,BASE,False
9380,2026-10-08,449.0,6014073.181915283,74,0.03435565086762282,0.07112183110706405,-0.011013215859030812,1.3390092879256965,11.501951267491739,,,,PRICE ONLY,,,,,東海運,"Azuma Shipping Co.,Ltd.",スタンダード,,倉庫･運輸関連業,運輸・物流,False,True,20.254957507082153,35.0,44.35722241144012,BASE,False
4845,2026-10-08,325.0,21068865.0,74,-0.06609195402298851,-0.015151515151515138,-0.10220994475138123,1.8454027664768105,17.31722036035433,,,,PRICE ONLY,,,,,スカラ,"Scala,Inc.",スタンダード,,情報･通信業,情報通信・サービスその他,False,True,35.38243626062323,35.0,44.35086311485722,BASE,False
4310,2026-10-08,2520.0,44971500.0,74,0.007596961215513787,-0.009433962264150941,-0.0565331336578061,0.9502515371716043,20.25360213215683,,,,PRICE ONLY,,,,,ドリームインキュベータ,Dream Incubator Inc.,プライム,,サービス業,情報通信・サービスその他,False,True,45.155807365439095,35.0,44.348835928218385,BASE,False
7902,2026-10-08,1124.0,1567555.0,74,0.0008904719501334757,0.012612612612612706,-0.01834061135371179,2.1561338289962824,18.64800915171346,,,,PRICE ONLY,,,,,ソノコム,"SONOCOM CO.,LTD.",スタンダード,,その他製品,情報通信・サービスその他,False,True,5.070821529745043,35.0,44.34148204667224,BASE,False
2341,2026-10-08,170.0,5837005.0,74,-0.017341040462427793,-0.09090909090909094,-0.09090909090909094,8.55530002090738,24.694288148486102,,,,PRICE ONLY,,,,,アルバイトタイムス,"ARBEIT-TIMES CO.,LTD.",スタンダード,,サービス業,情報通信・サービスその他,False,True,19.91501416430595,35.0,44.326764562461065,BASE,False
1873,2026-10-08,310.0,27847695.0,74,0.0,0.006493506493506551,-0.06344410876132933,1.1969358442387488,15.099732938180491,,,,PRICE ONLY,,,,,日本ハウスホールディングス,"NIHON HOUSE HOLDINGS CO.,LTD.",プライム,,建設業,建設・資材,False,True,39.23512747875354,35.0,44.324188065456305,BASE,False
5888,2026-10-08,2662.0,18276285.0,74,-0.06792717086834732,-0.09915397631133671,-0.12289950576606257,2.33974358974359,25.068192923354626,,,,PRICE ONLY,,,,,ＤＡＩＷＡ　ＣＹＣＬＥ,"DAIWA CYCLE CO.,LTD.",グロース,,小売業,小売,False,True,33.711048158640224,35.0,44.311901264559104,BASE,False
2795,2026-10-08,996.0,867065.0,74,0.039665970772442494,0.014256619144602745,-0.019685039370078705,1.9047619047619047,24.967855497378523,,,,PRICE ONLY,,,,,日本プリメックス,NIPPON PRIMEX INC.,スタンダード,,卸売業,商社・卸売,False,True,1.5580736543909348,35.0,44.289763600056595,BASE,False
3597,2026-10-08,8740.0,19870400.0,74,-0.03956043956043953,-0.020179372197309364,-0.10317178067863564,1.7183770883054892,11.831749932586142,,,,PRICE ONLY,,,,,自重堂,"JICHODO Co.,Ltd.",スタンダード,,繊維製品,素材・化学,False,True,34.702549575070826,35.0,44.24644018006575,BASE,False
7427,2026-10-08,827.0,7490560.0,74,-0.008393285371702586,-0.001056186372438428,-0.015476190476190421,1.4867256637168142,8.715104968120725,,,,PRICE ONLY,,,,,エコートレーディング,"ECHO TRADING CO.,LTD.",スタンダード,,卸売業,商社・卸売,False,True,22.776203966005664,35.0,44.23552305285485,BASE,False
6803,2026-10-08,96.0,29724400.0,74,-0.030303030303030276,-0.030303030303030276,-0.06796116504854366,1.3357933579335792,17.70597655705787,,,,PRICE ONLY,,,,,ティアック,TEAC CORPORATION,スタンダード,,電気機器,電機・精密,False,True,40.084985835694056,35.0,44.23411112651444,BASE,False
7987,2026-10-08,535.0,28432694.782714844,74,-0.024097513649980473,-0.037891242494775934,-0.08784994911883859,1.4120415767797607,12.384062318985762,,,,PRICE ONLY,,,,,ナカバヤシ,"NAKABAYASHI CO.,LTD.",スタンダード,,その他製品,情報通信・サービスその他,False,True,39.49008498583569,35.0,44.18982750419443,BASE,False
3925,2026-10-08,1290.0,42227895.0,74,-0.006928406466512715,0.06172839506172845,-0.06926406926406925,1.087354917532071,15.760509959839233,,,,PRICE ONLY,,,,,ダブルスタンダード,Double Standard Inc.,プライム,,情報･通信業,情報通信・サービスその他,False,True,44.3342776203966,35.0,44.18678450150187,BASE,False
6445,2026-10-08,1302.0,49726261.506347656,74,-0.043531317087868615,-0.01426626680282983,-0.09466533336287175,1.3405645946321791,22.108068320978273,,,,PRICE ONLY,,,,,ジャノメ,JANOME Corporation,プライム,,機械,機械,False,True,46.26062322946176,35.0,44.179620118515196,BASE,False
2935,2026-10-08,1155.0,29618075.0,74,-0.03990024937655856,0.014361480130521631,-0.05016447368421051,1.288036681950813,11.350000741213783,,,,PRICE ONLY,,,,,ピックルスホールディングス,"PICKLES HOLDINGS CO.,LTD.",プライム,,食料品,食品,False,True,40.05665722379603,35.0,44.159412522498165,BASE,False
2934,2026-10-08,1999.0,7773385.0,74,-0.012839506172839465,0.19414575866188777,-0.024878048780487827,1.528497409326425,10.825259730080885,,,,PRICE ONLY,,,,,ジェイフロンティア,"J Frontier Co.,Ltd.",グロース,,食料品,食品,False,True,23.286118980169974,35.0,44.15798210882314,BASE,False
9168,2026-10-08,415.0,24127340.0,74,-0.02352941176470591,0.04797979797979801,-0.04377880184331795,1.2591256548999399,17.368313488762137,,,,PRICE ONLY,,,,,ライズ・コンサルティング・グループ,"Rise Consulting Group,Inc.",グロース,,サービス業,情報通信・サービスその他,False,True,37.1671388101983,35.0,44.157588855246274,BASE,False
8041,2026-10-08,4225.0,19559750.0,74,-0.09528907922912211,-0.04303510758776896,-0.1048728813559322,2.1575757575757577,16.764398681413287,,,,PRICE ONLY,,,,,ＯＵＧホールディングス,OUG Holdings Inc.,スタンダード,,卸売業,商社・卸売,False,True,34.475920679886684,35.0,44.11261848976821,BASE,False
4465,2026-10-08,2476.0,25073690.0,74,0.028239202657807327,0.12699135184342292,-0.006420545746388395,0.7819548872180451,31.448007791679895,,,,PRICE ONLY,,,,,ニイタカ,"Niitaka Co., Ltd.",スタンダード,,化学,素材・化学,False,True,37.818696883852695,35.0,44.09582926497232,BASE,False
9769,2026-10-08,2475.0,39579476.174316406,74,-0.01965335091025555,-0.0046421754600938225,-0.0867519851856643,1.2426805465191932,13.742041239827849,,,,PRICE ONLY,,,,,学究社,"GAKKYUSHA CO.,LTD.",プライム,,サービス業,情報通信・サービスその他,False,True,43.569405099150146,35.0,44.06467311354847,BASE,False
7361,2026-10-08,1181.0,4896962.037353516,74,0.028112449799196693,0.029840376504390642,-0.01991701244813282,1.4566473988439306,10.28352990002575,,,,PRICE ONLY,,,,,ヒューマンクリエイションホールディングス,"Human Creation Holdings,Inc.",グロース,,サービス業,情報通信・サービスその他,False,True,17.308781869688385,35.0,44.04881535954345,BASE,False
6239,2026-10-08,1423.0,5769355.0,74,-0.03197278911564627,0.06194029850746263,-0.06134564643799467,1.8950064020486557,20.967981272118553,,,,PRICE ONLY,,,,,ナガオカ,NAGAOKA INTERNATIONAL CORPORATION,スタンダード,,機械,機械,False,True,19.716713881019828,35.0,44.04629917761421,BASE,False
9691,2026-10-08,5160.0,877200.0,74,0.001941747572815622,-0.0038610038610038533,-0.007692307692307665,3.4482758620689653,0.6717997627963874,,,,PRICE ONLY,,,,,両毛システムズ,"RYOMO SYSTEMS CO.,LTD.",スタンダード,,情報･通信業,情報通信・サービスその他,False,True,1.5864022662889519,35.0,44.02671179861147,BASE,False
6927,2026-10-08,971.0,41072055.0,74,-0.02116935483870963,0.03518123667377404,-0.03286852589641431,0.967741935483871,16.016696957697686,,,,PRICE ONLY,,,,,ヘリオス　テクノ　ホールディング,"Helios Techno Holding Co.,Ltd.",スタンダード,,電気機器,電機・精密,False,True,44.022662889518415,35.0,44.02163574740693,BASE,False
3447,2026-10-08,936.0,33812441.77612305,74,-0.051757344642759495,0.022514909068699795,-0.0923962963453967,1.4929328621908127,12.777642057269187,,,,PRICE ONLY,,,,,信和,"Shinwa Co.,Ltd.",スタンダード,,金属製品,建設・資材,False,True,41.359773371104815,35.0,44.00694706984924,BASE,False
4094,2026-10-08,2180.0,30255897.443847656,74,-0.026777122382781182,0.06811441133507912,-0.041459417883859095,1.1402508551881414,15.62843426451059,,,,PRICE ONLY,,,,,日本化学産業,"NIHON KAGAKU SANGYO CO.,LTD.",スタンダード,,化学,素材・化学,False,True,40.28328611898017,35.0,43.95234955260573,BASE,False
2970,2026-10-08,1138.0,6807425.0,74,0.04884792626728118,0.21063829787234045,-0.04610226320201172,1.3279352226720649,23.291740527519835,,,,PRICE ONLY,,,,,ＧＬＣ　ＧＲＯＵＰ,"GLC GROUP,INC.",スタンダード,,不動産業,不動産,False,True,21.643059490084987,35.0,43.9174996814055,BASE,False
4838,2026-10-08,693.0,25255254.907836914,74,0.01727249660613861,0.07602077152600772,-0.021186440677966156,0.8736392448670249,15.871820414739005,,,,PRICE ONLY,,,,,スペースシャワーＳＫＩＹＡＫＩホールディングス,SPACE SHOWER SKIYAKI HOLDINGS INC.,スタンダード,,情報･通信業,情報通信・サービスその他,False,True,37.960339943342774,35.0,43.879493992244335,BASE,False
6294,2026-10-08,1895.0,36195275.474853516,74,-0.017194649315495303,-0.02904756364982808,-0.04535807343353071,1.0361575822989746,10.547547131199478,,,,PRICE ONLY,,,,,オカダアイヨン,OKADA AIYON CORPORATION,プライム,,機械,機械,False,True,42.35127478753541,35.0,43.87382776209351,BASE,False
3640,2026-10-08,2692.0,27293772.332763672,74,-0.018315628807149764,0.15747729802098664,-0.060024535927675315,1.2149532710280373,18.149717342922376,,,,PRICE ONLY,,,,,電算,"DENSAN CO.,LTD.",スタンダード,,情報･通信業,情報通信・サービスその他,False,True,38.89518413597734,35.0,43.85948727634495,BASE,False
9799,2026-10-08,937.0,4060763.8385009766,74,-0.0063252409620226935,0.04254395859543836,-0.035462343952574193,1.7575083426028921,18.287259153403824,,,,PRICE ONLY,,,,,旭情報サービス,"ASAHI INTELLIGENCE SERVICE CO.,LTD.",スタンダード,,情報･通信業,情報通信・サービスその他,False,True,14.759206798866856,35.0,43.858695870445594,BASE,False
9856,2026-10-08,1157.0,36539618.853759766,74,-0.03764460241354828,0.007710601990022825,-0.07328740188660099,1.2703200938495056,11.999155774182814,,,,PRICE ONLY,,,,,ケーユーホールディングス,"KU HOLDINGS CO.,LTD.",スタンダード,,小売業,小売,False,True,42.492917847025495,35.0,43.85439536052752,BASE,False
9709,2026-10-08,1227.0,15027938.897705078,74,0.008733350995929534,-0.0242883815038889,-0.10583000370510565,1.5261044176706828,27.672440295403934,,,,PRICE ONLY,,,,,ＮＣＳ＆Ａ,"NCS&A CO.,LTD.",スタンダード,,情報･通信業,情報通信・サービスその他,False,True,31.303116147308778,35.0,43.85413054671082,BASE,False
8013,2026-10-08,379.0,1827520.0,74,0.024324324324324298,0.11799410029498536,-0.010443864229765065,1.726775956284153,9.613194514223066,,,,PRICE ONLY,,,,,ナイガイ,"NAIGAI CO.,LTD.",スタンダード,,繊維製品,素材・化学,False,True,6.373937677053824,35.0,43.84070230000506,BASE,False
9325,2026-10-08,1036.0,11815917.62084961,74,-0.003880528273912609,-0.06729389888270831,-0.08350078038768527,1.5589179275561669,10.797993009796368,,,,PRICE ONLY,,,,,ファイズホールディングス,PHYZ Holdings Inc.,スタンダード,,倉庫･運輸関連業,運輸・物流,False,True,28.64022662889518,35.0,43.83353327273385,BASE,False
7792,2026-10-08,1475.0,22750142.403564453,74,0.030052167532147456,0.056427212338180155,-0.009402283411685697,0.7880169325952459,14.512150435509099,,,,PRICE ONLY,,,,,コラントッテ,"Colan Totte.Co.,Ltd.",グロース,,その他製品,情報通信・サービスその他,False,True,36.373937677053824,35.0,43.81254338103006,BASE,False
2148,2026-10-08,1115.0,49566310.0,74,-0.04944586530264283,-0.04863481228668942,-0.11857707509881421,1.4333175130517324,15.923328564842503,,,,PRICE ONLY,,,,,アイティメディア,ITmedia Inc.,プライム,,サービス業,情報通信・サービスその他,False,True,46.20396600566572,35.0,43.80672534658071,BASE,False
4345,2026-10-08,807.0,47354611.283569336,74,-0.012686215923963462,-0.05363471550932053,-0.09432733953148753,1.1407511407511408,11.278760258873323,,,,PRICE ONLY,,,,,シーティーエス,"CTS Co.,Ltd.",プライム,,サービス業,情報通信・サービスその他,False,True,45.63739376770538,35.0,43.791415658763256,BASE,False
7120,2026-10-08,937.0,21122260.0,74,-0.06299999999999994,-0.11184834123222753,-0.15509467989179437,2.809224318658281,13.851745688387155,,,,PRICE ONLY,,,,,ＳＨＩＮＫＯ,SHINKO Inc.,スタンダード,,卸売業,商社・卸売,False,True,35.41076487252124,35.0,43.77443302087808,BASE,False
6836,2026-10-08,893.0,11336590.0,74,0.07590361445783134,0.30364963503649633,-0.03354978354978355,0.9122535755701585,44.719164111647714,,,,PRICE ONLY,,,,,ぷらっとホーム,"PLAT'HOME CO.,LTD.",スタンダード,,電気機器,電機・精密,False,True,28.10198300283286,35.0,43.77365258707769,BASE,False
8928,2026-10-08,2311.0,12313445.0,74,0.0012998266897747968,0.028024911032028532,-0.02034760491733789,1.1996251171508903,6.956252575531398,,,,PRICE ONLY,,,,,穴吹興産,ANABUKI KOSAN INC.,スタンダード,,不動産業,不動産,False,True,29.121813031161476,35.0,43.764655523455126,BASE,False
4627,2026-10-08,2095.0,18472395.0,74,0.12092027822364892,0.19373219373219364,-0.031885397412199645,0.2745664739884393,22.204318866391862,,,,PRICE ONLY,,,,,ナトコ,"NATOCO CO.,LTD.",スタンダード,,化学,素材・化学,False,True,33.76770538243626,35.0,43.75596091397301,BASE,False
3242,2026-10-08,534.0,24589175.0,74,0.02298850574712641,0.08536585365853666,-0.011111111111111072,0.7929801754956126,9.76835746598038,,,,PRICE ONLY,,,,,アーバネットコーポレーション,"URBANET CORPORATION CO.,LTD.",スタンダード,,不動産業,不動産,False,True,37.36543909348442,35.0,43.74621236031514,BASE,False
6089,2026-10-08,1114.0,40113130.0,74,-0.033824804856895097,0.03917910447761197,-0.07551867219917008,1.2026597282451577,15.08920122178018,,,,PRICE ONLY,,,,,ウィルグループ,"WILL GROUP,INC.",プライム,,サービス業,情報通信・サービスその他,False,True,43.76770538243626,35.0,43.716731966078875,BASE,False
9344,2026-10-08,1456.0,15566015.0,74,0.10470409711684381,0.5572192513368983,-0.004103967168262668,0.36900369003690037,21.709869555459598,,,,PRICE ONLY,,,,,アクシスコンサルティング,Axis Consulting Corporation,グロース,,サービス業,情報通信・サービスその他,False,True,31.784702549575073,35.0,43.70627347809541,BASE,False
2475,2026-10-08,1719.0,26059712.6953125,74,-0.005150423682114935,-0.015745777268823313,-0.05341804189010846,1.1022108298622237,13.797498254265433,,,,PRICE ONLY,,,,,ＷＤＢホールディングス,"WDB HOLDINGS CO.,LTD.",プライム,,サービス業,情報通信・サービスその他,False,True,38.47025495750708,35.0,43.688974683862824,BASE,False
7065,2026-10-08,924.0,8015820.0,74,-0.04049844236760125,-0.05108335079522486,-0.10923419805567214,2.399527186761229,15.35329631514943,,,,PRICE ONLY,,,,,ユーピーアール,UPR Corporation,スタンダード,,サービス業,情報通信・サービスその他,False,True,23.654390934844194,35.0,43.68510586898459,BASE,False
7804,2026-10-08,2576.0,13828945.0,74,0.0814441645675903,0.16036036036036028,-0.0034816247582205584,0.6545454545454545,11.58065765975594,,,,PRICE ONLY,,,,,ビーアンドピー,"B&P Co.,Ltd.",スタンダード,,その他製品,情報通信・サービスその他,False,True,30.31161473087819,35.0,43.66470167129674,BASE,False
1716,2026-10-08,1297.0,33673870.0,74,-0.07158196134574091,-0.07883522727272729,-0.13244147157190633,1.7364276833816825,11.061393001956054,,,,PRICE ONLY,,,,,第一カッター興業,DAI-ICHI CUTTER KOGYO K.K.,スタンダード,,建設業,建設・資材,False,True,41.331444759206796,35.0,43.643410816444984,BASE,False
7031,2026-10-08,763.0,1198115.0,74,0.07920792079207928,0.15957446808510634,0.0,1.4603174603174602,45.171848228313834,,,,PRICE ONLY,,,,,インバウンドテック,Inbound Tech Inc.,グロース,,サービス業,情報通信・サービスその他,False,True,3.1161473087818696,35.0,43.633903148172635,BASE,False
7887,2026-10-08,1476.0,7190590.0,74,-0.06226175349428209,0.004081632653061273,-0.0792264504054897,1.9956140350877194,17.71073253910159,,,,PRICE ONLY,,,,,南海プライウッド,"NANKAI PLYWOOD CO.,LTD.",スタンダード,,その他製品,情報通信・サービスその他,False,True,22.379603399433428,35.0,43.62998972725101,BASE,False
4341,2026-10-08,900.0,1272053.7084960938,74,0.003180589174023085,0.02682455189758448,-0.032258064516129004,1.9923371647509578,17.305409352268327,,,,PRICE ONLY,,,,,西菱電機,SEIRYO ELECTRIC CORPORATION,スタンダード,,サービス業,情報通信・サービスその他,False,True,3.569405099150141,35.0,43.61631426926682,BASE,False
2722,2026-10-08,358.0,1528250.0,74,-0.0027855153203342198,0.00561797752808979,-0.01377410468319562,1.8952618453865338,5.110683440277839,,,,PRICE ONLY,,,,,ＩＫホールディングス,"IK HOLDINGS Co.,Ltd.",スタンダード,,小売業,小売,False,True,4.815864022662889,35.0,43.61461379868463,BASE,False
3951,2026-10-08,882.0,12293779.7265625,74,-0.016482224460195205,0.02263496493519801,-0.018627332134689478,1.2602935911206588,8.423036737733087,,,,PRICE ONLY,,,,,朝日印刷,"ASAHI PRINTING CO.,LTD.",スタンダード,,パルプ・紙,素材・化学,False,True,29.093484419263454,35.0,43.60968483450156,BASE,False
3683,2026-10-08,1083.0,22695685.0,74,-0.03389830508474578,0.05658536585365859,-0.06798623063683307,1.3727928376025864,16.484303478237987,,,,PRICE ONLY,,,,,サイバーリンクス,"CYBERLINKS CO.,LTD.",スタンダード,,情報･通信業,情報通信・サービスその他,False,True,36.34560906515581,35.0,43.608817774636236,BASE,False
4728,2026-10-08,650.0,4021930.0,74,-0.004594180704441064,0.01976288521194447,-0.010654490106544956,1.5897435897435896,9.054780002799955,,,,PRICE ONLY,,,,,トーセ,"TOSE CO.,LTD.",スタンダード,,情報･通信業,情報通信・サービスその他,False,True,14.702549575070822,35.0,43.59453862735646,BASE,False
6149,2026-10-08,2064.0,16811725.0,74,-0.08510638297872342,-0.02180094786729858,-0.12057946314443968,2.689419795221843,21.959352619555908,,,,PRICE ONLY,,,,,小田原エンジニアリング,"Odawara Engineering Co.,Ltd.",スタンダード,,機械,機械,False,True,32.66288951841359,35.0,43.58866936364649,BASE,False
2813,2026-10-08,3950.0,4120350.0,74,0.008939974457215838,-0.008782936010037656,-0.030674846625766916,1.6080402010050252,11.61947209458561,,,,PRICE ONLY,,,,,和弘食品,"Wakou Shokuhin Co.,Ltd.",スタンダード,,食料品,食品,False,True,14.985835694050992,35.0,43.586539849658436,BASE,False
6776,2026-10-08,287.0,5517905.0,74,-0.010344827586206917,0.043636363636363695,-0.05592105263157898,1.7065390749601277,16.939830053538042,,,,PRICE ONLY,,,,,天昇電気工業,"Tensho Electric Industries Co.,Ltd.",スタンダード,,化学,素材・化学,False,True,19.06515580736544,35.0,43.57736812391577,BASE,False
5125,2026-10-08,580.0,3839135.0,74,0.2210526315789474,0.23404255319148937,-0.0034364261168384758,0.5180640763462849,32.092357952982844,,,,PRICE ONLY,,,,,ファインズ,Fines inc.,グロース,,情報･通信業,情報通信・サービスその他,False,True,14.05099150141643,35.0,43.568941627127934,BASE,False
6151,2026-10-08,1673.0,28899177.01965332,74,-0.03176659789409553,-0.006121772783945767,-0.04760344180476195,1.1552346570397112,19.24824663987498,,,,PRICE ONLY,,,,,日東工器,"NITTO KOHKI CO.,LTD.",プライム,,機械,機械,False,True,39.716713881019835,35.0,43.568178608111616,BASE,False
7131,2026-10-08,3685.0,22397500.0,74,-0.042857142857142816,-0.006738544474393482,-0.042857142857142816,1.2914485165794067,18.85939709935496,,,,PRICE ONLY,,,,,のむら産業,NOMURA CORPORATION,スタンダード,,卸売業,商社・卸売,False,True,36.17563739376771,35.0,43.542063167514215,BASE,False
3183,2026-10-08,1218.0,26246880.0,74,-0.033333333333333326,-0.06018518518518523,-0.10243183492999264,1.4593535749265425,14.269143497681448,,,,PRICE ONLY,,,,,ウイン・パートナーズ,"WIN-Partners Co.,Ltd.",プライム,,卸売業,商社・卸売,False,True,38.52691218130311,35.0,43.52203830054614,BASE,False
9554,2026-10-08,1717.0,37445940.0,74,-0.018296169239565452,0.03808948004836754,-0.08670212765957441,1.1778344539763506,35.8688937135834,,,,PRICE ONLY,,,,,ＡＶｉＣ,"AViC Co.,Ltd.",グロース,,サービス業,情報通信・サービスその他,False,True,42.74787535410765,35.0,43.51621219351403,BASE,False
7422,2026-10-08,520.0,16487375.0,74,0.2351543942992873,0.3648293963254594,-0.12310286677908933,0.5393809377873123,79.05776299877503,,,,PRICE ONLY,,,,,東邦レマック,"TOHO LAMAC CO.,LTD.",スタンダード,,卸売業,商社・卸売,False,True,32.492917847025495,35.0,43.510279984333444,BASE,False
7266,2026-10-08,950.0,20196063.38897705,74,-0.04488450072160777,0.07291312097583469,-0.0652257405245914,1.4467448241456722,17.743980275219666,,,,PRICE ONLY,,,,,今仙電機製作所,"Imasen Electric Industrial Co.,Ltd.",スタンダード,,輸送用機器,自動車・輸送機,False,True,34.81586402266289,35.0,43.50892837371367,BASE,False
3020,2026-10-08,4940.0,15639910.991210938,74,0.09601578018671364,0.22575372904221624,-0.011011011011010985,0.5451936872309899,30.17511522834794,,,,PRICE ONLY,,,,,アプライド,"Applied Co.,Ltd.",スタンダード,,小売業,小売,False,True,31.841359773371103,35.0,43.496532094281726,BASE,False
3426,2026-10-08,1301.0,1379455.0,74,0.0,0.0030840400925211675,-0.0076277650648359785,1.8556701030927836,7.708373972941014,,,,PRICE ONLY,,,,,アトムリビンテック,"ATOM LIVIN TECH Co.,Ltd.",スタンダード,,金属製品,建設・資材,False,True,4.050991501416431,35.0,43.492953765818484,BASE,False
9651,2026-10-08,1895.0,35458220.0,74,-0.0683382497541789,-0.055333998005982044,-0.10232117479867364,1.5291051259774109,21.465201947121727,,,,PRICE ONLY,,,,,日本プロセス,"Japan Process Development Co.,Ltd.",スタンダード,,情報･通信業,情報通信・サービスその他,False,True,42.01133144475921,35.0,43.48736038484394,BASE,False
9767,2026-10-08,1631.0,3287360.0,74,0.0061690314620603814,0.13106796116504849,-0.0933852140077821,2.4258760107816713,35.64543268489385,,,,PRICE ONLY,,,,,日建工学,"NIKKEN KOGAKU CO.,LTD.",スタンダード,,サービス業,情報通信・サービスその他,False,True,12.067988668555241,35.0,43.48294507144306,BASE,False
4247,2026-10-08,1387.0,522839.03076171875,74,0.009406274089024613,0.043053205489753665,-0.025983146067415697,2.9411764705882355,18.22414199665479,,,,PRICE ONLY,,,,,ポバール興業,"POVAL KOGYO CO.,LTD.",スタンダード,,化学,素材・化学,False,True,0.48158640226628896,35.0,43.46722300202881,BASE,False
2173,2026-10-08,772.0,7175810.0,74,0.06043956043956045,0.11079136690647484,-0.01781170483460559,1.0350235232618923,19.011000520529013,,,,PRICE ONLY,,,,,博展,Hakuten Corporation,グロース,,サービス業,情報通信・サービスその他,False,True,22.32294617563739,35.0,43.417602960057486,BASE,False
5603,2026-10-08,1262.0,4374470.0,74,-0.04030418250950574,0.008792965627498095,-0.07137601177336272,2.4390243902439024,11.958062446922947,,,,PRICE ONLY,,,,,虹技,KOGI CORPORATION,スタンダード,,鉄鋼,鉄鋼・非鉄,False,True,16.005665722379604,35.0,43.39241221865858,BASE,False
5918,2026-10-08,7670.0,2894229.5874023438,74,-0.039896749000529086,0.08568637861758721,-0.039896749000529086,5.245901639344262,10.775593192121892,,,,PRICE ONLY,,,,,瀧上工業,"The Takigami Steel Construction Co.,Ltd.",スタンダード,,金属製品,建設・資材,False,True,10.594900849858357,35.0,43.34730443315062,BASE,False
9763,2026-10-08,1209.0,12488657.515258789,74,-0.04420541095885788,0.004789733421690867,-0.07011551956576911,1.6062176165803108,15.916699893784203,,,,PRICE ONLY,,,,,丸建リース,"Maruken Lease Co.,Ltd.",スタンダード,,卸売業,商社・卸売,False,True,29.320113314447593,35.0,43.337295440376586,BASE,False
2485,2026-10-08,429.0,21810578.4475708,74,-0.01612026208382744,-0.06997469426370229,-0.07966246737893701,1.3105064710078467,9.460481163176535,,,,PRICE ONLY,,,,,ティア,TEAR Corporation,スタンダード,,サービス業,情報通信・サービスその他,False,True,35.892351274787536,35.0,43.3329789813679,BASE,False
7367,2026-10-08,324.0,1482377.3664855957,74,0.001337117919992581,-0.044834042124412,-0.0475788410778919,2.0735785953177257,13.20306667323456,,,,PRICE ONLY,,,,,セルム,"CELM,Inc.",スタンダード,,サービス業,情報通信・サービスその他,False,True,4.589235127478754,35.0,43.31023587629258,BASE,False
3236,2026-10-08,267.0,22262000.0,74,-0.07291666666666663,-0.029090909090909056,-0.10402684563758391,1.7104917170654745,18.027386973162603,,,,PRICE ONLY,,,,,プロパスト,"PROPERST CO.,LTD.",スタンダード,,不動産業,不動産,False,True,36.09065155807365,35.0,43.30005975168689,BASE,False
2408,2026-10-08,828.0,3367915.0,74,-0.029308323563892125,-0.053714285714285714,-0.06334841628959276,2.6577181208053693,19.222779338623955,,,,PRICE ONLY,,,,,ＫＧ情報,"KG Intelligence CO.,LTD.",スタンダード,,サービス業,情報通信・サービスその他,False,True,12.294617563739378,35.0,43.288100318288386,BASE,False
1376,2026-10-08,1492.0,25991445.0,74,-0.07329192546583851,-0.013227513227513255,-0.09466019417475724,1.5937007874015747,16.259125286202064,,,,PRICE ONLY,,,,,カネコ種苗,"KANEKO SEEDS CO.,LTD.",スタンダード,,水産・農林業,食品,False,True,38.38526912181303,35.0,43.27192722324569,BASE,False
2932,2026-10-08,1099.0,10996800.0,74,-0.01787310098302053,0.016651248843663202,-0.023978685612788597,1.2828282828282829,6.808846960301502,,,,PRICE ONLY,,,,,ＳＴＩフードホールディングス,"STI Foods Holdings,Inc.",スタンダード,,食料品,食品,False,True,27.73371104815864,35.0,43.2663552552249,BASE,False
3386,2026-10-08,1250.0,3861805.0,74,0.0,-0.006359300476947549,-0.029503105590062084,1.6262975778546713,15.878329922084225,,,,PRICE ONLY,,,,,コスモ・バイオ,"COSMO BIO COMPANY,LIMITED",スタンダード,,卸売業,商社・卸売,False,True,14.107648725212465,35.0,43.26418647525376,BASE,False
7702,2026-10-08,441.0,11730539.197540283,74,-0.01696381177297479,-0.012642831154589196,-0.05222043030816714,1.3890547263681592,11.685028505111868,,,,PRICE ONLY,,,,,ＪＭＳ,"JMS CO.,LTD.",スタンダード,,精密機器,電機・精密,False,True,28.58356940509915,35.0,43.25782214433775,BASE,False
5909,2026-10-08,916.0,14253419.364013672,74,-0.025800625346960593,-0.08434856677179225,-0.11487030281412114,1.6730301978479694,16.233959565420403,,,,PRICE ONLY,,,,,コロナ,CORONA CORPORATION,スタンダード,,金属製品,建設・資材,False,True,30.79320113314448,35.0,43.25382097797492,BASE,False
3940,2026-10-08,130.0,25883160.0,74,0.0,0.14035087719298245,-0.044117647058823484,0.970970970970971,25.896137627535275,,,,PRICE ONLY,,,,,ノムラシステムコーポレーション,"Nomura System Corporation Co,Ltd.",スタンダード,,情報･通信業,情報通信・サービスその他,False,True,38.271954674220964,35.0,43.25323102142938,BASE,False
2477,2026-10-08,3255.0,44967800.0,74,-0.010638297872340385,0.36707265854682913,-0.03698224852071008,0.7845986196876135,25.76813043358358,,,,PRICE ONLY,,,,,手間いらず,"Temairazu,Inc.",スタンダード,,情報･通信業,情報通信・サービスその他,False,True,45.12747875354108,35.0,43.249012306555656,BASE,False
7255,2026-09-30,530.0,5177530.0,68,0.019230769230769162,0.13733905579399153,-0.05017921146953408,1.5036803364879074,19.117194678834323,,,,PRICE ONLY,,,,,桜井製作所,SAKURAI LTD.,スタンダード,,輸送用機器,自動車・輸送機,False,True,18.10198300283286,35.0,43.23297227325723,BASE,False
3068,2026-10-08,3110.0,5809475.0,74,0.018003273322422242,0.03494176372712143,0.0,1.2137203166226913,6.520372700287422,,,,PRICE ONLY,,,,,ＷＤＩ,WDI Corporation,スタンダード,,小売業,小売,False,True,19.80169971671388,35.0,43.22858761569138,BASE,False
3834,2026-10-08,584.0,36076137.49084473,74,-0.020921813059395222,-0.053557817187634416,-0.0840881809566657,1.1464650660463571,11.159800248599595,,,,PRICE ONLY,,,,,朝日ネット,"Asahi Net,Inc.",プライム,,情報･通信業,情報通信・サービスその他,False,True,42.32294617563739,35.0,43.21702829897515,BASE,False
7271,2026-10-08,797.0,43432318.432006836,74,-0.0024178558143859163,-0.18131555548645095,-0.2154936373091062,1.6202915010410752,16.869724147748112,,,,PRICE ONLY,,,,,安永,YASUNAGA CORPORATION,スタンダード,,輸送用機器,自動車・輸送機,False,True,44.70254957507082,35.0,43.21553593862977,BASE,False
7877,2026-10-08,2197.0,1579715.0,74,-0.021816562778272486,0.044201520912547476,-0.02959363957597172,2.0588235294117645,20.021706791334218,,,,PRICE ONLY,,,,,永大化工,"EIDAI KAKO CO.,LTD.",スタンダード,,化学,素材・化学,False,True,5.1558073654390935,35.0,43.214228891613686,BASE,False
6898,2026-10-08,5260.0,37711650.0,74,0.08341915550978363,0.3487179487179488,-0.06737588652482274,0.5118829981718465,73.72513741478876,,,,PRICE ONLY,,,,,トミタ電機,"TOMITA ELECTRIC CO.,LTD.",スタンダード,,電気機器,電機・精密,False,True,42.832861189801704,35.0,43.209018388337064,BASE,False
7827,2026-10-08,1786.0,10615470.0,74,0.03117782909930722,0.09302325581395343,-0.015435501653803696,0.9921671018276762,16.49790611291059,,,,PRICE ONLY,,,,,オービス,ORVIS CORPORATION,スタンダード,,その他製品,情報通信・サービスその他,False,True,27.280453257790366,35.0,43.197362143398784,BASE,False
4172,2026-10-08,2240.0,2953498.7280273438,74,-0.034061018231058116,0.030659949751193682,-0.048386360713411514,1.9841269841269842,19.596841304326407,,,,PRICE ONLY,,,,,Ｈｉクラテス,"Hi-CRATES CO.,LTD.",スタンダード,,情報･通信業,情報通信・サービスその他,False,True,10.736543909348443,35.0,43.19398275637029,BASE,False
5933,2026-10-08,1059.0,40765648.85498047,74,-0.036431080103814906,-0.014451849755655832,-0.054977428158668906,1.0331198037344964,14.41947185505866,,,,PRICE ONLY,,,,,アルインコ,ALINCO INCORPORATED,プライム,,金属製品,建設・資材,False,True,43.90934844192634,35.0,43.19302683742295,BASE,False
4829,2026-10-08,105.0,23049350.0,74,-0.03669724770642202,-0.009433962264150941,-0.0625,1.2864355115260049,16.77028528948622,,,,PRICE ONLY,,,,,日本エンタープライズ,"Nihon Enterprise Co.,Ltd.",スタンダード,,情報･通信業,情報通信・サービスその他,False,True,36.71388101983003,35.0,43.18909540706205,BASE,False
7619,2026-10-08,999.0,9726001.934509277,74,0.045966674367176275,0.12973714911099443,-0.023429180487027246,0.9829059829059829,16.993138093270932,,,,PRICE ONLY,,,,,田中商事,"TANAKA CO.,LTD.",スタンダード,,卸売業,商社・卸売,False,True,26.062322946175637,35.0,43.139246849654576,BASE,False
9982,2026-10-08,2772.0,12277045.0,74,0.06044376434583021,0.1428712923608857,-0.012820512820512775,0.7657657657657657,32.3574660874128,,,,PRICE ONLY,,,,,タキヒヨー,"Takihyo Co.,Ltd.",スタンダード,,卸売業,商社・卸売,False,True,29.06515580736544,35.0,43.13335104414952,BASE,False
7442,2026-10-08,470.0,5486270.0,74,-0.02892561983471076,-0.030927835051546393,-0.05622489959839361,1.7387304507819688,8.925344137175946,,,,PRICE ONLY,,,,,中山福,"NAKAYAMAFUKU CO.,LTD.",スタンダード,,卸売業,商社・卸売,False,True,18.895184135977335,35.0,43.11105220112786,BASE,False
3536,2026-10-08,126.0,1102385.0,74,-0.015625,-0.0155057613675057,-0.023255813953488413,4.6055979643765905,10.358009041518148,,,,PRICE ONLY,,,,,アクサスホールディングス,"AXAS HOLDINGS CO.,LTD.",スタンダード,,小売業,小売,False,True,2.492917847025496,35.0,43.09991247305958,BASE,False
2669,2026-10-08,3885.0,13490200.0,74,-0.016455696202531622,-0.03015267957183021,-0.03255629812418315,1.2228260869565217,8.892458801161247,,,,PRICE ONLY,,,,,カネ美食品,"Kanemi Co.,Ltd.",スタンダード,,小売業,小売,False,True,30.02832861189802,35.0,43.095088457538424,BASE,False
6199,2026-10-08,1330.0,25139205.0,74,0.007575757575757569,0.07657777165151658,-0.09090909090909094,1.1474951021550517,31.844488028866515,,,,PRICE ONLY,,,,,セラク,"SERAKU Co.,Ltd.",スタンダード,,情報･通信業,情報通信・サービスその他,False,True,37.875354107648725,35.0,43.08975678394871,BASE,False
9341,2026-10-08,594.0,33431455.0,74,-0.041935483870967794,-0.021416803953871466,-0.11475409836065575,1.4128035320088301,19.38076362667666,,,,PRICE ONLY,,,,,ＧＥＮＯＶＡ,"GENOVA,Inc.",プライム,,サービス業,情報通信・サービスその他,False,True,41.18980169971672,35.0,43.048878147704855,BASE,False
7463,2026-10-08,915.0,28065987.658081055,74,-0.02341373033902705,0.02258102912522686,-0.06917599186164802,1.151006711409396,17.65859047450617,,,,PRICE ONLY,,,,,アドヴァングループ,"ADVAN GROUP CO.,LTD.",スタンダード,,小売業,小売,False,True,39.32011331444759,35.0,43.04594834420576,BASE,False
9158,2026-10-08,758.0,21617650.0,74,-0.010443864229765065,-0.05838509316770191,-0.09221556886227544,1.304832713754647,27.232235076272943,,,,PRICE ONLY,,,,,シーユーシー,CUC Inc.,グロース,,サービス業,情報通信・サービスその他,False,True,35.6657223796034,35.0,43.03647171076433,BASE,False
1997,2026-10-08,4290.0,4041175.0,74,0.10709677419354846,0.07644086155749164,-0.016055045871559592,0.9565217391304348,28.39878709060617,,,,PRICE ONLY,,,,,暁飯島工業,"AKATSUKI EAZIMA CO.,LTD.",スタンダード,,建設業,建設・資材,False,True,14.730878186968837,35.0,43.032611451216454,BASE,False
4224,2026-10-08,2104.0,21510675.0,74,-0.006140765233821455,0.04990019960079839,-0.04320145520691221,1.0451547437848807,12.186815918152554,,,,PRICE ONLY,,,,,ロンシール工業,LONSEAL CORPORATION,スタンダード,,化学,素材・化学,False,True,35.580736543909346,35.0,43.02878159367779,BASE,False
3622,2026-10-08,493.0,2057965.0,74,-0.012024048096192397,-0.01988071570576544,-0.06095238095238098,4.271284271284271,12.107637378227706,,,,PRICE ONLY,,,,,ネットイヤーグループ,Netyear Group Corporation,スタンダード,,情報･通信業,情報通信・サービスその他,False,True,7.5354107648725215,35.0,43.00673383729553,BASE,False
6400,2026-10-08,312.0,9516090.0,74,0.0795847750865053,0.1954022988505748,-0.03105590062111796,0.8344370860927153,31.225512230466425,,,,PRICE ONLY,,,,,不二精機,"FUJI SEIKI CO.,LTD.",スタンダード,,機械,機械,False,True,25.77903682719547,35.0,42.997549172170096,BASE,False
9264,2026-10-08,1598.0,14593190.0,74,-0.000625390869293363,-0.01874382302510147,-0.05588740475081888,1.206246634356489,11.578320629937796,,,,PRICE ONLY,,,,,ポエック,"Puequ CO.,LTD.",スタンダード,,卸売業,商社・卸売,False,True,31.04815864022663,35.0,42.9730171395493,BASE,False
6292,2026-10-08,807.0,2817025.074157715,74,-0.0382919011738001,0.014939199468561037,-0.051703877790834296,4.620253164556962,18.62844825847871,,,,PRICE ONLY,,,,,カワタ,"KAWATA MFG. CO.,LTD.",スタンダード,,機械,機械,False,True,10.339943342776204,35.0,42.96760460010855,BASE,False
7046,2026-10-08,1297.0,3530160.0,74,-0.041389504804138944,-0.057412790697674465,-0.06556195965417866,2.270916334661355,19.679973555298357,,,,PRICE ONLY,,,,,ＴＤＳＥ,TDSE Inc.,グロース,,サービス業,情報通信・サービスその他,False,True,13.059490084985836,35.0,42.954922734951595,BASE,False
7638,2026-10-08,1349.0,23634625.0,74,-0.03711634546752318,-0.029496402877697836,-0.0539971949509116,1.204605845881311,10.245155095861902,,,,PRICE ONLY,,,,,ＮＥＷ　ＡＲＴ　ＨＯＬＤＩＮＧＳ,"NEW ART HOLDINGS Co.,Ltd.",スタンダード,,小売業,小売,False,True,36.94050991501416,35.0,42.95086217980139,BASE,False
3766,2026-10-08,1480.0,5322080.0,74,0.028492008339124464,0.06169296987087525,-0.052496798975672165,1.413533834586466,41.58398508715426,,,,PRICE ONLY,,,,,システムズ・デザイン,"SYSTEMS DESIGN Co.,Ltd.",スタンダード,,情報･通信業,情報通信・サービスその他,False,True,18.47025495750708,35.0,42.9478565889004,BASE,False
7686,2026-10-08,427.0,9203853.902435303,74,-0.007029105066694075,0.06303454445015855,-0.02909508361255997,1.2778040700425934,12.824898006545407,,,,PRICE ONLY,,,,,ひとまいる,"HitoMile Co.,Ltd.",スタンダード,,小売業,小売,False,True,25.26912181303116,35.0,42.94545386700486,BASE,False
4234,2026-10-08,998.0,20597423.93310547,74,-0.03634627958090886,0.455228442081288,-0.057981235939196796,1.2731591448931117,22.47259114460163,,,,PRICE ONLY,,,,,サンエー化研,"Sun A.Kaken Company,Limited",スタンダード,,化学,素材・化学,False,True,34.98583569405099,35.0,42.913870255871124,BASE,False
7040,2026-10-08,948.0,1052368.9834594727,74,-0.013491799302268515,-0.014499492149767312,-0.030346738352104663,3.195876288659794,8.226127413033515,,,,PRICE ONLY,,,,,サン・ライフホールディング,"SUN-LIFE HOLDING CO.,LTD.",スタンダード,,サービス業,情報通信・サービスその他,False,True,2.26628895184136,35.0,42.897269960704236,BASE,False
5285,2026-10-08,1267.0,30697435.0,74,-0.07518248175182485,-0.06769683590875641,-0.14794889038332215,1.7432220479498095,10.732642407705741,,,,PRICE ONLY,,,,,ヤマックス,YAMAX Corp.,スタンダード,,ガラス･土石製品,建設・資材,False,True,40.42492917847025,35.0,42.879965938791294,BASE,False
7264,2026-10-08,1306.0,1901895.4962158203,74,-0.021001957583942632,-0.0026274045076805086,-0.05107118621157358,2.8793774319066148,11.694778701787309,,,,PRICE ONLY,,,,,ムロコーポレーション,MURO CORPORATION,スタンダード,,輸送用機器,自動車・輸送機,False,True,6.79886685552408,35.0,42.87274984492207,BASE,False
5971,2026-10-08,8750.0,8973400.0,74,0.055488540410132625,0.08695652173913038,-0.038461538461538436,1.0050251256281406,28.21287233396232,,,,PRICE ONLY,,,,,共和工業所,"KYOWAKOGYOSYO CO.,LTD.",スタンダード,,金属製品,建設・資材,False,True,24.78753541076487,35.0,42.86966263849751,BASE,False
3355,2026-10-08,1776.0,41782100.0,74,-0.016066481994459814,0.11487758945386073,-0.05330490405117272,0.861244019138756,21.72436341927346,,,,PRICE ONLY,,,,,クリヤマホールディングス,KURIYAMA HOLDINGS CORPORATION,スタンダード,,卸売業,商社・卸売,False,True,44.24929178470255,35.0,42.867748767820956,BASE,False
8301,2026-10-07,22000.0,1789650.0,73,0.01382488479262678,-0.010346378767431386,-0.08333333333333337,2.857142857142857,53.77555838340275,,,,PRICE ONLY,,,,,日本銀行,BANK OF JAPAN,スタンダード,,銀行業,銀行,False,True,6.005665722379604,35.0,42.859653004032644,BASE,False
1375,2026-10-08,1131.0,46870205.06530762,74,-0.02756455044464179,-0.020858075680035393,-0.056640647073826766,0.8980702622464126,12.619936761027567,,,,PRICE ONLY,,,,,ユキグニファクトリー,"YUKIGUNI FACTORY CO.,LTD.",プライム,,水産・農林業,食品,False,True,45.46742209631728,35.0,42.8542519795715,BASE,False
2927,2026-10-08,846.0,12749200.0,74,-0.017421602787456414,0.009515804929421945,-0.0407366019291896,1.244620986428335,5.176233728557015,,,,PRICE ONLY,,,,,ＡＦＣ−ＨＤアムスライフサイエンス,"AFC-HD AMS Life Science Co.,Ltd.",スタンダード,,食料品,食品,False,True,29.546742209631727,35.0,42.84509383603712,BASE,False
2335,2026-10-08,1010.0,44505380.96435547,74,-0.05108925661861319,-0.020420998095757703,-0.07576943162174765,1.119238360617671,11.57239980341461,,,,PRICE ONLY,,,,,キューブシステム,CUBE SYSTEM INC.,プライム,,情報･通信業,情報通信・サービスその他,False,True,44.98583569405099,35.0,42.804141835916376,BASE,False
3553,2026-10-08,865.0,30775659.051208496,74,-0.04790050390432299,0.019717114440368277,-0.05195631475792084,1.1191286589516678,12.083177507992016,,,,PRICE ONLY,,,,,共和レザー,"KYOWA LEATHER CLOTH CO.,LTD.",スタンダード,,化学,素材・化学,False,True,40.50991501416431,35.0,42.79148131806334,BASE,False
5952,2026-10-08,180.0,4210775.0,74,-0.05759162303664922,-0.021739130434782594,-0.06735751295336789,9.063598593799936,16.126557190790805,,,,PRICE ONLY,,,,,アマテイ,Amatei Incorporated,スタンダード,,金属製品,建設・資材,False,True,15.26912181303116,35.0,42.782992401793805,BASE,False
5187,2026-10-08,1127.0,4783380.0,74,-0.016579406631762605,0.001777777777777878,-0.04491525423728815,1.6243654822335025,19.467725354331115,,,,PRICE ONLY,,,,,クリエートメディック,"CREATE MEDIC CO.,LTD.",スタンダード,,精密機器,電機・精密,False,True,17.110481586402265,35.0,42.782540780179126,BASE,False
5571,2026-10-08,1050.0,1864840.0,74,0.02941176470588225,0.06490872210953347,-0.0066225165562914245,1.518987341772152,15.814838275999744,,,,PRICE ONLY,,,,,エキサイトホールディングス,"Excite Holdings Co.,Ltd.",スタンダード,,情報･通信業,情報通信・サービスその他,False,True,6.515580736543909,35.0,42.78239380857867,BASE,False
7500,2026-10-07,11290.0,5768050.0,73,0.15676229508196715,0.15913757700205333,-0.013973799126637543,0.0,26.968217842666746,,,,PRICE ONLY,,,,,西川計測,"NISHIKAWA KEISOKU Co.,Ltd.",スタンダード,,卸売業,商社・卸売,False,True,19.688385269121813,35.0,42.75109298501895,BASE,False
4668,2026-10-08,735.0,48756210.0,74,-0.04792746113989632,0.058023275521008166,-0.06946525222846345,1.036623215394165,12.867393322851326,,,,PRICE ONLY,,,,,明光ネットワークジャパン,"MEIKO NETWORK JAPAN CO.,LTD.",プライム,,サービス業,情報通信・サービスその他,False,True,45.892351274787536,35.0,42.747967563935205,BASE,False
4679,2026-10-08,275.0,1208330.0,74,0.03383458646616533,0.08695652173913038,0.0,1.558139534883721,15.354453416777861,,,,PRICE ONLY,,,,,田谷,"TAYA Co.,Ltd.",スタンダード,,サービス業,情報通信・サービスその他,False,True,3.1728045325779037,35.0,42.74172457981844,BASE,False
9560,2026-10-08,885.0,19759435.0,74,-0.017758046614872347,0.19460070772222315,-0.054487179487179516,1.1437335670464506,28.331684664075663,,,,PRICE ONLY,,,,,プログリット,PROGRIT Inc.,グロース,,サービス業,情報通信・サービスその他,False,True,34.61756373937677,35.0,42.72824635853225,BASE,False
1491,2026-10-08,681.0,20496035.0,74,-0.047552447552447585,-0.05809128630705396,-0.17753623188405798,1.8851195065535853,33.728074210920866,,,,PRICE ONLY,,,,,中外鉱業,"Chugai Mining Co.,Ltd.",スタンダード,,非鉄金属,鉄鋼・非鉄,False,True,34.95750708215297,35.0,42.71819143637679,BASE,False
8230,2026-10-08,299.0,5300254.7607421875,74,-0.014509721797252406,-0.017668297296942304,-0.036202870488068806,1.5235294117647058,6.082202553529767,,,,PRICE ONLY,,,,,はせがわ,"HASEGAWA CO.,LTD.",スタンダード,,小売業,小売,False,True,18.356940509915017,35.0,42.71370518983682,BASE,False
9635,2026-10-08,2519.0,1292500.0,74,-0.028163580246913567,-0.020606531881804058,-0.029661016949152574,2.0408163265306123,13.634127142094469,,,,PRICE ONLY,,,,,武蔵野興業,"Musashino Kogyo Co.,Ltd.",スタンダード,,サービス業,情報通信・サービスその他,False,True,3.6543909348441925,35.0,42.69414381337006,BASE,False
2735,2026-10-08,716.0,33850190.0,74,-0.011049723756906049,0.13661463948428776,-0.04278074866310155,0.8413486946411585,21.275929120095,,,,PRICE ONLY,,,,,ワッツ,"WATTS CO.,LTD.",スタンダード,,小売業,小売,False,True,41.41643059490085,35.0,42.68257922289555,BASE,False
9262,2026-10-08,663.0,14438620.0,74,-0.03493449781659386,0.030505845302199575,-0.04878048780487809,1.3070639115809708,18.515769924958818,,,,PRICE ONLY,,,,,シルバーライフ,"SILVER LIFE CO.,LTD.",スタンダード,,小売業,小売,False,True,30.906515580736542,35.0,42.67146627169774,BASE,False
9423,2026-10-08,103.0,10041895.0,74,-0.009615384615384581,0.0,-0.028301886792452824,1.2064229875343333,13.930278853813046,,,,PRICE ONLY,,,,,フォーバル・リアルストレート,Forval RealStraight Inc.,スタンダード,,情報･通信業,情報通信・サービスその他,False,True,26.51558073654391,35.0,42.6559782233031,BASE,False
9204,2026-10-08,424.0,24842565.0,74,0.01193317422434359,-0.029748283752860427,-0.029748283752860427,0.7674597083653109,18.819048509749074,,,,PRICE ONLY,,,,,スカイマーク,Skymark Airlines Inc.,グロース,,空運業,運輸・物流,False,True,37.59206798866855,35.0,42.63665364303579,BASE,False
1897,2026-10-08,3570.0,3729225.0,74,0.0785498489425982,0.15347334410339264,-0.08461538461538465,1.408450704225352,46.590733594107036,,,,PRICE ONLY,,,,,金下建設,"The Kaneshita Construction Co.,Ltd.",スタンダード,,建設業,建設・資材,False,True,13.68271954674221,35.0,42.62887675840654,BASE,False
6338,2026-10-08,1700.0,21027000.950317383,74,0.03338994331062484,0.08693013806176242,-0.10012295252512748,1.0657051282051282,29.094974619295655,,,,PRICE ONLY,,,,,タカトリ,Takatori Corporation,スタンダード,,機械,機械,False,True,35.35410764872521,35.0,42.625848293267346,BASE,False
2373,2026-10-08,421.0,9110765.0,74,0.01690821256038655,0.04987531172069826,-0.0665188470066519,1.2930817610062892,45.70870555101724,,,,PRICE ONLY,,,,,ケア２１,CARE TWENTYONE CORPORATION,スタンダード,,サービス業,情報通信・サービスその他,False,True,25.09915014164306,35.0,42.61774652843904,BASE,False
6082,2026-10-08,979.0,23024150.0,74,-0.03260869565217395,-0.008105369807497431,-0.05955811719500481,1.163652211810852,9.242302565962472,,,,PRICE ONLY,,,,,ライドオンエクスプレスホールディングス,"RIDE ON EXPRESS HOLDINGS Co.,Ltd.",スタンダード,,サービス業,情報通信・サービスその他,False,True,36.68555240793201,35.0,42.60066447198466,BASE,False
3159,2026-10-08,370.0,29599615.0,74,-0.08866995073891626,0.022099447513812098,-0.12322274881516593,1.6601511597602294,21.1121531981569,,,,PRICE ONLY,,,,,丸善ＣＨＩホールディングス,"Maruzen CHI Holdings Co.,Ltd.",スタンダード,,小売業,小売,False,True,40.02832861189802,35.0,42.58801199704921,BASE,False
9950,2026-10-08,3320.0,16283688.641357422,74,-0.03346240667769762,-0.026397074506034346,-0.03346240667769762,1.1714589989350372,6.956018115277453,,,,PRICE ONLY,,,,,ハチバン,"HACHI-BAN CO.,LTD.",スタンダード,,小売業,小売,False,True,32.26628895184136,35.0,42.58769752776991,BASE,False
8018,2026-10-08,816.0,28757585.268859863,74,-0.01651793927667633,0.03375982980246173,-0.0746926472314442,1.0611643330876934,23.003380335112634,,,,PRICE ONLY,,,,,三共生興,"SANKYO SEIKO CO.,LTD.",スタンダード,,卸売業,商社・卸売,False,True,39.68838526912181,35.0,42.57778936894863,BASE,False
5282,2026-10-08,373.0,20699650.688323975,74,-0.09447258809127745,-0.11151780175372272,-0.15713184413889236,2.1775544388609713,18.57677647337096,,,,PRICE ONLY,,,,,ジオスター,GEOSTR Corporation,スタンダード,,ガラス･土石製品,建設・資材,False,True,35.12747875354108,35.0,42.572507795921844,BASE,False
2195,2026-10-08,359.0,17090700.0,74,-0.027100271002710064,0.11145510835913308,-0.10250000000000004,1.4542466878915477,34.16593769096134,,,,PRICE ONLY,,,,,アミタホールディングス,"AMITA HOLDINGS CO.,LTD.",グロース,,サービス業,情報通信・サービスその他,False,True,32.889518413597735,35.0,42.572003262856,BASE,False
6144,2026-10-08,2629.0,15765668.243408203,74,-0.06359231891336059,-0.077177532268069,-0.16382751140785756,1.9654231119199272,13.598506492978895,,,,PRICE ONLY,,,,,西部電機,"Seibu Electric & Machinery Co.,Ltd.",スタンダード,,機械,機械,False,True,31.926345609065155,35.0,42.54291147968481,BASE,False
7277,2026-10-08,321.0,8689180.129241943,74,-0.06637146147870532,0.0058908314181755905,-0.1049511636582463,1.9137999209173586,15.29463092513899,,,,PRICE ONLY,,,,,ＴＢＫ,"TBK Co.,Ltd.",スタンダード,,輸送用機器,自動車・輸送機,False,True,24.475920679886688,35.0,42.52686830107302,BASE,False
9034,2026-10-08,1625.0,6723144.203491211,74,-0.003967668455314821,0.028658875173265486,-0.015748031496062964,1.248527679623086,11.467009869468715,,,,PRICE ONLY,,,,,南総通運,"NANSO Transport Co.,Ltd.",スタンダード,,陸運業,運輸・物流,False,True,21.444759206798867,35.0,42.524148144376085,BASE,False
9245,2026-10-08,2060.0,11706855.0,74,0.054247697031729825,0.05967078189300401,-0.040074557315936676,0.8556149732620321,16.417056149420258,,,,PRICE ONLY,,,,,リベロ,Livero Inc.,グロース,,サービス業,情報通信・サービスその他,False,True,28.4985835694051,35.0,42.52083827347165,BASE,False
6073,2026-10-08,1261.0,47279957.30773926,74,-0.1596171540373328,-0.13243493311548982,-0.16452527028891584,4.240295099244687,25.768538100166115,,,,PRICE ONLY,,,,,アサンテ,ASANTE INCORPORATED,プライム,,サービス業,情報通信・サービスその他,False,True,45.55240793201133,35.0,42.5134103020125,BASE,False
3484,2026-10-08,1228.0,9639455.0,74,0.07248908296943224,0.08003518029903245,-0.026169706582077734,0.7687460617517329,23.433018697011242,,,,PRICE ONLY,,,,,イノベーションホールディングス,"Innovation Holdings CO.,LTD.",スタンダード,,不動産業,不動産,False,True,25.94900849858357,35.0,42.50912377785794,BASE,False
8596,2026-10-08,1479.0,40890911.89453125,74,-0.04533444191235558,0.03383929814789033,-0.09624231690187224,1.175128351397604,15.210185062552897,,,,PRICE ONLY,,,,,九州リースサービス,"KYUSHU LEASING SERVICE CO.,LTD.",スタンダード,,その他金融業,金融（除く銀行）,False,True,43.96600566572238,35.0,42.504714929965466,BASE,False
7191,2026-10-08,1140.0,24123345.993652344,74,0.014559369324671056,0.060801917033069586,-0.04614787502425777,0.8266860043509789,16.480065791846776,,,,PRICE ONLY,,,,,イントラスト,Entrust Inc.,スタンダード,,その他金融業,金融（除く銀行）,False,True,37.138810198300284,35.0,42.49789831674788,BASE,False
9639,2026-10-08,2311.0,15623801.5234375,74,-0.010860532034718817,0.02880848883167153,-0.018266779949022927,0.9809663250366032,17.38046622354457,,,,PRICE ONLY,,,,,三協フロンテア,"SANKYO FRONTIER CO.,LTD.",スタンダード,,サービス業,情報通信・サービスその他,False,True,31.813031161473088,35.0,42.495874095385986,BASE,False
7841,2026-10-08,1068.0,13447570.0,74,-0.012025901942645745,-0.020183486238532056,-0.0557029177718833,1.222532960447463,15.105876408199306,,,,PRICE ONLY,,,,,遠藤製作所,"ENDO MANUFACTURING CO.,LTD.",スタンダード,,その他製品,情報通信・サービスその他,False,True,29.971671388101985,35.0,42.48141635784085,BASE,False
3053,2026-10-08,197.0,38902995.0,74,-0.024752475247524774,0.1005586592178771,-0.08796296296296291,1.0399834265589394,10.832932721353048,,,,PRICE ONLY,,,,,ペッパーフードサービス,"PEPPER FOOD SERVICE CO.,LTD.",スタンダード,,小売業,小売,False,True,43.342776203966004,35.0,42.45384930354613,BASE,False
4255,2026-10-08,3210.0,22452725.0,74,-0.10709318497913767,0.33527454242928445,-0.1541501976284585,2.704507512520868,19.495982468666252,,,,PRICE ONLY,,,,,ＴＨＥＣＯＯ,THECOO Inc.,グロース,,情報･通信業,情報通信・サービスその他,False,True,36.20396600566572,35.0,42.452002578923526,BASE,False
7111,2026-10-08,580.0,5823690.0,74,0.10476190476190483,0.33333333333333326,-0.016949152542372836,0.7308641975308642,26.791246247665175,,,,PRICE ONLY,,,,,ＩＮＥＳＴ,"INEST,Inc.",スタンダード,,卸売業,商社・卸売,False,True,19.8300283286119,35.0,42.43894673585205,BASE,False
3921,2026-10-08,1586.0,28367835.0,74,-0.014906832298136607,-0.005272262682910478,-0.07033997655334112,1.015402167712493,21.66787019015226,,,,PRICE ONLY,,,,,ネオジャパン,NEOJAPAN Inc.,プライム,,情報･通信業,情報通信・サービスその他,False,True,39.46175637393768,35.0,42.424082237998746,BASE,False
7021,2026-10-08,2423.0,4012735.118408203,74,0.10150286440902012,0.332764217177572,-0.02494969818913484,0.9384164222873901,27.970160388732918,,,,PRICE ONLY,,,,,ニッチツ,"NITCHITSU CO.,LTD.",スタンダード,,機械,機械,False,True,14.61756373937677,35.0,42.40837905647748,BASE,False
6853,2026-10-08,781.0,14993650.0,74,0.023591087811271283,0.006443298969072142,-0.09244614621131364,1.168348380244291,16.856267824685,,,,PRICE ONLY,,,,,共和電業,"KYOWA ELECTRONIC INSTRUMENTS CO.,LTD.",スタンダード,,電気機器,電機・精密,False,True,31.218130311614733,35.0,42.39647661799412,BASE,False
7214,2026-10-08,1132.0,7962807.922363281,74,0.02669086879093996,0.0836756334294928,-0.011353711790393017,0.9855072463768116,15.908117151409732,,,,PRICE ONLY,,,,,ＧＭＢ,GMB CORPORATION,スタンダード,,輸送用機器,自動車・輸送機,False,True,23.569405099150142,35.0,42.38957300674846,BASE,False
6555,2026-10-08,423.0,669605.0,74,-0.016279069767441867,-0.013986013986013957,-0.03424657534246578,4.0,11.906113722210545,,,,PRICE ONLY,,,,,ＭＳ＆Ｃｏｎｓｕｌｔｉｎｇ,"MS&Consulting Co.,Ltd.",スタンダード,,サービス業,情報通信・サービスその他,False,True,0.821529745042493,35.0,42.386009858351784,BASE,False
4040,2026-10-08,4005.0,23344105.85571289,74,0.015141716233617597,0.10553105181691591,-0.025547445255474477,0.714879467996675,21.93686686082,,,,PRICE ONLY,,,,,南海化学,"NANKAI CHEMICAL COMPANY,LIMITED",スタンダード,,化学,素材・化学,False,True,36.85552407932011,35.0,42.38534433114392,BASE,False
7879,2026-10-08,667.0,5851780.0,74,-0.007440476190476164,-0.002989536621823663,-0.024853801169590684,1.3333333333333333,9.265982687782964,,,,PRICE ONLY,,,,,ノダ,NODA CORPORATION,スタンダード,,その他製品,情報通信・サービスその他,False,True,19.97167138810198,35.0,42.37989639720507,BASE,False
6615,2026-10-08,219.0,10867960.0,74,-0.0950413223140496,-0.030973451327433676,-0.11693548387096775,4.182959208303162,21.265087816621623,,,,PRICE ONLY,,,,,ユー・エム・シー・エレクトロニクス,"UMC Electronics Co.,Ltd.",プライム,,電気機器,電機・精密,False,True,27.592067988668557,35.0,42.35230789258841,BASE,False
9012,2026-10-08,2180.0,1827125.0,74,0.029272898961284266,0.03809523809523818,-0.0267857142857143,1.5584415584415585,28.009235824198843,,,,PRICE ONLY,,,,,秩父鉄道,"Chichibu Railway Co.,Ltd.",スタンダード,,陸運業,運輸・物流,False,True,6.3456090651558075,35.0,42.35136254798083,BASE,False
9698,2026-10-08,1260.0,2096720.0,74,-0.03300076745970837,0.033634126333059955,-0.06040268456375841,2.1052631578947367,16.84049989541913,,,,PRICE ONLY,,,,,クレオ,"CREO CO.,LTD.",スタンダード,,情報･通信業,情報通信・サービスその他,False,True,7.620396600566572,35.0,42.322394330315454,BASE,False
7937,2026-10-08,2384.0,39013021.911621094,74,-0.07531010449662179,-0.07035001690339515,-0.1208744670480435,1.4373583684040143,12.304893871407554,,,,PRICE ONLY,,,,,ツツミ,"TSUTSUMI JEWELRY CO.,LTD.",スタンダード,,その他製品,情報通信・サービスその他,False,True,43.42776203966005,35.0,42.316984435489374,BASE,False
9535,2026-10-08,403.0,34791493.805389404,74,-0.06090120175879632,-0.027361941672374268,-0.0901826427390734,1.2622930412050293,18.640822845278894,,,,PRICE ONLY,,,,,広島ガス,"HIROSHIMA GAS CO.,LTD.",プライム,,電気･ガス業,電気・ガス,False,True,41.671388101983005,35.0,42.29011127910866,BASE,False
9218,2026-10-08,815.0,19093870.0,74,0.044871794871794934,0.12104539202200826,-0.016887816646562137,0.5833333333333334,15.795008389938811,,,,PRICE ONLY,,,,,メンタルヘルステクノロジーズ,"Mental Health Technologies Co.,Ltd.",グロース,,サービス業,情報通信・サービスその他,False,True,34.22096317280453,35.0,42.28221283042188,BASE,False
3777,2026-10-08,48.0,48811310.0,74,0.02127659574468077,-0.020408163265306145,-0.09433962264150941,0.7255190161116877,33.530054312366055,,,,PRICE ONLY,,,,,環境フレンドリーホールディングス,Environment Friendly Holdings Corp.,グロース,,情報･通信業,情報通信・サービスその他,False,True,45.977337110481585,35.0,42.25523021919042,BASE,False
4671,2026-10-08,2650.0,46712329.49707031,74,-0.07318004509093845,0.018736018002074584,-0.08196505015640443,1.1669658886894076,17.670880191614078,,,,PRICE ONLY,,,,,ファルコホールディングス,"FALCO HOLDINGS Co.,Ltd.",スタンダード,,サービス業,情報通信・サービスその他,False,True,45.41076487252125,35.0,42.24855512780403,BASE,False
5464,2026-10-08,857.0,27305647.095947266,74,-0.0715401565127105,-0.07547849992339051,-0.09749093640015227,1.4283285155585785,17.55770640604569,,,,PRICE ONLY,,,,,モリ工業,MORY INDUSTRIES INC.,スタンダード,,鉄鋼,鉄鋼・非鉄,False,True,38.92351274787536,35.0,42.24515566366772,BASE,False
9760,2026-10-08,113.0,5375295.0,74,-0.05833333333333335,-0.05833333333333335,-0.06611570247933884,1.8167615221515456,14.34614865788377,,,,PRICE ONLY,,,,,進学会ホールディングス,"SHINGAKUKAI HOLDINGS CO.,LTD.",スタンダード,,サービス業,情報通信・サービスその他,False,True,18.611898016997166,35.0,42.24488656335503,BASE,False
9145,2026-10-08,549.0,18252635.0,74,-0.05831903945111494,0.06601941747572826,-0.09256198347107436,1.4928720166586578,33.11201138299023,,,,PRICE ONLY,,,,,ビーイングホールディングス,"BEING HOLDINGS CO.,LTD.",スタンダード,,陸運業,運輸・物流,False,True,33.654390934844194,35.0,42.23510772070222,BASE,False
3434,2026-10-08,1204.0,5686965.912475586,74,-0.015657004574427313,-0.020381829052936062,-0.027384627278600915,1.3808463251670378,4.654583244467277,,,,PRICE ONLY,,,,,アルファ,ALPHA Corporation,スタンダード,,金属製品,建設・資材,False,True,19.43342776203966,35.0,42.225039557748524,BASE,False
1972,2026-10-08,1251.0,38659064.32739258,74,-0.04073325245990023,0.01798182328571918,-0.054194087956271564,0.9282567652611705,15.917377119487877,,,,PRICE ONLY,,,,,三晃金属工業,"SANKO METAL INDUSTRIAL CO.,LTD.",スタンダード,,建設業,建設・資材,False,True,43.14447592067989,35.0,42.218920914387425,BASE,False
7640,2026-10-08,199.0,5628655.0,74,0.005050505050504972,0.19161676646706582,-0.0050000000000000044,1.1671001300390118,21.111700437729162,,,,PRICE ONLY,,,,,トップカルチャー,"TOP CULTURE Co.,Ltd.",スタンダード,,小売業,小売,False,True,19.263456090651555,35.0,42.203542734407705,BASE,False
7955,2026-10-08,882.0,42584777.794799805,74,-0.08773581379939377,-0.06090455605320555,-0.10954294060151604,1.396875707493774,18.76841387977781,,,,PRICE ONLY,,,,,クリナップ,Cleanup Corporation,プライム,,その他製品,情報通信・サービスその他,False,True,44.47592067988669,35.0,42.198982048026394,BASE,False
7561,2026-10-08,665.0,10579963.555603027,74,-0.04719145458231111,0.02776476802950656,-0.06425275042199563,1.4849814377320283,11.455007025136018,,,,PRICE ONLY,,,,,ハークスレイホールディングス,HURXLEY HOLDINGS CORPORATION,スタンダード,,小売業,小売,False,True,27.223796033994336,35.0,42.19795215061829,BASE,False
3583,2026-10-08,1360.0,763595.0,74,0.007407407407407307,0.013412816691505292,-0.01449275362318836,1.746031746031746,11.508468080004002,,,,PRICE ONLY,,,,,オーベクス,AuBEX CORPORATION,スタンダード,,繊維製品,素材・化学,False,True,0.9915014164305949,35.0,42.1809894942362,BASE,False
4235,2026-10-08,672.0,13837510.0,74,-0.0117647058823529,0.0014903129657228842,-0.07818930041152261,1.2737883785841158,11.589635003044865,,,,PRICE ONLY,,,,,ウルトラファブリックス・ホールディングス,"Ultrafabrics Holdings Co.,Ltd.",スタンダード,,化学,素材・化学,False,True,30.339943342776206,35.0,42.17492139406086,BASE,False
8104,2026-10-08,783.0,14077060.0,74,0.10906515580736542,0.16344725111441316,-0.048602673147023046,0.406393931183961,45.80351365258441,,,,PRICE ONLY,,,,,クワザワホールディングス,KUWAZAWA Holdings Corporation,スタンダード,,卸売業,商社・卸売,False,True,30.59490084985836,35.0,42.171627206088814,BASE,False
3953,2026-10-08,781.0,986600.0,74,-0.02375000000000005,-0.018844221105527637,-0.04054054054054057,5.0,9.363501997047214,,,,PRICE ONLY,,,,,大村紙業,"OHMURA SHIGYO CO.,LTD.",スタンダード,,パルプ・紙,素材・化学,False,True,1.9263456090651558,35.0,42.146272982816896,BASE,False
5356,2026-10-08,1199.0,6748322.705688477,74,-0.05502610216238779,-0.05502610216238779,-0.12838945453438644,3.1869254341164455,17.960557132672264,,,,PRICE ONLY,,,,,美濃窯業,"MINO CERAMIC CO.,LTD.",スタンダード,,ガラス･土石製品,建設・資材,False,True,21.529745042492916,35.0,42.13953966199202,BASE,False
8416,2026-10-08,1117.0,42316918.63952637,74,-0.024606283370231186,-0.030482109911477484,-0.11153021886901493,1.0750370470160313,37.11341600888435,,,,PRICE ONLY,,,,,高知銀行,"THE BANK OF KOCHI,LTD.",スタンダード,,銀行業,銀行,False,True,44.36260623229462,35.0,42.13058258824822,BASE,False
5582,2026-10-08,1997.0,30874565.0,74,-0.06986492780624132,0.046097433211105265,-0.07029795158286778,1.2211025489033789,23.67941083901704,,,,PRICE ONLY,,,,,グリッド,GRID Inc.,グロース,,情報･通信業,情報通信・サービスその他,False,True,40.53824362606232,35.0,42.12780381429209,BASE,False
4977,2026-10-08,1149.0,33821894.459228516,74,-0.031115628345057433,-0.10667086411862858,-0.13765719195269555,1.3229571984435797,7.801907118998535,,,,PRICE ONLY,,,,,新田ゼラチン,Nitta Gelatin Inc.,スタンダード,,化学,素材・化学,False,True,41.388101983002834,35.0,42.116178580693195,BASE,False
1434,2026-10-08,1588.0,38906235.0,74,-0.027556644213104664,-0.0996471369256009,-0.18496734204629783,1.4743720645293037,20.629727229532747,,,,PRICE ONLY,,,,,ＪＥＳＣＯホールディングス,"JESCO Holdings,Inc.",スタンダード,,建設業,建設・資材,False,True,43.37110481586402,35.0,42.10665402289038,BASE,False
7614,2026-10-08,1544.0,5171310.0,74,0.0,-0.0019392372333548735,-0.012787723785166238,1.244309559939302,5.677679780380714,,,,PRICE ONLY,,,,,オーエムツーネットワーク,"OM2Network Co.,Ltd.",スタンダード,,小売業,小売,False,True,18.07365439093484,35.0,42.054050730954884,BASE,False
3177,2026-10-08,4770.0,12137350.0,74,0.13033175355450233,0.3493635077793493,-0.06653620352250489,0.5128205128205128,33.32735714137186,,,,PRICE ONLY,,,,,ありがとうサービス,"ARIGATOU SERVICES COMPANY,LIMITED",スタンダード,,小売業,小売,False,True,28.810198300283286,35.0,42.04645753862827,BASE,False
5845,2026-10-08,1176.0,31357400.0,74,-0.028901734104046284,0.1428571428571428,-0.06814580031695716,0.9824957651044608,15.339455045708561,,,,PRICE ONLY,,,,,全保連,"ZENHOREN CO.,LTD.",スタンダード,,その他金融業,金融（除く銀行）,False,True,40.67988668555241,35.0,42.03981780584324,BASE,False
4624,2026-10-07,3975.0,3941906.40625,73,-0.029126213592232997,0.15774240231548475,-0.03147699757869249,1.592039800995025,18.519808315617595,,,,PRICE ONLY,,,,,イサム塗料,"Isamu Paint Co.,Ltd.",スタンダード,,化学,素材・化学,False,True,14.362606232294617,35.0,42.0240282705274,BASE,False
1948,2026-09-30,11450.0,32217750.0,68,0.0017497812773403787,-0.003481288076588318,-0.003481288076588318,0.0,0.8675092696591145,,,,PRICE ONLY,,,,,弘電社,"The Kodensha,Co.,Ltd.",スタンダード,,建設業,建設・資材,False,True,40.84985835694051,35.0,42.00967945269351,BASE,False
4492,2026-10-08,385.0,7059946.087799072,74,-0.0077319587628865705,-0.07810556996640805,-0.08674155585514065,1.5172413793103448,21.19855922474969,,,,PRICE ONLY,,,,,ゼネテック,GENETEC CORPORATION,スタンダード,,情報･通信業,情報通信・サービスその他,False,True,22.096317280453256,35.0,42.00953350004477,BASE,False
9973,2026-10-08,18.0,14247400.0,74,-0.09999999999999998,-0.09999999999999998,-0.1428571428571429,5.370062635817462,24.447311766973073,,,,PRICE ONLY,,,,,ＫＯＺＯホールディングス,"KOZO Holdings Co.,Ltd.",スタンダード,,小売業,小売,False,True,30.76487252124646,35.0,41.97440307567786,BASE,False
7520,2026-10-08,2389.0,38596415.0,74,-0.05535784895215501,0.011859381617958409,-0.10221721157459607,1.2013422818791946,23.48540096369488,,,,PRICE ONLY,,,,,エコス,"Eco's Co.,Ltd.",プライム,,小売業,小売,False,True,43.11614730878187,35.0,41.97165904832179,BASE,False
3799,2026-10-08,1117.0,7776059.246826172,74,0.00856098100783087,0.08666168450621337,-0.03428362042326416,1.133482475764355,18.021204180643963,,,,PRICE ONLY,,,,,キーウェアソリューションズ,Keyware Solutions Inc.,スタンダード,,情報･通信業,情報通信・サービスその他,False,True,23.31444759206799,35.0,41.958264851450274,BASE,False
7235,2026-10-08,1512.0,28934725.006713867,74,-0.010796713970656069,0.023854835396601715,-0.03783082395579318,0.7558733401430031,19.43039234916249,,,,PRICE ONLY,,,,,東京ラヂエーター製造,"TOKYO RADIATOR MFG.CO.,LTD.",スタンダード,,輸送用機器,自動車・輸送機,False,True,39.74504249291785,35.0,41.948013080074965,BASE,False
6775,2026-10-08,135.0,42850965.0,74,0.015037593984962516,0.11570247933884303,-0.04255319148936165,0.108133180651988,32.00002837438386,,,,PRICE ONLY,,,,,ＴＢグループ,TB GROUP INC.,スタンダード,,電気機器,電機・精密,False,True,44.58923512747875,35.0,41.943300095861645,BASE,False
5915,2026-10-08,2200.0,8409487.63671875,74,-0.10003609363411758,-0.0027209586415614107,-0.10365046187684523,4.574132492113565,21.757576875796623,,,,PRICE ONLY,,,,,駒井ハルテック,KOMAIHALTEC Inc.,スタンダード,,金属製品,建設・資材,False,True,24.107648725212464,35.0,41.91593795230385,BASE,False
9930,2026-10-08,387.0,2222145.0,74,-0.034912718204488824,0.09014084507042264,-0.07416267942583732,2.0796890184645287,10.95057935957349,,,,PRICE ONLY,,,,,北沢産業,"KITAZAWA SANGYO CO.,LTD.",スタンダード,,卸売業,商社・卸売,False,True,8.073654390934843,35.0,41.900293458407646,BASE,False
9127,2026-10-08,3560.0,18260570.14892578,74,0.0679883710250615,0.3106777048722653,-0.04278698384185753,0.5458089668615984,47.11178753150466,,,,PRICE ONLY,,,,,玉井商船,"TAMAI STEAMSHIP CO.,LTD.",スタンダード,,海運業,運輸・物流,False,True,33.682719546742206,35.0,41.875247053472265,BASE,False
2819,2026-10-08,2450.0,24920266.534423828,74,-0.017248295226634625,0.0018497161532293749,-0.0565883417137204,0.9306834706737761,13.199776118553988,,,,PRICE ONLY,,,,,エバラ食品工業,"EBARA Foods Industry,Inc.",スタンダード,,食料品,食品,False,True,37.64872521246459,35.0,41.86333409542328,BASE,False
5928,2026-10-08,278.0,1084096.7695617676,74,-0.028065159669528383,-0.017905495586910458,-0.047766467428913106,2.2902796271637818,10.707087083320118,,,,PRICE ONLY,,,,,アルメタックス,"ALMETAX MANUFACTURING CO,LTD.",スタンダード,,金属製品,建設・資材,False,True,2.4079320113314444,35.0,41.859799307871356,BASE,False
4404,2026-10-08,2184.0,32530275.0,74,-0.024128686327077764,0.17104557640750673,-0.03234381922906515,0.746915638546182,15.285787062776969,,,,PRICE ONLY,,,,,ミヨシ油脂,"Miyoshi Oil & Fat Co.,Ltd.",スタンダード,,食料品,食品,False,True,40.934844192634564,35.0,41.84748686791418,BASE,False
8025,2026-10-08,1457.0,5748250.0,74,0.11733128834355822,0.20612582781456945,0.0,0.294478527607362,17.01692839557021,,,,PRICE ONLY,,,,,ツカモトコーポレーション,"TSUKAMOTO CORPORATION CO.,LTD.",スタンダード,,卸売業,商社・卸売,False,True,19.60339943342776,35.0,41.83632405846469,BASE,False
3166,2026-10-08,1401.0,3611983.723754883,74,-0.032160101761137594,0.008166620886131293,-0.03542976437054757,1.629327902240326,8.982726018202593,,,,PRICE ONLY,,,,,ＯＣＨＩホールディングス,"OCHI HOLDINGS CO.,LTD.",スタンダード,,卸売業,商社・卸売,False,True,13.342776203966006,35.0,41.83616566282786,BASE,False
8023,2026-10-08,1047.0,23001943.235168457,74,0.017655448006815178,0.08715899227982393,0.0,0.3280141843971631,16.454699814358055,,,,PRICE ONLY,,,,,ＤＡＩＫＯ　ＸＴＥＣＨ,"DAIKO XTECH,LTD.",スタンダード,,情報･通信業,情報通信・サービスその他,False,True,36.657223796033996,35.0,41.82963154801189,BASE,False
5870,2026-10-08,878.0,6970545.0,74,-0.022271714922049046,0.09476309226932678,-0.06991525423728817,1.4897824653922216,13.880265283851777,,,,PRICE ONLY,,,,,ナルネットコミュニケーションズ,Nalnet Communications Inc.,グロース,,サービス業,情報通信・サービスその他,False,True,21.86968838526912,35.0,41.82949717201033,BASE,False
7446,2026-10-08,4405.0,1792624.1625976562,74,-0.008309850407303032,-0.023335523801584768,-0.092114623668618,2.7027027027027026,14.537538528088186,,,,PRICE ONLY,,,,,東北化学薬品,"TOHOKU CHEMICAL Co.,LTD.",スタンダード,,卸売業,商社・卸売,False,True,6.0339943342776206,35.0,41.821021583660766,BASE,False
7079,2026-10-08,2591.0,3076750.0,74,0.01767478397486255,0.014090019569471535,-0.01707132018209412,1.3392857142857142,11.08488442674875,,,,PRICE ONLY,,,,,ＷＤＢココ,"WDB coco CO.,LTD.",グロース,,サービス業,情報通信・サービスその他,False,True,11.388101983002832,35.0,41.81689032220161,BASE,False
8139,2026-10-08,2274.0,11719790.0,74,0.03835616438356171,0.06261682242990663,-0.05955334987593053,0.9248554913294798,30.449375432884267,,,,PRICE ONLY,,,,,ナガホリ,NAGAHORI CORPORATION,スタンダード,,卸売業,商社・卸売,False,True,28.526912181303114,35.0,41.81019414349724,BASE,False
3422,2026-10-08,661.0,25933179.883728027,74,0.05424782138045425,0.36878679345739607,-0.04967090261758933,0.4934970220007293,39.325491455771676,,,,PRICE ONLY,,,,,Ｊ−ＭＡＸ,"J-MAX Co.,Ltd.",スタンダード,,金属製品,建設・資材,False,True,38.328611898016995,35.0,41.80420049186161,BASE,False
3947,2026-10-08,2464.0,8182765.0,74,-0.013215859030836996,0.09413854351687378,-0.0337254901960784,1.199400299850075,17.788684211143728,,,,PRICE ONLY,,,,,ダイナパック,"Dynapac Co.,Ltd.",スタンダード,,パルプ・紙,素材・化学,False,True,23.937677053824363,35.0,41.79386762114508,BASE,False
7089,2026-10-08,1559.0,40848140.0,74,0.07147766323024052,0.030403172504956943,-0.10299194476409668,0.4073680481756996,43.090885462480614,,,,PRICE ONLY,,,,,フォースタートアップス,"for Startups,Inc.",グロース,,サービス業,情報通信・サービスその他,False,True,43.937677053824366,35.0,41.78381708811141,BASE,False
3030,2026-10-08,891.0,9112590.0,74,0.03967327887981331,0.0734939759036144,-0.005580357142857095,0.7523809523809524,10.996854608505432,,,,PRICE ONLY,,,,,ハブ,"HUB CO.,LTD.",スタンダード,,小売業,小売,False,True,25.127478753541077,35.0,41.77975767341293,BASE,False
3934,2026-10-08,2245.0,3769455.0,74,-0.015350877192982448,0.018140589569161092,-0.053541315345699836,1.607717041800643,16.622557806088707,,,,PRICE ONLY,,,,,ベネフィットジャパン,"BENEFIT JAPAN Co.,LTD.",スタンダード,,情報･通信業,情報通信・サービスその他,False,True,13.824362606232294,35.0,41.77610140456562,BASE,False
2428,2026-10-08,616.0,24850120.0,74,-0.028391167192429068,-0.022222222222222254,-0.05954198473282446,0.988982833717653,5.8990001263124885,,,,PRICE ONLY,,,,,ウェルネット,WELLNET CORPORATION,スタンダード,,サービス業,情報通信・サービスその他,False,True,37.62039660056657,35.0,41.768296070673784,BASE,False
9248,2026-10-08,1531.0,49543145.10253906,74,-0.056602061989048824,0.030999144091518716,-0.09427341305327297,1.0459482038429406,15.387247796647966,,,,PRICE ONLY,,,,,人・夢・技術グループ,"People, Dreams & Technologies Group Co.,Ltd.",スタンダード,,サービス業,情報通信・サービスその他,False,True,46.1756373937677,35.0,41.76311126432677,BASE,False
2498,2026-10-08,3005.0,35862321.12426758,74,-0.015968462971181263,-0.008183376744434923,-0.058816620460657165,0.7790008467400508,14.839096696847873,,,,PRICE ONLY,,,,,オリエンタルコンサルタンツホールディングス,Oriental Consultants Holdings Company Limited,スタンダード,,サービス業,情報通信・サービスその他,False,True,42.23796033994334,35.0,41.7414245317962,BASE,False
7726,2026-10-08,1434.0,10370504.038085938,74,0.013377818230094984,0.00629122181690156,-0.0698148336280382,1.141304347826087,27.33358313043544,,,,PRICE ONLY,,,,,黒田精工,KURODA PRECISION INDUSTRIES LTD.,スタンダード,,機械,機械,False,True,26.912181303116146,35.0,41.74034168301297,BASE,False
4286,2026-10-08,1280.0,25367385.0,74,-0.007751937984496138,0.17539026629935717,-0.08309455587392545,0.9787674779906784,28.952963307992906,,,,PRICE ONLY,,,,,ＣＬホールディングス,CL Holdings Inc.,スタンダード,,サービス業,情報通信・サービスその他,False,True,38.10198300283286,35.0,41.738683133228655,BASE,False
4644,2026-10-08,1027.0,35359188.8684082,74,-0.002551837004908797,0.009832841691248762,-0.01463653790228403,0.2046699336984722,5.988324032105113,,,,PRICE ONLY,,,,,イマジニア,"Imagineer Co.,Ltd.",スタンダード,,情報･通信業,情報通信・サービスその他,False,True,41.95467422096317,35.0,41.72061295077153,BASE,False
6382,2026-10-08,1209.0,21142265.065307617,74,0.0005892934086122459,0.012033892070187457,-0.02813504823151125,0.7447722715554282,11.827112464945595,,,,PRICE ONLY,,,,,トリニティ工業,TRINITY INDUSTRIAL CORPORATION,スタンダード,,機械,機械,False,True,35.43909348441927,35.0,41.71830626135787,BASE,False
9351,2026-10-08,1919.0,6502177.766113281,74,0.004679679922777291,0.06474205800917865,-0.002080083203328087,1.0227272727272727,7.173055641965796,,,,PRICE ONLY,,,,,東洋埠頭,"TOYO WHARF & WAREHOUSE CO.,LTD.",スタンダード,,倉庫･運輸関連業,運輸・物流,False,True,21.13314447592068,35.0,41.69717798756254,BASE,False
3075,2026-10-08,1715.0,22845820.0,74,0.03188929001203378,0.039393939393939315,-0.01831711505437894,0.3995560488346282,16.701411498076123,,,,PRICE ONLY,,,,,銚子丸,"Choushimaru Co.,Ltd.",スタンダード,,小売業,小売,False,True,36.48725212464589,35.0,41.68834841464588,BASE,False
6899,2026-10-08,2157.0,13660375.0,74,-0.07265692175408422,-0.10497925311203316,-0.11271081859317156,1.6838487972508591,16.865036437530744,,,,PRICE ONLY,,,,,ＡＳＴＩ,ASTI CORPORATION,スタンダード,,電気機器,電機・精密,False,True,30.113314447592067,35.0,41.65364928296318,BASE,False
3277,2026-10-08,794.0,12428340.0,74,-0.036407766990291246,0.24451410658307204,-0.08840413318025253,1.403973509933775,23.483479369019264,,,,PRICE ONLY,,,,,サンセイランディック,"Sansei Landic Co.,Ltd",スタンダード,,不動産業,不動産,False,True,29.26345609065156,35.0,41.65063780204443,BASE,False
4920,2026-10-08,1118.0,1158270.0,74,-0.019298245614035037,-0.0345423143350605,-0.06677796327212016,8.333333333333334,30.890244797711862,,,,PRICE ONLY,,,,,日本色材工業研究所,"Nippon Shikizai,Inc.",スタンダード,,化学,素材・化学,False,True,2.8895184135977336,35.0,41.63882288389444,BASE,False
3501,2026-10-08,1167.0,17460035.0,74,-0.006808510638297904,0.07458563535911611,-0.02749999999999997,0.8346709470304976,11.657279753793972,,,,PRICE ONLY,,,,,ＳＵＭＩＮＯＥ,"SUMINOE Co.,Ltd.",プライム,,繊維製品,素材・化学,False,True,33.20113314447592,35.0,41.637038768166384,BASE,False
6246,2026-10-08,1769.0,10741794.072875977,74,-0.01490954172875747,-0.0322471470564627,-0.06370658441143429,1.2205754141238012,9.089353384328437,,,,PRICE ONLY,,,,,テクノスマート,Techno Smart Corp.,スタンダード,,機械,機械,False,True,27.422096317280452,35.0,41.59946421925718,BASE,False
7417,2026-10-08,1706.0,8382114.540405273,74,-0.0915086685501435,-0.0596317925966775,-0.12309222051323465,2.6650943396226414,19.628641207449757,,,,PRICE ONLY,,,,,南陽,NANYO CORPORATION,スタンダード,,卸売業,商社・卸売,False,True,24.07932011331445,35.0,41.57078393426356,BASE,False
9876,2026-10-08,222.0,4021160.0,74,0.004524886877828038,-0.047210300429184504,-0.07112970711297073,1.5315818893236446,13.642244664259055,,,,PRICE ONLY,,,,,コックス,"COX CO.,LTD.",スタンダード,,小売業,小売,False,True,14.674220963172804,35.0,41.54833742847951,BASE,False
5869,2026-10-08,1269.0,6986310.0,74,0.003955696202531556,0.04876033057851248,-0.003924646781789609,0.9892086330935251,4.739601070381696,,,,PRICE ONLY,,,,,早稲田学習研究会,"WASEDA GAKUSHUKENKYUKAI CO.,LTD.",スタンダード,,サービス業,情報通信・サービスその他,False,True,21.89801699716714,35.0,41.54192427897366,BASE,False
2370,2026-10-08,23.0,6276910.0,74,-0.07999999999999996,-0.07999999999999996,-0.11538461538461542,5.08434351660113,40.55083229725382,,,,PRICE ONLY,,,,,メディネット,"MEDINET Co.,Ltd.",グロース,,サービス業,情報通信・サービスその他,False,True,20.623229461756374,35.0,41.52464589235127,BASE,False
2903,2026-10-08,1517.0,3787635.3717041016,74,-0.05031199114020357,-0.023091635862647064,-0.10568741074695209,3.6036036036036037,22.615294808995493,,,,PRICE ONLY,,,,,シノブフーズ,"SHINOBU FOODS PRODUCTS CO.,LTD.",スタンダード,,食料品,食品,False,True,13.909348441926344,35.0,41.51490342858806,BASE,False
7570,2026-10-08,1322.0,13754333.15246582,74,-0.03803868266538857,-0.0468889836441555,-0.06670415997312618,1.2573099415204678,18.645159399707218,,,,PRICE ONLY,,,,,橋本総業ホールディングス,"HASHIMOTO SOGYO HOLDINGS CO.,LTD.",スタンダード,,卸売業,商社・卸売,False,True,30.198300283286116,35.0,41.509181538187086,BASE,False
7134,2026-10-08,1452.0,12466740.0,74,0.06140350877192979,0.07635285396590064,-0.010899182561307952,0.23204419889502761,29.739911354789584,,,,PRICE ONLY,,,,,アップガレージグループ,"UP GARAGE GROUP Co.,Ltd.",スタンダード,,小売業,小売,False,True,29.291784702549574,35.0,41.50225380801928,BASE,False
4287,2026-10-08,498.0,16133185.0,74,0.03319502074688807,0.08260869565217388,0.0,0.3448275862068966,23.33730312568369,,,,PRICE ONLY,,,,,ジャストプランニング,JUST PLANNING INC.,スタンダード,,情報･通信業,情報通信・サービスその他,False,True,32.181303116147305,35.0,41.467232763122766,BASE,False
8999,2026-10-08,546.0,24637760.0,74,-0.03362831858407078,0.018656716417910557,-0.06024096385542166,0.9791809654541295,12.325893659190545,,,,PRICE ONLY,,,,,グランディハウス,Grandy House Corporation,プライム,,不動産業,不動産,False,True,37.450424929178475,35.0,41.4666796502034,BASE,False
3329,2026-10-08,2139.0,9451550.0,74,0.000467726847521055,0.023444976076554935,-0.0037261294829995517,0.8775981524249422,2.582891925146874,,,,PRICE ONLY,,,,,東和フードサービス,"TOWA FOOD SERVICE CO.,LTD.",スタンダード,,小売業,小売,False,True,25.6657223796034,35.0,41.43825977580448,BASE,False
4584,2026-10-08,159.0,38350235.0,74,-0.030487804878048808,0.11188811188811187,-0.12154696132596687,1.0880006512536633,38.40802533321497,,,,PRICE ONLY,,,,,キッズウェル・バイオ,Kidswell Bio Corporation,グロース,,医薬品,医薬品,False,True,43.03116147308782,35.0,41.42352136882449,BASE,False
6316,2026-10-08,2732.0,33038426.169433594,74,-0.06435790258053686,0.04814277174665427,-0.08866028581492269,1.1577028258887876,19.181541439899895,,,,PRICE ONLY,,,,,丸山製作所,"MARUYAMA MFG.CO.,INC.",スタンダード,,機械,機械,False,True,41.10481586402266,35.0,41.410489872697816,BASE,False
3981,2026-10-08,1220.0,4147025.0,74,-0.009740259740259716,0.01413133832086455,-0.015334947538337418,1.2982998454404946,9.42568284315404,,,,PRICE ONLY,,,,,ビーグリー,Beaglee Inc.,スタンダード,,情報･通信業,情報通信・サービスその他,False,True,15.070821529745043,35.0,41.396682860890294,BASE,False
1960,2026-10-08,1649.0,23085945.0,74,-0.04626951995373052,0.0898876404494382,-0.07359550561797756,1.119718309859155,24.830655969558432,,,,PRICE ONLY,,,,,サンテック,Sanyo Engineering & Construction Inc.,スタンダード,,建設業,建設・資材,False,True,36.742209631728045,35.0,41.394516994408754,BASE,False
6545,2026-10-08,755.0,9131825.0,74,-0.05860349127182041,-0.05625000000000002,-0.1611111111111111,1.9494584837545126,15.9657970220204,,,,PRICE ONLY,,,,,インターネットインフィニティー,internet infinity INC.,グロース,,サービス業,情報通信・サービスその他,False,True,25.15580736543909,35.0,41.34170150530629,BASE,False
7538,2026-10-08,388.0,1509415.0,74,-0.00512820512820511,0.043010752688172005,-0.025125628140703515,1.6238159675236807,13.122758470707845,,,,PRICE ONLY,,,,,大水,"DAISUI CO.,LTD.",スタンダード,,卸売業,商社・卸売,False,True,4.730878186968838,35.0,41.33873214001174,BASE,False
6560,2026-10-08,1784.0,29965390.0,74,-0.0429184549356223,0.001122334455667895,-0.0429184549356223,0.8400357462019661,23.15764342577611,,,,PRICE ONLY,,,,,エル・ティー・エス,"LTS,Inc.",プライム,,サービス業,情報通信・サービスその他,False,True,40.141643059490086,35.0,41.32175106052016,BASE,False
2653,2026-10-08,2741.0,43535710.0,74,-0.022816399286987532,-0.014141069286155328,-0.029366683914284097,0.5324146570623238,5.573026794861687,,,,PRICE ONLY,,,,,イオン九州,"AEON KYUSHU CO.,LTD.",スタンダード,,小売業,小売,False,True,44.73087818696884,35.0,41.31843671980307,BASE,False
4820,2026-10-08,558.0,44908095.0,74,-0.04778156996587035,0.1160000000000001,-0.08674304418985268,0.9294231388978408,18.12955848838765,,,,PRICE ONLY,,,,,イーエムシステムズ,"EM SYSTEMS CO.,LTD.",プライム,,情報･通信業,情報通信・サービスその他,False,True,45.09915014164306,35.0,41.318133905028446,BASE,False
6571,2026-10-08,1247.0,49503820.0,74,-0.03408210689388069,-0.013449367088607556,-0.06521739130434778,0.7221310440600934,11.587909029874044,,,,PRICE ONLY,,,,,キュービーネットホールディングス,"QB Net Holdings Co.,Ltd.",プライム,,サービス業,情報通信・サービスその他,False,True,46.14730878186969,35.0,41.3150979296883,BASE,False
9366,2026-10-08,1139.0,13975510.0,74,0.013345195729537407,0.06647940074906367,-0.13777441332323992,1.3027522935779816,45.17006410937257,,,,PRICE ONLY,,,,,サンリツ,SANRITSU CORPORATION,スタンダード,,倉庫･運輸関連業,運輸・物流,False,True,30.45325779036827,35.0,41.3150717929819,BASE,False
4168,2026-10-08,777.0,28135710.0,74,0.0012886597938144284,-0.005121638924455829,-0.044280442804428,0.640973630831643,19.285596457011525,,,,PRICE ONLY,,,,,ヤプリ,"Yappli,Inc.",グロース,,情報･通信業,情報通信・サービスその他,False,True,39.34844192634561,35.0,41.30743796402885,BASE,False
6042,2026-10-08,3850.0,2516300.0,74,-0.0051679586563307955,-0.03749999999999998,-0.051724137931034475,1.6129032258064515,11.384548810510523,,,,PRICE ONLY,,,,,ニッキ,"NIKKI CO.,LTD.",スタンダード,,輸送用機器,自動車・輸送機,False,True,9.263456090651557,35.0,41.306681563007174,BASE,False
2700,2026-10-08,1764.0,17074400.0,74,-0.0039525691699604515,-0.0005665722379603055,-0.048030221262817085,0.8795811518324608,17.05782141150167,,,,PRICE ONLY,,,,,木徳神糧,"KITOKU SHINRYO CO.,LTD.",スタンダード,,卸売業,商社・卸売,False,True,32.86118980169972,35.0,41.29913726711615,BASE,False
9450,2026-10-08,758.0,27310535.0,74,-0.01813471502590669,-0.014304291287386195,-0.05955334987593053,0.8248001122177023,17.424040179526052,,,,PRICE ONLY,,,,,ファイバーゲート,Fibergate Inc.,スタンダード,,情報･通信業,情報通信・サービスその他,False,True,38.95184135977337,35.0,41.29131396726434,BASE,False
1914,2026-10-08,768.0,16491700.0,74,-0.06909090909090909,0.11790393013100431,-0.08133971291866027,1.3827512473271562,18.212210154204577,,,,PRICE ONLY,,,,,日本基礎技術,"JAPAN FOUNDATION ENGINEERING CO.,LTD.",スタンダード,,建設業,建設・資材,False,True,32.521246458923514,35.0,41.2697429114686,BASE,False
5757,2026-10-08,4780.0,44035228.22753906,74,-0.05531764517650306,-0.08399866531251654,-0.13797730963090282,1.2186788154897494,26.319983280574604,,,,PRICE ONLY,,,,,ＣＫサンエツ,"CK SAN-ETSU Co.,Ltd.",プライム,,非鉄金属,鉄鋼・非鉄,False,True,44.815864022662886,35.0,41.26635451017027,BASE,False
9036,2026-10-08,1170.0,6097843.727416992,74,-0.0471360765644232,-0.08412614899424009,-0.15739606351599789,2.2004357298474946,17.19745539629434,,,,PRICE ONLY,,,,,東部ネットワーク,"TOHBU NETWORK CO.,LTD.",スタンダード,,陸運業,運輸・物流,False,True,20.481586402266288,35.0,41.2577083054031,BASE,False
7674,2026-10-08,2772.0,11228400.0,74,0.05239179954441919,-0.018413597733711096,-0.03850156087408951,0.6829268292682927,19.845514099840894,,,,PRICE ONLY,,,,,ＮＡＴＴＹ　ＳＷＡＮＫＹホールディングス,"NATTY SWANKY holdings Co.,Ltd.",グロース,,小売業,小売,False,True,27.960339943342778,35.0,41.24942686833411,BASE,False
5609,2026-10-08,931.0,4347980.0,74,0.017486338797814138,-0.031217481789802326,-0.05386178861788615,1.297709923664122,12.657644947971031,,,,PRICE ONLY,,,,,日本鋳造,NIPPON CHUZO K.K.,スタンダード,,鉄鋼,鉄鋼・非鉄,False,True,15.920679886685551,35.0,41.24408276379883,BASE,False
4262,2026-10-08,1373.0,4513110.375366211,74,0.010841755804360309,0.0676824424791127,-0.01928571428571424,1.140215716486903,10.440653852907824,,,,PRICE ONLY,,,,,ニフティライフスタイル,"NIFTY Lifestyle Co.,Ltd.",グロース,,情報･通信業,情報通信・サービスその他,False,True,16.373937677053824,35.0,41.18068108242534,BASE,False
5079,2026-10-08,2573.0,16654650.0,74,-0.01793893129770996,0.025917065390749672,-0.03270676691729324,0.8654602675059009,8.490578232027353,,,,PRICE ONLY,,,,,ノバック,"NOVAC CO.,LTD.",スタンダード,,建設業,建設・資材,False,True,32.60623229461756,35.0,41.17248638727696,BASE,False
2163,2026-10-08,930.0,39497795.0,74,-0.032258064516129004,-0.038177797780952094,-0.051987767584097844,0.7048883524441762,14.54884965627013,,,,PRICE ONLY,,,,,アルトナー,"ARTNER CO.,LTD.",プライム,,サービス業,情報通信・サービスその他,False,True,43.54107648725212,35.0,41.17140156004209,BASE,False
6061,2026-10-08,3135.0,15392250.0,74,-0.020312499999999956,0.12044317369549673,-0.06973293768545996,1.0867293625914316,22.358132395880855,,,,PRICE ONLY,,,,,ユニバーサル園芸社,"UNIVERSAL ENGEISHA CO.,LTD",スタンダード,,サービス業,情報通信・サービスその他,False,True,31.643059490084983,35.0,41.17024907861101,BASE,False
7212,2026-10-08,732.0,20413516.79473877,74,0.0014986043589295672,0.12101278317212594,-0.022252339712683034,0.6453939066161889,13.871851725680129,,,,PRICE ONLY,,,,,エフテック,F-TECH INC.,スタンダード,,輸送用機器,自動車・輸送機,False,True,34.87252124645892,35.0,41.16483378313891,BASE,False
6177,2026-10-08,81.0,15544065.0,74,-0.05813953488372092,-0.04705882352941182,-0.0898876404494382,1.375254700678342,27.736938285660827,,,,PRICE ONLY,,,,,ＡｐｐＢａｎｋ,AppBank Inc.,グロース,,サービス業,情報通信・サービスその他,False,True,31.75637393767705,35.0,41.16445947191385,BASE,False
3627,2026-10-08,269.0,5295735.0,74,0.0074906367041198685,-0.018034248629417604,-0.042323128505216134,1.2043123849592428,18.68887457313442,,,,PRICE ONLY,,,,,テクミラホールディングス,TECMIRA HOLDINGS INC.,スタンダード,,情報･通信業,情報通信・サービスその他,False,True,18.328611898016998,35.0,41.135315575624844,BASE,False
9733,2026-10-08,2205.0,32228587.041015625,74,-0.02930116127939464,-0.05127000077102806,-0.058765169117191096,0.7956104252400549,12.573525048816684,,,,PRICE ONLY,,,,,ナガセ,Nagase Brothers Inc.,スタンダード,,サービス業,情報通信・サービスその他,False,True,40.87818696883853,35.0,41.124751464718216,BASE,False
4433,2026-10-08,833.0,26357425.0,74,-0.015366430260047248,-0.048892857137879386,-0.06559728768720496,0.8228431071538226,12.119346174854456,,,,PRICE ONLY,,,,,ヒト・コミュニケーションズ・ホールディングス,"HITO-Communications Holdings,Inc.",プライム,,サービス業,情報通信・サービスその他,False,True,38.640226628895185,35.0,41.11442896234016,BASE,False
7809,2026-10-08,1322.0,4428165.0,74,-0.003016591251885359,0.0,-0.015636634400595706,1.1904761904761905,5.136829520075948,,,,PRICE ONLY,,,,,壽屋,"KOTOBUKIYA CO.,LTD.",スタンダード,,その他製品,情報通信・サービスその他,False,True,16.147308781869686,35.0,41.113876898607394,BASE,False
7444,2026-10-08,1977.0,2022915.0,74,-0.0015151515151514694,-0.0015151515151514694,-0.018371400198609722,1.4583333333333333,12.481953054055804,,,,PRICE ONLY,,,,,ハリマ共和物産,"Harima-Kyowa Co.,LTD.",スタンダード,,卸売業,商社・卸売,False,True,7.393767705382437,35.0,41.11148101441965,BASE,False
5586,2026-10-08,894.0,38669570.0,74,-0.04589114194236932,0.06937799043062198,-0.060924369747899165,0.8197275081634952,28.6558492608956,,,,PRICE ONLY,,,,,Ｌａｂｏｒｏ．ＡＩ,Laboro.AI Inc.,グロース,,情報･通信業,情報通信・サービスその他,False,True,43.1728045325779,35.0,41.105482172774735,BASE,False
3672,2026-10-08,27.0,3553260.0,74,-0.0357142857142857,-0.0357142857142857,-0.12903225806451613,2.565376569037657,56.59108026192365,,,,PRICE ONLY,,,,,オルトプラス,AltPlusInc.,スタンダード,,情報･通信業,情報通信・サービスその他,False,True,13.11614730878187,35.0,41.09804842159838,BASE,False
2193,2026-10-08,120.0,31967345.0,74,-0.055118110236220486,0.04347826086956519,-0.13043478260869568,1.2701137951686963,21.02988595190205,,,,PRICE ONLY,,,,,クックパッド,Cookpad Inc.,スタンダード,,サービス業,情報通信・サービスその他,False,True,40.79320113314447,35.0,41.05669512296718,BASE,False
9780,2026-10-08,1119.0,5742641.371459961,74,0.010553163286690426,0.2185126335881591,-0.021853146853146876,1.0379981464318813,23.146022400363183,,,,PRICE ONLY,,,,,ハリマビステム,HARIMA B.STEM CORPORATION,スタンダード,,サービス業,情報通信・サービスその他,False,True,19.575070821529746,35.0,41.046121085239655,BASE,False
3011,2026-10-08,141.0,1187255.0,74,-0.007042253521126751,-0.03424657534246578,-0.06622516556291391,1.837837837837838,13.888781105388148,,,,PRICE ONLY,,,,,バナーズ,"BANNERS CO.,LTD.",スタンダード,,小売業,小売,False,True,3.0311614730878187,35.0,41.024241783446,BASE,False
7050,2026-10-08,1413.0,24654270.0,74,0.004978662873399653,0.024655547498187103,-0.09423076923076923,0.8774495466510676,35.272684336074754,,,,PRICE ONLY,,,,,フロンティアインターナショナル,FRONTIER INTERNATIONAL INC.,グロース,,サービス業,情報通信・サービスその他,False,True,37.478753541076486,35.0,41.01313517488183,BASE,False
7847,2026-10-08,705.0,14050685.0,74,0.11727416798732171,0.18937304280528733,-0.0926640926640927,0.418280402788536,60.23292990714785,,,,PRICE ONLY,,,,,グラファイトデザイン,GRAPHITE DESIGN INC.,スタンダード,,その他製品,情報通信・サービスその他,False,True,30.53824362606232,35.0,41.00975147319477,BASE,False
9368,2026-10-08,910.0,22785878.791503906,74,-0.03691580306119835,0.027005755236806817,-0.03691580306119835,0.8423635248415456,11.171904354227463,,,,PRICE ONLY,,,,,キムラユニティー,"KIMURA UNITY CO.,LTD.",スタンダード,,倉庫･運輸関連業,運輸・物流,False,True,36.43059490084986,35.0,40.99595134609786,BASE,False
9908,2026-10-08,2818.0,37071433.27758789,74,-0.0006256410309691818,0.09091720182992002,-0.04506946797695699,0.47155688622754494,18.5807939754381,,,,PRICE ONLY,,,,,日本電計,"NIHON DENKEI CO.,LTD",スタンダード,,卸売業,商社・卸売,False,True,42.6628895184136,35.0,40.93922678765553,BASE,False
4625,2026-10-08,886.0,9002095.0,74,0.06490384615384626,0.1315453384418901,-0.03590859630032639,0.6486486486486487,32.70529747065432,,,,PRICE ONLY,,,,,アトミクス,"ATOMIX CO.,LTD.",スタンダード,,化学,素材・化学,False,True,24.900849858356942,35.0,40.92226345103364,BASE,False
1921,2026-10-08,1932.0,26271015.0,74,0.04094827586206895,0.14726840855106893,-0.06440677966101693,0.13192612137203166,45.29444536189941,,,,PRICE ONLY,,,,,巴コーポレーション,TOMOE CORPORATION,スタンダード,,建設業,建設・資材,False,True,38.555240793201136,35.0,40.91462584921383,BASE,False
4237,2026-10-08,331.0,10980440.0,74,-0.06497175141242939,-0.011940298507462699,-0.09562841530054644,1.5200129638632311,26.149340927121738,,,,PRICE ONLY,,,,,フジプレアム,Fujipream Corporation,スタンダード,,化学,素材・化学,False,True,27.705382436260624,35.0,40.89849365302738,BASE,False
6091,2026-10-08,926.0,30142920.0,74,0.03695408734602457,0.032332517624029666,-0.07121364092276827,0.0881057268722467,33.79109427391207,,,,PRICE ONLY,,,,,ウエスコホールディングス,Wesco Holdings Inc.,スタンダード,,サービス業,情報通信・サービスその他,False,True,40.19830028328612,35.0,40.88507114995953,BASE,False
9986,2026-10-08,2495.0,4450628.609619141,74,0.02770654000007644,0.0049858292309235,-0.0020000000000000018,0.9278350515463918,7.0526356967448205,,,,PRICE ONLY,,,,,蔵王産業,"ZAOH COMPANY,LTD.",スタンダード,,卸売業,商社・卸売,False,True,16.260623229461757,35.0,40.88215398001377,BASE,False
8198,2026-10-08,3185.0,47617900.0,74,-0.054896142433234374,-0.015455950540958274,-0.08080808080808077,0.8507670850767085,17.531765884849587,,,,PRICE ONLY,,,,,マックスバリュ東海,"Maxvalu Tokai Co.,Ltd.",スタンダード,,小売業,小売,False,True,45.6657223796034,35.0,40.85603277150617,BASE,False
7038,2026-10-08,568.0,11165160.0,74,-0.029059829059829068,0.032727272727272716,-0.07792207792207795,1.23640222870788,17.55486969602085,,,,PRICE ONLY,,,,,フロンティア・マネジメント,Frontier Management Inc.,プライム,,サービス業,情報通信・サービスその他,False,True,27.875354107648725,35.0,40.84847162696823,BASE,False
1384,2026-10-08,2073.0,22956620.0,74,-0.06537421100090168,0.016176470588235237,-0.07866666666666666,1.1658767772511849,12.96127652494733,,,,PRICE ONLY,,,,,ホクリヨウ,"Hokuryo Co.,Ltd.",スタンダード,,水産・農林業,食品,False,True,36.54390934844193,35.0,40.842749340855846,BASE,False
4800,2026-09-30,1359.0,21697695.0,68,0.0007363770250368162,-0.006578947368421018,-0.007304601899196461,0.0,0.6893015466742191,,,,PRICE ONLY,,,,,オリコン,Oricon Inc.,スタンダード,,情報･通信業,情報通信・サービスその他,False,True,35.72237960339943,35.0,40.82518071410012,BASE,False
7898,2026-10-08,908.0,5088519.125061035,74,-0.01840551679215474,0.03575901602603837,-0.03183785851895715,1.2569316081330868,17.476937119975343,,,,PRICE ONLY,,,,,ウッドワン,"WOOD ONE CO.,LTD.",スタンダード,,その他製品,情報通信・サービスその他,False,True,17.73371104815864,35.0,40.820033381493275,BASE,False
7067,2026-10-07,1090.0,414190.0,73,0.04807692307692313,0.06341463414634152,0.0,1.2820512820512822,18.28295910501693,,,,PRICE ONLY,,,,,ブランディングテクノロジー,Branding Technology Inc.,グロース,,サービス業,情報通信・サービスその他,False,True,0.311614730878187,35.0,40.817206951059646,BASE,False
9872,2026-10-08,962.0,6049170.0,74,0.0,0.0445168295331162,-0.005170630816959676,0.950896336710834,10.488877599417362,,,,PRICE ONLY,,,,,北恵,"KITAKEI CO.,LTD.",スタンダード,,卸売業,商社・卸売,False,True,20.36827195467422,35.0,40.80444161031302,BASE,False
4020,2026-10-08,899.0,1498675.0,74,0.07664670658682637,0.2788051209103841,0.0,1.0,15.28366508471882,,,,PRICE ONLY,,,,,ビートレンド,BETREND CORPORATION,グロース,,情報･通信業,情報通信・サービスその他,False,True,4.7025495750708215,35.0,40.79458747418155,BASE,False
9083,2026-10-08,1932.0,9651052.124023438,74,-0.01420172417830956,0.003546761246966623,-0.05525672371638146,1.0970464135021096,18.67200544533934,,,,PRICE ONLY,,,,,神姫バス,"Shinki Bus Co.,Ltd.",スタンダード,,陸運業,運輸・物流,False,True,26.005665722379607,35.0,40.791539932356024,BASE,False
7068,2026-10-08,583.0,38731885.0,74,-0.025083612040133763,0.08768656716417911,-0.07460317460317456,0.7311338642396663,28.12183264614918,,,,PRICE ONLY,,,,,フィードフォースグループ,Feedforce Group Inc.,グロース,,サービス業,情報通信・サービスその他,False,True,43.201133144475925,35.0,40.78936346975186,BASE,False
2440,2026-10-08,109.0,19128640.0,74,-0.11382113821138207,-0.12096774193548387,-0.18656716417910446,2.2641757231506716,22.074220631787227,,,,PRICE ONLY,,,,,ぐるなび,"Gurunavi,Inc.",スタンダード,,サービス業,情報通信・サービスその他,False,True,34.27762039660057,35.0,40.78250936196612,BASE,False
5578,2026-10-08,906.0,16126380.0,74,0.01683501683501687,-0.003309498507136799,-0.09837237668185406,0.960960960960961,23.65205074362286,,,,PRICE ONLY,,,,,ＡＲアドバンストテクノロジ,"AR advanced technology,Inc.",グロース,,情報･通信業,情報通信・サービスその他,False,True,32.15297450424929,35.0,40.7766234518204,BASE,False
8421,2026-10-08,187600.0,41520225.0,74,-0.02342529932326909,0.009144701452393766,-0.034979423868312765,0.3171058508262617,7.641520318833425,,,,PRICE ONLY,,,,,信金中央金庫,Shinkin Central Bank,スタンダード,,その他,その他,False,True,44.10764872521247,35.0,40.77440249252453,BASE,False
2751,2026-10-08,3590.0,39372875.0,74,-0.05277044854881263,-0.03753351206434319,-0.07474226804123707,0.8625592417061612,20.141023833677703,,,,PRICE ONLY,,,,,テンポスホールディングス,"TENPOS HOLDINGS Co.,Ltd.",スタンダード,,卸売業,商社・卸売,False,True,43.51274787535411,35.0,40.77407209628859,BASE,False
3913,2026-10-08,1089.0,7156395.0,74,-0.0036596523330283404,0.17222820236813785,-0.09174311926605505,1.3279352226720649,32.997016984654124,,,,PRICE ONLY,,,,,ＧｒｅｅｎＢｅｅ,"GreenBee,Inc.",スタンダード,,情報･通信業,情報通信・サービスその他,False,True,22.237960339943346,35.0,40.752892191570865,BASE,False
8908,2026-10-08,858.0,4414015.0,74,-0.03487064116985372,-0.0023255813953488857,-0.04026845637583898,1.4196242171189979,10.631205202255709,,,,PRICE ONLY,,,,,毎日コムネット,"MAINICHI COMNET CO.,LTD.",スタンダード,,不動産業,不動産,False,True,16.11898016997167,35.0,40.74319161865409,BASE,False
1450,2026-10-08,1495.0,5074065.0,74,0.021872863978127155,0.08176555716353118,-0.011896893588896229,0.9425625920471281,14.947448840546734,,,,PRICE ONLY,,,,,ＴＡＮＡＫＥＮ,TANAKEN Inc.,スタンダード,,建設業,建設・資材,False,True,17.64872521246459,35.0,40.73629718898948,BASE,False
5965,2026-10-08,1191.0,9924910.0,74,-0.008326394671107407,0.02319587628865971,-0.023770491803278726,0.8933002481389578,7.965995768806054,,,,PRICE ONLY,,,,,フジマック,FUJIMAK CORPORATION,スタンダード,,金属製品,建設・資材,False,True,26.345609065155806,35.0,40.72596323781778,BASE,False
3979,2026-10-08,486.0,4503260.0,74,0.11724137931034484,0.18826405867970664,-0.014198782961460488,0.48847926267281105,28.70035099502176,,,,PRICE ONLY,,,,,うるる,"ULURU.CO.,LTD.",グロース,,情報･通信業,情報通信・サービスその他,False,True,16.31728045325779,35.0,40.71455722075878,BASE,False
9233,2026-10-08,1110.0,9486972.840576172,74,-0.026385952304141314,-0.0187993534282761,-0.03550070037444519,1.0580793559516963,11.45527892533922,,,,PRICE ONLY,,,,,アジア航測,"Asia Air Survey Co.,Ltd.",スタンダード,,空運業,運輸・物流,False,True,25.694050991501417,35.0,40.69376239680966,BASE,False
9896,2026-10-08,1313.0,43792558.76953125,74,-0.07265825019864036,-0.11255054048044444,-0.11255054048044444,1.096243753022731,18.919315217425474,,,,PRICE ONLY,,,,,ＪＫホールディングス,"JK Holdings Co.,Ltd.",スタンダード,,卸売業,商社・卸売,False,True,44.787535410764875,35.0,40.676290006070026,BASE,False
4761,2026-10-08,1452.0,11440493.906860352,74,0.036368075136350875,0.007501810910455875,-0.022222222222222254,0.5912596401028277,20.03210103569759,,,,PRICE ONLY,,,,,さくらケーシーエス,SAKURA KCS Corporation,スタンダード,,情報･通信業,情報通信・サービスその他,False,True,28.18696883852691,35.0,40.66333172227214,BASE,False
7363,2026-10-08,1413.0,35739840.0,74,0.08692307692307688,0.35344827586206895,-0.1431170406306853,0.0826787928896238,97.61021248574842,,,,PRICE ONLY,,,,,ベビーカレンダー,baby calendar Inc.,グロース,,サービス業,情報通信・サービスその他,False,True,42.15297450424929,35.0,40.652368003429515,BASE,False
5237,2026-10-08,1104.0,7009190.0,74,-0.09582309582309578,-0.1139646869983949,-0.13411764705882356,2.1530249110320283,25.895614179339294,,,,PRICE ONLY,,,,,ノザワ,NOZAWA CORPORATION,スタンダード,,ガラス･土石製品,建設・資材,False,True,21.98300283286119,35.0,40.64527089465433,BASE,False
6384,2026-10-08,1730.0,12187470.0,74,0.0,0.02609727164887299,-0.07188841201716734,0.9935205183585313,13.72332797837919,,,,PRICE ONLY,,,,,昭和真空,"SHOWA SHINKU CO.,LTD.",スタンダード,,機械,機械,False,True,28.923512747875353,35.0,40.631323090931154,BASE,False
8891,2026-10-08,2072.0,8915352.654418945,74,0.03977782558602816,0.04285865426216828,-0.024482109227871973,0.6835722160970231,20.818339188917566,,,,PRICE ONLY,,,,,ＡＭＧホールディングス,"AMG HOLDINGS CO.,LTD.",スタンダード,,不動産業,不動産,False,True,24.730878186968837,35.0,40.63099016727476,BASE,False
6982,2026-10-08,569.0,456335.0,74,-0.022336769759450203,-0.04530201342281881,-0.07928802588996764,2.361111111111111,19.882831426196837,,,,PRICE ONLY,,,,,リード,"The Lead Co.,Inc.",スタンダード,,輸送用機器,自動車・輸送機,False,True,0.39660056657223797,35.0,40.62948430870935,BASE,False
8887,2026-10-08,344.0,23230805.0,74,-0.0677506775067751,-0.047091412742382266,-0.11568123393316199,1.318646232439336,12.516234975429006,,,,PRICE ONLY,,,,,シーラホールディングス,"SYLA Holdings Co.,Ltd.",スタンダード,,不動産業,不動産,False,True,36.79886685552408,35.0,40.6277515890689,BASE,False
2654,2026-10-08,389.0,10212420.0,74,-0.12387387387387383,-0.03233830845771146,-0.13555555555555554,15.226198514517218,32.32196373322959,,,,PRICE ONLY,,,,,アスモ,ASMO CORPORATION,スタンダード,,小売業,小売,False,True,26.74220963172805,35.0,40.588639266542955,BASE,False
4394,2026-10-08,709.0,44797890.0,74,0.06777108433734935,0.2593250444049733,-0.1426844014510278,0.2932981375568265,71.52526594176922,,,,PRICE ONLY,,,,,エクスモーション,"eXmotion Co.,Ltd.",グロース,,情報･通信業,情報通信・サービスその他,False,True,45.04249291784703,35.0,40.58769271369155,BASE,False
7962,2026-10-08,767.0,21336520.0,74,-0.04244694132334581,-0.0013020833333333703,-0.0611995104039168,0.9532816341970872,11.526320558844565,,,,PRICE ONLY,,,,,キングジム,"KING JIM CO.,LTD.",プライム,,その他製品,情報通信・サービスその他,False,True,35.524079320113316,35.0,40.57524277755171,BASE,False
2668,2026-10-08,1275.0,839925.0,74,0.004728132387706863,0.007109004739336511,-0.0031274433150899617,1.4492753623188406,4.740772637304647,,,,PRICE ONLY,,,,,タビオ,Tabio Corporation,スタンダード,,卸売業,商社・卸売,False,True,1.388101983002833,35.0,40.559445443326176,BASE,False
4771,2026-10-08,2640.0,36531614.76196289,74,0.00040290181823898763,0.11910888901422978,-0.05686399848448498,0.4861878453038674,18.770305689340102,,,,PRICE ONLY,,,,,エフアンドエム,"F&M CO.,LTD.",スタンダード,,サービス業,情報通信・サービスその他,False,True,42.464589235127484,35.0,40.55150881576221,BASE,False
4811,2026-10-08,920.0,12348855.0,74,0.009879253567508295,0.09523809523809534,-0.04860392967942084,0.8069164265129684,34.600058083529866,,,,PRICE ONLY,,,,,ドリーム・アーツ,DreamArts Corporation,グロース,,情報･通信業,情報通信・サービスその他,False,True,29.178470254957507,35.0,40.533750254525636,BASE,False
6694,2026-10-08,833.0,8427515.0,74,0.08463541666666674,0.31388012618296535,-0.04800000000000004,0.5698271835590846,34.8240273901826,,,,PRICE ONLY,,,,,ズーム,ZOOM CORPORATION,スタンダード,,電気機器,電機・精密,False,True,24.1643059490085,35.0,40.53301860400512,BASE,False
7192,2026-10-08,668.0,35401645.0,74,-0.011834319526627168,0.13412563667232602,-0.07479224376731297,0.661799563857021,21.65679917021909,,,,PRICE ONLY,,,,,日本モーゲージサービス,Mortgage Service Japan Limited,スタンダード,,その他金融業,金融（除く銀行）,False,True,41.98300283286119,35.0,40.53162544798273,BASE,False
6858,2026-10-08,850.0,30539975.0,74,0.004728132387706863,-0.020737327188940058,-0.10042806276359084,0.7472755578619616,25.537848694341797,,,,PRICE ONLY,,,,,小野測器,"ONO SOKKI Co.,Ltd.",スタンダード,,電気機器,電機・精密,False,True,40.39660056657224,35.0,40.51887633158458,BASE,False
7374,2026-10-08,1493.0,18986955.852661133,74,0.007404561774103202,-0.0037234145674704955,-0.014608154127321638,0.3463203463203463,8.046943976306999,,,,PRICE ONLY,,,,,コンフィデンス・インターワークス,Interworks Confidence Inc.,グロース,,サービス業,情報通信・サービスその他,False,True,34.107648725212464,35.0,40.49349256815951,BASE,False
3353,2026-10-08,2804.0,5453600.0,74,-0.002844950213371278,0.02423660815368467,-0.012494644470664729,0.9947643979057592,4.540002169034319,,,,PRICE ONLY,,,,,メディカル一光グループ,"Medical Ikkou Group Co.,Ltd.",スタンダード,,小売業,小売,False,True,18.78186968838527,35.0,40.4440433044366,BASE,False
1443,2026-10-08,266.0,10566425.0,74,-0.050000000000000044,0.08571428571428563,-0.0699300699300699,1.2644701691896705,16.98853369026792,,,,PRICE ONLY,,,,,技研ホールディングス,"Giken Holdings Co.,Ltd.",スタンダード,,建設業,建設・資材,False,True,27.19546742209632,35.0,40.441405434861224,BASE,False
6551,2026-10-08,610.0,14490069.8336792,74,0.01915140806040272,0.1407861076271717,-0.009647235184603087,0.3090687271248475,18.771640576731738,,,,PRICE ONLY,,,,,ツナググループ・ホールディングス,TSUNAGU GROUP HOLDINGS Inc.,スタンダード,,サービス業,情報通信・サービスその他,False,True,30.991501416430594,35.0,40.43424198757175,BASE,False
3559,2026-10-08,475.0,2775430.0,74,0.021505376344086002,0.17574257425742568,0.0,1.0643776824034334,28.082839257413028,,,,PRICE ONLY,,,,,ピーバンドットコム,p-ban.com Corp.,スタンダード,,卸売業,商社・卸売,False,True,10.169971671388103,35.0,40.42669654876442,BASE,False
4241,2026-10-08,715.0,13409300.0,74,0.0671641791044777,0.1206896551724137,-0.05423280423280419,0.2843601895734597,36.408917408791346,,,,PRICE ONLY,,,,,アテクト,atect corporation,スタンダード,,化学,素材・化学,False,True,29.915014164305948,35.0,40.416065693162864,BASE,False
9913,2026-10-08,3715.0,11670000.0,74,0.019204389574760006,0.21009771986970693,-0.04621309370988447,0.749185667752443,12.404319901333125,,,,PRICE ONLY,,,,,日邦産業,NIPPO LTD.,スタンダード,,卸売業,商社・卸売,False,True,28.441926345609065,35.0,40.39899086541577,BASE,False
3082,2026-10-08,989.0,5489995.0,74,0.00815494393476035,0.03451882845188292,-0.0010101010101010166,0.8711111111111111,4.494688551221537,,,,PRICE ONLY,,,,,きちりホールディングス,"KICHIRI HOLDINGS & Co.,Ltd.",スタンダード,,小売業,小売,False,True,18.923512747875353,35.0,40.39840356144122,BASE,False
4490,2026-10-08,677.0,5761085.0,74,0.0273141122913505,0.1264559068219635,-0.01741654571843254,0.8266360505166476,25.441157563601863,,,,PRICE ONLY,,,,,ビザスク,VisasQ Inc.,グロース,,情報･通信業,情報通信・サービスその他,False,True,19.660056657223794,35.0,40.37288825855298,BASE,False
5921,2026-10-08,4380.0,10615472.355957031,74,0.030402611294289006,0.14431644899403318,-0.0011402508551880963,0.08080808080808081,14.45514095103258,,,,PRICE ONLY,,,,,川岸工業,"Kawagishi Bridge Works Co.,Ltd.",スタンダード,,金属製品,建設・資材,False,True,27.308781869688385,35.0,40.35993060837683,BASE,False
4448,2026-10-08,359.0,25108620.0,74,0.0056022408963585235,0.2730496453900708,-0.0401069518716578,0.3138393474353657,34.39486017857543,,,,PRICE ONLY,,,,,ｋｕｂｅｌｌ,"kubell Co.,Ltd.",グロース,,情報･通信業,情報通信・サービスその他,False,True,37.84702549575071,35.0,40.3508631369107,BASE,False
2224,2026-10-08,3770.0,7092475.0,74,0.014804845222072593,0.024456521739130377,-0.011795543905635641,0.7853403141361257,7.574210300713924,,,,PRICE ONLY,,,,,コモ,"COMO CO.,LTD.",スタンダード,,食料品,食品,False,True,22.152974504249293,35.0,40.34996032100955,BASE,False
3297,2026-10-08,1149.0,2981770.0,74,-0.023789294817332163,0.03513513513513522,-0.0464730290456431,1.4906832298136645,8.952242311234263,,,,PRICE ONLY,,,,,東武住販,"Toubujyuhan Co.,Ltd.",スタンダード,,不動産業,不動産,False,True,10.878186968838527,35.0,40.34704299290021,BASE,False
9713,2026-10-08,910.0,4897880.0,74,-0.002192982456140302,0.005524861878453136,-0.01833872707659112,1.0466222645099905,7.615104237684381,,,,PRICE ONLY,,,,,ロイヤルホテル,"THE ROYAL HOTEL,LIMITED",スタンダード,,サービス業,情報通信・サービスその他,False,True,17.3371104815864,35.0,40.333231069327006,BASE,False
8119,2026-10-08,782.0,1041510.1397705078,74,0.008484158488397231,0.020090766292124362,-0.003821656050955413,1.3740458015267176,8.151305017320668,,,,PRICE ONLY,,,,,三栄コーポレーション,SANYEI CORPORATION,スタンダード,,卸売業,商社・卸売,False,True,2.2096317280453257,35.0,40.32843711087618,BASE,False
3675,2026-10-08,582.0,14444860.0,74,-0.03642384105960261,-0.03482587064676612,-0.07324840764331209,1.0790305584826132,11.211748145071319,,,,PRICE ONLY,,,,,クロス・マーケティンググループ,Cross Marketing Group Inc.,スタンダード,,情報･通信業,情報通信・サービスその他,False,True,30.96317280453258,35.0,40.316304770815634,BASE,False
9558,2026-10-08,1990.0,10430725.0,74,0.004036326942482349,0.037539103232533844,-0.009457441513190612,0.6779661016949152,9.78128106652805,,,,PRICE ONLY,,,,,ジャパニアス,"Japaniace Co.,Ltd.",グロース,,サービス業,情報通信・サービスその他,False,True,27.025495750708217,35.0,40.31541847409988,BASE,False
5923,2026-10-08,1170.0,14311594.432373047,74,0.01684094005250847,0.05546654750146773,-0.010152284263959421,0.04103405826836274,7.786591417114681,,,,PRICE ONLY,,,,,高田機工,"TAKADAKIKO(Steel Construction)CO.,LTD.",スタンダード,,金属製品,建設・資材,False,True,30.84985835694051,35.0,40.31028323460971,BASE,False
2185,2026-10-08,1880.0,4096426.2322998047,74,-0.04621281530145904,0.01248174112863265,-0.051898605522124774,1.5048543689320388,18.538234392478987,,,,PRICE ONLY,,,,,シイエム・シイ,CMC CORPORATION,スタンダード,,サービス業,情報通信・サービスその他,False,True,14.872521246458922,35.0,40.29524645712916,BASE,False
5248,2026-10-08,502.0,8760850.0,74,-0.007905138339920903,-0.0492424242424242,-0.09549549549549552,1.2244897959183674,21.102410153489217,,,,PRICE ONLY,,,,,テクノロジーズ,"TECHNOLOGIES,Inc.",グロース,,情報･通信業,情報通信・サービスその他,False,True,24.589235127478755,35.0,40.26599922302684,BASE,False
9221,2026-10-08,1111.0,49032152.07336426,74,-0.0469646745026292,-0.03387571445737758,-0.1144494688678993,0.8741144414168938,28.221837563490364,,,,PRICE ONLY,,,,,フルハシＥＰＯ,FULUHASHI EPO CORPORATION,スタンダード,,サービス業,情報通信・サービスその他,False,True,46.03399433427762,35.0,40.26392713609985,BASE,False
2573,2026-10-08,4110.0,13164875.0,74,0.018587360594795488,0.02750000000000008,-0.007246376811594235,0.4608294930875576,6.8034728562614655,,,,PRICE ONLY,,,,,北海道コカ・コーラボトリング,"HOKKAIDO COCA-COLA BOTTLING CO.,LTD.",スタンダード,,食料品,食品,False,True,29.830028328611895,35.0,40.26063649688141,BASE,False
1840,2026-10-08,260.0,6464955.0,74,0.0,0.07883817427385886,-0.003831417624521105,0.8391330284350765,14.831258068284816,,,,PRICE ONLY,,,,,土屋ホールディングス,"TSUCHIYA HOLDINGS CO.,LTD.",スタンダード,,建設業,建設・資材,False,True,21.076487252124647,35.0,40.24452037671898,BASE,False
3059,2026-10-08,709.0,1290684.0036010742,74,0.01428569308038563,0.01001208057729408,-0.0014084507042253502,1.2742382271468145,4.753131616038801,,,,PRICE ONLY,,,,,ヒラキ,"HIRAKI CO.,LTD.",スタンダード,,小売業,小売,False,True,3.6260623229461753,35.0,40.22367833186532,BASE,False
6402,2026-10-08,1563.0,3472495.0,74,-0.03458925262507717,0.041305796135909345,-0.05157766990291257,1.4953271028037383,13.39020166694049,,,,PRICE ONLY,,,,,兼松エンジニアリング,"KANEMATSU ENGINEERING CO.,LTD.",スタンダード,,機械,機械,False,True,12.776203966005667,35.0,40.22142045004542,BASE,False
3760,2026-10-08,714.0,6786675.0,74,-0.0013986013986013734,0.14240000000000008,-0.07751937984496127,1.18706942236354,19.624184613751808,,,,PRICE ONLY,,,,,ケイブ,"CAVE Interactive CO.,LTD.",スタンダード,,情報･通信業,情報通信・サービスその他,False,True,21.558073654390935,35.0,40.21760279657897,BASE,False
3628,2026-10-08,714.0,7766810.0,74,0.072072072072072,0.367816091954023,-0.024590163934426257,0.41450777202072536,26.184423515753842,,,,PRICE ONLY,,,,,データホライゾン,"DATA HORIZON CO.,LTD.",グロース,,情報･通信業,情報通信・サービスその他,False,True,23.257790368271955,35.0,40.21627735968515,BASE,False
3537,2026-10-08,1697.0,11604715.0,74,-0.03579545454545452,0.02228915662650599,-0.06911684037301147,1.1182108626198084,26.955724499163615,,,,PRICE ONLY,,,,,昭栄薬品,"SHOEI YAKUHIN CO.,LTD.",スタンダード,,卸売業,商社・卸売,False,True,28.328611898016998,35.0,40.206415233863666,BASE,False
3955,2026-10-08,873.0,3274910.0,74,0.028268551236749095,0.0417661097852029,-0.0011441647597254523,0.9472259810554804,20.395415827931732,,,,PRICE ONLY,,,,,イムラ,"IMURA & Co.,Ltd.",スタンダード,,パルプ・紙,素材・化学,False,True,11.983002832861189,35.0,40.202986366082435,BASE,False
6069,2026-10-08,641.0,11026120.0,74,-0.06695778748180492,-0.06011730205278587,-0.09206798866855526,1.4016671812287742,19.985658918249978,,,,PRICE ONLY,,,,,トレンダーズ,"Trenders,Inc.",グロース,,サービス業,情報通信・サービスその他,False,True,27.790368271954673,35.0,40.17414013624045,BASE,False
6562,2026-10-08,1010.0,26486295.0,74,0.02123356926188058,0.03377686796315249,-0.08597285067873306,0.5894378194207837,24.3746388072445,,,,PRICE ONLY,,,,,ジーニー,"Geniee,Inc.",グロース,,サービス業,情報通信・サービスその他,False,True,38.725212464589234,35.0,40.16804220716682,BASE,False
6156,2026-10-08,1862.0,17564100.0,74,0.003232758620689724,0.045480067377877686,-0.028361875945537074,0.5636743215031316,13.420432766510684,,,,PRICE ONLY,,,,,エーワン精密,A-ONE SEIMITSU INC.,スタンダード,,機械,機械,False,True,33.257790368271955,35.0,40.157987163392775,BASE,False
5590,2026-10-08,712.0,45567050.0,74,-0.04172274562584122,0.06746626686656665,-0.04172274562584122,0.49201741654571846,17.806404437110494,,,,PRICE ONLY,,,,,ネットスターズ,"NETSTARS Co.,Ltd.",グロース,,情報･通信業,情報通信・サービスその他,False,True,45.240793201133144,35.0,40.15453241450081,BASE,False
4463,2026-10-08,2007.0,33497210.0,74,-0.013274336283185861,0.18058823529411772,-0.047008547008547064,0.4844903988183161,20.76603234550161,,,,PRICE ONLY,,,,,日華化学,"NICCA CHEMICAL CO.,LTD.",スタンダード,,化学,素材・化学,False,True,41.21813031161473,35.0,40.153585326264505,BASE,False
7219,2026-10-08,2500.0,3477890.0,74,-0.007542675664946374,0.10036121721012226,-0.06707630277236865,1.4179104477611941,16.457645793043703,,,,PRICE ONLY,,,,,エッチ・ケー・エス,"HKS CO.,LTD.",スタンダード,,輸送用機器,自動車・輸送機,False,True,12.861189801699716,35.0,40.145912225371575,BASE,False
3246,2026-10-08,692.0,4182875.0,74,0.00727802037845704,0.07620528771384127,-0.008595988538681931,0.9838846480067854,8.58077837633133,,,,PRICE ONLY,,,,,コーセーアールイー,"KOSE R.E. Co.,Ltd.",スタンダード,,不動産業,不動産,False,True,15.127478753541077,35.0,40.11441304669815,BASE,False
2750,2026-10-08,1305.0,10340061.33605957,74,-0.022471910112359605,0.03804905937679148,-0.03808965434586142,0.926984126984127,10.513704497683616,,,,PRICE ONLY,,,,,石光商事,"S.ISHIMITSU&CO.,LTD.",スタンダード,,卸売業,商社・卸売,False,True,26.855524079320116,35.0,40.1021435494749,BASE,False
5699,2026-10-08,1530.0,4342990.0,74,-0.03894472361809043,0.05517241379310356,-0.07775768535262206,1.532846715328467,17.288806573557398,,,,PRICE ONLY,,,,,イボキン,"IBOKIN Co.,Ltd.",スタンダード,,鉄鋼,鉄鋼・非鉄,False,True,15.864022662889518,35.0,40.08893400342532,BASE,False
2736,2026-10-08,591.0,1902300.0,74,-0.01990049751243783,-0.11904537920571145,-0.1381136569676077,2.56140350877193,12.647490241340446,,,,PRICE ONLY,,,,,フェスタリアホールディングス,"Festaria Holdings Co.,Ltd.",スタンダード,,小売業,小売,False,True,6.827195467422096,35.0,40.087299613039306,BASE,False
7115,2026-10-08,1397.0,8975045.0,74,-0.06742323097463288,-0.1649731022115959,-0.19896788990825687,2.0648464163822524,21.136523553907715,,,,PRICE ONLY,,,,,アルファパーチェス,AlphaPurchase Corporation,スタンダード,,卸売業,商社・卸売,False,True,24.81586402266289,35.0,40.07791989195539,BASE,False
7022,2026-10-08,332.0,23765405.0,74,-0.03488372093023251,0.15277777777777768,-0.08791208791208793,0.9245129268834729,22.598311354542442,,,,PRICE ONLY,,,,,サノヤスホールディングス,Sanoyas Holdings Corporation,スタンダード,,機械,機械,False,True,37.02549575070822,35.0,40.07488632604254,BASE,False
2304,2026-10-08,895.0,3680988.617248535,74,7.352037516938914e-05,-0.002107705578873187,-0.05954033581889728,1.3122721749696233,7.678866080024281,,,,PRICE ONLY,,,,,ＣＳＳホールディングス,"CSS HOLDINGS,LTD.",スタンダード,,サービス業,情報通信・サービスその他,False,True,13.48441926345609,35.0,40.07234861314226,BASE,False
7807,2026-10-08,888.0,1764030.0,74,0.041031652989449,0.08823529411764697,-0.007821229050279377,1.0810810810810811,12.244729131995753,,,,PRICE ONLY,,,,,幸和製作所,"KOWA CO.,LTD.",スタンダード,,その他製品,情報通信・サービスその他,False,True,5.7507082152974505,35.0,40.069482246723254,BASE,False
5535,2026-10-08,281.0,45236111.23321533,74,-0.056513731198149064,0.04025408577688361,-0.056513731198149064,0.6356648959848058,25.824737684838382,,,,PRICE ONLY,,,,,ミガロホールディングス,MIGALO HOLDINGS Inc.,プライム,,不動産業,不動産,False,True,45.21246458923513,35.0,40.06547279558364,BASE,False
2597,2026-10-08,1303.0,11512240.0,74,0.029225908372827902,0.12327586206896557,-0.015117157974300799,0.23681377825618946,27.691676888989512,,,,PRICE ONLY,,,,,ユニカフェ,UNICAFE INC.,スタンダード,,食料品,食品,False,True,28.27195467422096,35.0,40.0579715877478,BASE,False
6666,2026-10-08,812.0,34347310.532836914,74,0.004904949605978537,0.04074866769496577,-0.1705708505063307,0.9837242699856391,40.8512863820844,,,,PRICE ONLY,,,,,リバーエレテック,RIVER ELETEC CORPORATION,スタンダード,,電気機器,電機・精密,False,True,41.52974504249292,35.0,40.048251677247315,BASE,False
4055,2026-10-08,1523.0,40064947.83508301,74,-0.09759245463159194,-0.07304091508227895,-0.28522591287059196,2.352201257861635,29.332327455113372,,,,PRICE ONLY,,,,,ティアンドエスグループ,T&S Group Inc.,グロース,,情報･通信業,情報通信・サービスその他,False,True,43.73937677053824,35.0,40.02486331273026,BASE,False
2323,2026-10-08,339.0,17947700.0,74,0.03353658536585358,0.1978798586572439,-0.07377049180327866,0.6020841373986877,49.815861391988776,,,,PRICE ONLY,,,,,ｆｏｎｆｕｎ,fonfun corporation,スタンダード,,情報･通信業,情報通信・サービスその他,False,True,33.48441926345609,35.0,40.02258671190518,BASE,False
5612,2026-10-08,1567.0,10196625.0,74,-0.021236727045596537,-0.006970849176172411,-0.05431502715751357,0.992,17.630012628431178,,,,PRICE ONLY,,,,,日本鋳鉄管,NIPPON CHUTETSUKAN K.K.,スタンダード,,鉄鋼,鉄鋼・非鉄,False,True,26.713881019830026,35.0,40.02227860835494,BASE,False
5575,2026-10-08,1230.0,10662855.0,74,0.08370044052863435,0.8693009118541033,-0.06818181818181823,0.4836109618484686,44.21006646862099,,,,PRICE ONLY,,,,,Ｇｌｏｂｅｅ,Globee Inc.,グロース,,情報･通信業,情報通信・サービスその他,False,True,27.3371104815864,35.0,40.01409953781851,BASE,False
6566,2026-10-08,1238.0,1482970.0,74,-0.014331210191082855,-0.0476923076923077,-0.13305322128851538,2.616822429906542,11.631304929072549,,,,PRICE ONLY,,,,,要興業,"KANAME KOGYO CO.,LTD.",スタンダード,,サービス業,情報通信・サービスその他,False,True,4.61756373937677,35.0,40.00078442087576,BASE,False
9661,2026-10-08,4040.0,37463900.0,74,-0.05607476635514019,-0.09619686800894856,-0.09921962095875136,0.903954802259887,8.72799863156526,,,,PRICE ONLY,,,,,歌舞伎座,"Kabuki-Za Co.,Ltd.",スタンダード,,サービス業,情報通信・サービスその他,False,True,42.77620396600567,35.0,39.99392885207425,BASE,False
7081,2026-10-08,1299.0,4313555.0,74,0.003088803088802994,-0.01665404996214992,-0.031319910514541416,1.0810810810810811,8.376866821173309,,,,PRICE ONLY,,,,,コーユーレンティア,"Koyou Rentia Co.,Ltd.",スタンダード,,サービス業,情報通信・サービスその他,False,True,15.694050991501415,35.0,39.99354594349624,BASE,False
1717,2026-10-08,921.0,12252870.0,74,-0.0149732620320856,-0.026427061310782207,-0.04460580912863066,0.8333333333333334,6.551735925185512,,,,PRICE ONLY,,,,,明豊ファシリティワークス,Meiho Facility Works Ltd.,スタンダード,,サービス業,情報通信・サービスその他,False,True,29.008498583569402,35.0,39.953721301155525,BASE,False
6743,2026-10-08,1045.0,15296400.0,74,0.0185185185185186,0.2853628536285362,-0.05086285195277018,0.6116409075961855,22.148078079792356,,,,PRICE ONLY,,,,,大同信号,"Daido Signal Co.,Ltd.",スタンダード,,電気機器,電機・精密,False,True,31.558073654390935,35.0,39.93062253749884,BASE,False
7781,2026-10-08,886.0,11158705.0,74,0.023094688221708903,0.1088861076345431,-0.010055865921787754,0.2598395108903324,15.014804219968658,,,,PRICE ONLY,,,,,平山ホールディングス,"HIRAYAMA HOLDINGS Co.,Ltd.",スタンダード,,精密機器,電機・精密,False,True,27.84702549575071,35.0,39.927264481436346,BASE,False
2436,2026-10-08,593.0,16817190.0,74,-0.003361344537815114,-0.029459901800327315,-0.09603658536585369,0.9098567818028643,24.084513581301987,,,,PRICE ONLY,,,,,共同ピーアール,"KYODO PUBLIC RELATIONS CO.,LTD.",スタンダード,,サービス業,情報通信・サービスその他,False,True,32.69121813031162,35.0,39.92704419144228,BASE,False
6138,2026-10-08,1892.0,21797875.0,74,-0.06567901234567897,0.6625659050966608,-0.11423220973782766,1.2242990654205608,29.44349090016283,,,,PRICE ONLY,,,,,ダイジェット工業,"DIJET INDUSTRIAL CO.,LTD.",スタンダード,,機械,機械,False,True,35.8356940509915,35.0,39.92425772086126,BASE,False
2789,2026-10-08,477.0,1714940.0,74,0.0,0.02580645161290329,-0.024539877300613466,1.3509544787077827,17.439035231380863,,,,PRICE ONLY,,,,,カルラ,"Karula Co.,LTD.",スタンダード,,小売業,小売,False,True,5.609065155807365,35.0,39.89015401980056,BASE,False
8040,2026-10-08,1039.0,1179000.0,74,-0.003835091083413178,0.010700389105058328,-0.0352831940575673,1.5023474178403755,15.806635171531022,,,,PRICE ONLY,,,,,東京ソワール,"TOKYO SOIR CO.,LTD.",スタンダード,,繊維製品,素材・化学,False,True,2.9461756373937678,35.0,39.88621574525521,BASE,False
4264,2026-10-08,1360.0,35011935.0,74,-0.06206896551724139,-0.13650793650793647,-0.1762568140520896,1.3198597648999795,26.026664016473966,,,,PRICE ONLY,,,,,セキュア,"SECURE,INC.",グロース,,情報･通信業,情報通信・サービスその他,False,True,41.86968838526912,35.0,39.87610131148393,BASE,False
3974,2026-10-08,670.0,6396915.0,74,-0.004457652303120341,0.12605042016806722,-0.00887573964497046,0.8346709470304976,10.134862716789318,,,,PRICE ONLY,,,,,ＳＣＡＴ,SCAT Inc.,スタンダード,,情報･通信業,情報通信・サービスその他,False,True,20.93484419263456,35.0,39.86967029654266,BASE,False
6658,2026-10-08,450.0,16470945.0,74,-0.008810572687224627,0.013513513513513598,-0.025974025974025983,0.5928278417361387,16.200140149895187,,,,PRICE ONLY,,,,,シライ電子工業,"Shirai Electronics Industrial Co.,Ltd.",スタンダード,,電気機器,電機・精密,False,True,32.46458923512748,35.0,39.85839464612002,BASE,False
4317,2026-10-08,601.0,6606185.0,74,0.0525394045534151,0.2141414141414142,-0.0033167495854062867,0.29707295762341634,15.91005737220747,,,,PRICE ONLY,,,,,レイ,Ray Corporation,スタンダード,,サービス業,情報通信・サービスその他,False,True,21.30311614730878,35.0,39.847037024053144,BASE,False
6034,2026-10-08,549.0,7035965.0,74,-0.09999999999999998,-0.1299524564183835,-0.15538461538461534,2.0508613617719442,37.2613491866872,,,,PRICE ONLY,,,,,ＭＲＴ,MRT Inc.,グロース,,サービス業,情報通信・サービスその他,False,True,22.06798866855524,35.0,39.82788344799677,BASE,False
4558,2026-10-08,200.0,1610087.001953125,74,0.007620111719818468,0.017746978466597785,-0.00497512437810943,1.2152553329023916,6.687410605920278,,,,PRICE ONLY,,,,,中京医薬品,"CHUKYO IYAKUHIN CO.,LTD.",スタンダード,,医薬品,医薬品,False,True,5.325779036827195,35.0,39.825951267200885,BASE,False
2268,2026-10-08,4050.0,15854550.0,74,0.0,-0.007352941176470562,-0.014598540145985384,0.4067796610169492,3.5533700630625984,,,,PRICE ONLY,,,,,Ｂ−Ｒ　サーティワン　アイスクリーム,"B-R 31 ICE CREAM CO.,LTD.",スタンダード,,食料品,食品,False,True,31.98300283286119,35.0,39.815005154684854,BASE,False
3140,2026-10-08,1024.0,5750390.0,74,0.0039215686274509665,0.02400000000000002,-0.03704380559153686,0.9591474245115453,2.977417019366017,,,,PRICE ONLY,,,,,ＢＲＵＮＯ,"BRUNO,Inc.",グロース,,卸売業,商社・卸売,False,True,19.63172804532578,35.0,39.81071568178692,BASE,False
6223,2026-10-08,1910.0,42962455.0,74,-0.03144016227180524,-0.09263657957244653,-0.22734627831715215,1.3181722467887977,15.70179069399607,,,,PRICE ONLY,,,,,西部技研,"Seibu Giken Co.,Ltd.",スタンダード,,機械,機械,False,True,44.61756373937677,35.0,39.8041490699361,BASE,False
7368,2026-10-08,1702.0,2029386.5399169922,74,0.011679591183108018,0.026046667706735915,-0.016184971098265888,1.1814345991561181,11.966439850141363,,,,PRICE ONLY,,,,,表示灯,"HYOJITO Co.,Ltd.",スタンダード,,サービス業,情報通信・サービスその他,False,True,7.45042492917847,35.0,39.80027102198464,BASE,False
9419,2026-10-08,297.0,4011095.0,74,0.006779661016949046,0.042105263157894646,-0.03883495145631066,1.1007809594644848,13.84447084827305,,,,PRICE ONLY,,,,,ワイヤレスゲート,"WirelessGate,Inc.",スタンダード,,情報･通信業,情報通信・サービスその他,False,True,14.589235127478753,35.0,39.7862201630338,BASE,False
6554,2026-10-08,1068.0,18046338.43811035,74,0.0022058927129937622,0.05625107636052418,-0.04657779304386567,0.5894864782740808,21.233977806519544,,,,PRICE ONLY,,,,,エスユーエス,"SUS Co.,Ltd.",グロース,,サービス業,情報通信・サービスその他,False,True,33.51274787535411,35.0,39.75383557313218,BASE,False
3935,2026-10-08,721.0,19100625.0,74,0.011220196353436185,-0.024357239512855178,-0.04249667994687911,0.32270029673590506,19.169850343433144,,,,PRICE ONLY,,,,,エディア,"Edia Co.,Ltd.",スタンダード,,情報･通信業,情報通信・サービスその他,False,True,34.24929178470255,35.0,39.7462658479276,BASE,False
4016,2026-10-08,1091.0,4676870.0,74,0.04103053435114501,0.17311827956989245,-0.0036529680365297024,0.6808510638297872,14.760129259836678,,,,PRICE ONLY,,,,,ＭＩＴホールディングス,"MIT Holdings CO.,LTD.",スタンダード,,情報･通信業,情報通信・サービスその他,False,True,16.71388101983003,35.0,39.729346822254726,BASE,False
3733,2026-10-08,11850.0,38522300.0,74,-0.02066115702479343,0.0304347826086957,-0.06398104265402849,0.3970223325062035,20.119549928876815,,,,PRICE ONLY,,,,,ソフトウェア・サービス,"Software Service,Inc.",スタンダード,,情報･通信業,情報通信・サービスその他,False,True,43.08781869688385,35.0,39.72265446941364,BASE,False
3896,2026-10-08,411.0,3886302.5436401367,74,0.014580187641972886,0.15344726849045376,-0.03294117647058825,1.0311383358856558,15.764470044374207,,,,PRICE ONLY,,,,,阿波製紙,"AWA PAPER & TECHNOLOGICAL COMPANY,Inc.",スタンダード,,パルプ・紙,素材・化学,False,True,14.24929178470255,35.0,39.712941651466025,BASE,False
4299,2026-10-08,1170.0,6823829.862060547,74,-0.03680246201934789,0.010341393317855996,-0.04219640557835369,1.1170212765957446,14.59368777754196,,,,PRICE ONLY,,,,,ハイマックス,"HIMACS,Ltd.",スタンダード,,情報･通信業,情報通信・サービスその他,False,True,21.671388101983002,35.0,39.707428061456,BASE,False
4430,2026-10-08,1730.0,18755440.0,74,-0.019274376417233507,0.026706231454005858,-0.04101995565410199,0.6511627906976745,14.299655443073192,,,,PRICE ONLY,,,,,東海ソフト,"TOKAI SOFT CO.,LTD.",スタンダード,,情報･通信業,情報通信・サービスその他,False,True,33.966005665722385,35.0,39.69982589235123,BASE,False
4777,2026-10-08,198.0,4322960.0,74,-0.005025125628140725,0.0050761421319796,-0.052631578947368474,1.1803125728947983,9.632512838764843,,,,PRICE ONLY,,,,,ガーラ,GALA INCORPORATED,スタンダード,,情報･通信業,情報通信・サービスその他,False,True,15.722379603399434,35.0,39.68993387884329,BASE,False
4416,2026-10-08,401.0,2327430.0,74,-0.04750593824228033,-0.09887640449438206,-0.13203463203463206,5.093945720250522,17.874325256765154,,,,PRICE ONLY,,,,,Ｔｒｕｅ　Ｄａｔａ,True Data Inc.,グロース,,情報･通信業,情報通信・サービスその他,False,True,8.583569405099151,35.0,39.68967045730182,BASE,False
7636,2026-10-08,790.0,3527495.0,74,-0.01126408010012514,0.018041237113401998,-0.01741293532338306,1.120879120879121,3.6529394130730704,,,,PRICE ONLY,,,,,ハンズマン,"HANDSMAN CO.,LTD",スタンダード,,小売業,小売,False,True,13.031161473087819,35.0,39.68616614665461,BASE,False
4125,2026-10-08,3650.0,34755300.0,74,-0.04947916666666663,0.10942249240121571,-0.09987669543773114,0.8603238866396761,29.947030459833574,,,,PRICE ONLY,,,,,三和油化工業,SANWAYUKA INDUSTRY CORPORATION,スタンダード,,化学,素材・化学,False,True,41.64305949008499,35.0,39.681207111983824,BASE,False
2683,2026-10-08,993.0,1216600.0,74,-0.001006036217303774,-0.012922465208747513,-0.027424094025465195,1.4107883817427387,2.2862860342029294,,,,PRICE ONLY,,,,,魚喜,"UOKI CO.,LTD.",スタンダード,,小売業,小売,False,True,3.2011331444759206,35.0,39.67923059056874,BASE,False
6919,2026-10-08,1404.0,11720267.134399414,74,0.014918682564538654,0.058819045613045295,-0.013504652492632552,0.4636118598382749,9.699881182831573,,,,PRICE ONLY,,,,,ケル,KEL CORPORATION,スタンダード,,電気機器,電機・精密,False,True,28.55524079320113,35.0,39.67650178341385,BASE,False
8144,2026-10-08,1270.0,10260980.590209961,74,0.024876895162366797,-0.0135168475594597,-0.0135168475594597,0.02443494196701283,8.308957775898731,,,,PRICE ONLY,,,,,デンキョーグループホールディングス,"Denkyo Group Holdings Co.,Ltd.",スタンダード,,卸売業,商社・卸売,False,True,26.79886685552408,35.0,39.66625508813209,BASE,False
4012,2026-10-08,1715.0,16139210.0,74,-0.012665515256188864,0.026946107784431073,-0.047222222222222276,0.6942889137737962,22.061624891169128,,,,PRICE ONLY,,,,,アクシス,"AXIS CO.,LTD.",スタンダード,,情報･通信業,情報通信・サービスその他,False,True,32.20963172804532,35.0,39.66107445404758,BASE,False
6467,2026-10-08,342.0,1723153.2095336914,74,0.005681868660395439,0.04225207761617078,-0.031161473087818692,1.3179916317991631,13.400682266815988,,,,PRICE ONLY,,,,,ニチダイ,NICHIDAI CORPORATION,スタンダード,,機械,機械,False,True,5.637393767705382,35.0,39.65567249187113,BASE,False
7991,2026-10-08,1046.0,5414160.0,74,-0.028783658310120752,-0.008530805687203769,-0.07515473032714415,1.317829457364341,8.605756817262412,,,,PRICE ONLY,,,,,マミヤ・オーピー,"MAMIYA-OP CO.,LTD",スタンダード,,機械,機械,False,True,18.6685552407932,35.0,39.649367552894105,BASE,False
3320,2026-10-08,1296.0,7713375.0,74,0.002320185614849146,-0.008227349985824306,-0.02921348314606742,0.7963246554364471,7.614605604538119,,,,PRICE ONLY,,,,,クロスプラス,CROSS PLUS INC.,スタンダード,,卸売業,商社・卸売,False,True,23.172804532577903,35.0,39.63302677111572,BASE,False
4245,2026-10-08,722.0,8041360.0,74,0.009790209790209836,0.07600596125186287,-0.008241758241758212,0.640284570920409,13.490032809527385,,,,PRICE ONLY,,,,,ダイキアクシス,"Daiki Axis Co.,Ltd.",スタンダード,,化学,素材・化学,False,True,23.68271954674221,35.0,39.63243871781551,BASE,False
2226,2026-10-08,4705.0,40037875.0,74,-0.03979591836734697,-0.007383966244725704,-0.05045408678102925,0.12979351032448377,12.449751245275415,,,,PRICE ONLY,,,,,湖池屋,KOIKE-YA Inc.,スタンダード,,食料品,食品,False,True,43.711048158640224,35.0,39.63087746732127,BASE,False
9272,2026-10-08,1506.0,9560165.0,74,0.06205923836389271,-0.009210526315789447,-0.0492424242424242,0.29873039581777444,27.608366033069952,,,,PRICE ONLY,,,,,ブティックス,"Boutiques,Inc.",グロース,,サービス業,情報通信・サービスその他,False,True,25.835694050991503,35.0,39.58736248051012,BASE,False
1383,2026-10-08,3040.0,4295010.0,74,0.01638248077566029,0.04683195592286493,-0.00815660685154973,0.8421052631578947,7.994025491060089,,,,PRICE ONLY,,,,,ベルグアース,"Berg Earth co.,ltd.",スタンダード,,水産・農林業,食品,False,True,15.58073654390935,35.0,39.58630153851511,BASE,False
6579,2026-10-08,338.0,792155.0,74,-0.04249291784702547,-0.011695906432748537,-0.0714285714285714,1.8867924528301887,14.827815062673208,,,,PRICE ONLY,,,,,ログリー,"logly,Inc.",グロース,,サービス業,情報通信・サービスその他,False,True,1.1048158640226629,35.0,39.58077472263159,BASE,False
4248,2026-10-08,880.0,3839430.0,74,0.0,0.01616628175519641,-0.016759776536312887,1.0114942528735633,4.559171509846784,,,,PRICE ONLY,,,,,竹本容器,"Takemoto Yohki Co.,Ltd.",スタンダード,,化学,素材・化学,False,True,14.079320113314447,35.0,39.57399011391362,BASE,False
3917,2026-10-08,481.0,7708690.0,74,0.02777777777777768,0.14251781472684089,-0.04752475247524757,0.7468123861566485,27.062200233632655,,,,PRICE ONLY,,,,,アイリッジ,"iRidge,Inc.",グロース,,情報･通信業,情報通信・サービスその他,False,True,23.11614730878187,35.0,39.56932900925991,BASE,False
6078,2026-10-08,1516.0,42119710.0,74,-0.025080385852090048,0.03551912568306004,-0.08065494238932691,0.5438501710786962,14.435078946686813,,,,PRICE ONLY,,,,,バリューＨＲ,"Value HR Co.,Ltd.",プライム,,サービス業,情報通信・サービスその他,False,True,44.30594900849859,35.0,39.56519684726148,BASE,False
3469,2026-10-08,845.0,4895930.0,74,-0.056919642857142905,-0.06526548672566368,-0.16295195641406635,1.9183285849952516,20.84646770785512,,,,PRICE ONLY,,,,,デュアルタップ,"Dualtap Co.,Ltd.",スタンダード,,不動産業,不動産,False,True,17.280453257790366,35.0,39.55700249868151,BASE,False
1994,2026-10-08,603.0,5543805.0,74,-0.02584814216478193,0.07486631016042788,-0.042857142857142816,1.1158798283261802,19.641166203185705,,,,PRICE ONLY,,,,,高橋カーテンウォール工業,TAKAHASHI CURTAIN WALL CORPORATION,スタンダード,,建設業,建設・資材,False,True,19.121813031161473,35.0,39.54400611132859,BASE,False
9647,2026-10-08,6720.0,3247000.0,74,-0.023255813953488413,-0.08819538670284943,-0.08819538670284943,1.5384615384615385,21.61742552612255,,,,PRICE ONLY,,,,,協和コンサルタンツ,"KYOWA ENGINEERING CONSULTANTS CO.,LTD.",スタンダード,,サービス業,情報通信・サービスその他,False,True,11.926345609065155,35.0,39.53751092721347,BASE,False
6864,2026-10-08,1527.0,36441445.0,74,-0.04919053549190533,-0.04681647940074907,-0.2514705882352941,1.55335888642324,27.207482697152948,,,,PRICE ONLY,,,,,エヌエフホールディングス,NF HOLDINGS CORPORATION,スタンダード,,電気機器,電機・精密,False,True,42.40793201133145,35.0,39.537509358194555,BASE,False
7531,2026-10-08,1311.0,268200.0,74,0.00768639508070712,0.02262090483619339,-0.01944652206432307,1.3953488372093024,13.11381464059211,,,,PRICE ONLY,,,,,清和中央ホールディングス,SEIWA CHUO HOLDINGS CORPORATION,スタンダード,,卸売業,商社・卸売,False,True,0.19830028328611898,35.0,39.53303102611013,BASE,False
4231,2026-10-08,993.0,14052183.150634766,74,-0.037603321526961664,-0.029290821911604703,-0.0520347155255545,0.8738548273431994,15.957056719984116,,,,PRICE ONLY,,,,,タイガースポリマー,TIGERS POLYMER CORPORATION,スタンダード,,化学,素材・化学,False,True,30.566572237960337,35.0,39.518152113422765,BASE,False
3454,2026-10-08,1265.0,5099545.0,74,0.01200000000000001,0.035188216039279796,-0.025423728813559365,0.8726415094339622,8.430883663181422,,,,PRICE ONLY,,,,,ファーストブラザーズ,"First Brothers Co.,Ltd.",スタンダード,,不動産業,不動産,False,True,17.762039660056658,35.0,39.51469918941611,BASE,False
9421,2026-10-08,530.0,1467765.0,74,0.03112840466926059,0.06000000000000005,-0.1166666666666667,1.6176470588235294,20.478794466501977,,,,PRICE ONLY,,,,,エヌジェイホールディングス,NJ Holdings Inc.,スタンダード,,情報･通信業,情報通信・サービスその他,False,True,4.447592067988668,35.0,39.50894887060544,BASE,False
7078,2026-10-08,335.0,4197005.0,74,-0.026162790697674465,-0.05633802816901412,-0.08967391304347827,1.4580699536451749,19.240268506472777,,,,PRICE ONLY,,,,,ＩＮＣＬＵＳＩＶＥ　Ｈｏｌｄｉｎｇｓ,INCLUSIVE Holdings Inc.,グロース,,サービス業,情報通信・サービスその他,False,True,15.155807365439095,35.0,39.49973949955567,BASE,False
9029,2026-10-08,1875.0,9900495.0,74,0.013513513513513598,-0.02139874739039671,-0.09855769230769229,0.9576427255985267,18.350822369865103,,,,PRICE ONLY,,,,,ヒガシホールディングス,"HIGASHI HOLDINGS CO.,LTD.",スタンダード,,陸運業,運輸・物流,False,True,26.31728045325779,35.0,39.467460200819346,BASE,False
3138,2026-10-08,1204.0,3119635.0,74,0.06360424028268552,0.044232437120555135,-0.0008298755186721962,0.6654343807763401,16.475098317326882,,,,PRICE ONLY,,,,,富士山マガジンサービス,"Fujisan Magazine Service Co.,Ltd.",スタンダード,,小売業,小売,False,True,11.586402266288951,35.0,39.46677932329243,BASE,False
7813,2026-10-08,921.0,2462265.0,74,0.009868421052631637,0.08994082840236683,-0.01602564102564108,1.0902255639097744,21.13444039526977,,,,PRICE ONLY,,,,,プラッツ,"PLATZ Co.,Ltd.",スタンダード,,その他製品,情報通信・サービスその他,False,True,9.06515580736544,35.0,39.458237928390375,BASE,False
3010,2026-10-08,189.0,21810220.0,74,-0.0052631578947368585,-0.05025125628140703,-0.05500000000000005,0.5540448674371176,10.086682287683274,,,,PRICE ONLY,,,,,ポラリス・ホールディングス,"Polaris Holdings Co.,Ltd.",スタンダード,,サービス業,情報通信・サービスその他,False,True,35.86402266288952,35.0,39.45800966386295,BASE,False
1420,2026-10-08,630.0,6992675.0,74,-0.004739336492891044,-0.007874015748031482,-0.02777777777777779,0.836743974533879,3.2108369916760684,,,,PRICE ONLY,,,,,サンヨーホームズ,Sanyo Homes Corporation,スタンダード,,建設業,建設・資材,False,True,21.926345609065155,35.0,39.45781678021913,BASE,False
8247,2026-10-08,334.0,5421015.0,74,0.037267080745341685,0.10596026490066235,-0.0972972972972973,1.0505050505050506,45.88393885534802,,,,PRICE ONLY,,,,,大和,"Daiwa Co.,Ltd.",スタンダード,,小売業,小売,False,True,18.725212464589237,35.0,39.423499626343926,BASE,False
2698,2026-10-08,3220.0,42847900.0,74,-0.02571860816944027,-0.07784068316777759,-0.12175305790497293,0.7175226586102719,14.704176089960164,,,,PRICE ONLY,,,,,キャンドゥ,"CAN DO CO.,LTD.",スタンダード,,小売業,小売,False,True,44.56090651558073,35.0,39.41643426993982,BASE,False
3926,2026-10-08,404.0,21231600.0,74,0.015075376884422065,0.18823529411764706,-0.1512605042016807,0.9212146081247435,54.5812726709622,,,,PRICE ONLY,,,,,オープンドア,Open Door Inc.,スタンダード,,情報･通信業,情報通信・サービスその他,False,True,35.4957507082153,35.0,39.40100835005263,BASE,False
7673,2026-10-08,1691.0,1803080.0,74,-0.0011813349084465186,0.02546998180715576,-0.029276693455797975,1.2871287128712872,12.955472268878616,,,,PRICE ONLY,,,,,ダイコー通産,"DAIKO TSUSAN CO.,LTD.",スタンダード,,卸売業,商社・卸売,False,True,6.203966005665722,35.0,39.38917964800537,BASE,False
2169,2026-10-08,1750.0,4869355.0,74,0.010392609699769073,0.019813519813519864,-0.010180995475113086,0.8027923211169284,8.594986503497031,,,,PRICE ONLY,,,,,ＣＤＳ,"CDS Co.,Ltd.",スタンダード,,サービス業,情報通信・サービスその他,False,True,17.223796033994336,35.0,39.38166751767692,BASE,False
5697,2026-10-08,800.0,3978855.0,74,-0.024390243902439046,0.10344827586206895,-0.05437352245862881,1.271186440677966,16.053644752163855,,,,PRICE ONLY,,,,,サンユウ,"SANYU CO.,LTD.",スタンダード,,鉄鋼,鉄鋼・非鉄,False,True,14.53257790368272,35.0,39.33723924774345,BASE,False
9827,2026-10-08,651.0,8291615.0,74,0.014018691588784993,0.05169628432956386,-0.013636363636363669,0.5884630274874177,11.755783693772633,,,,PRICE ONLY,,,,,リリカラ,"Lilycolor Co.,Ltd.",スタンダード,,卸売業,商社・卸売,False,True,24.05099150141643,35.0,39.33026799601402,BASE,False
3154,2026-10-08,763.0,17339795.0,74,-0.03172588832487311,-0.04505632040050067,-0.08562213209853842,0.9008601177003169,21.582108867737094,,,,PRICE ONLY,,,,,メディアスホールディングス,"MEDIUS HOLDINGS Co.,Ltd.",プライム,,卸売業,商社・卸売,False,True,33.11614730878187,35.0,39.31802335351272,BASE,False
2483,2026-10-08,2224.0,12171830.0,74,0.006790402897238534,-0.05602716468590829,-0.08702791461412152,0.8362989323843416,26.696385896270904,,,,PRICE ONLY,,,,,翻訳センター,HONYAKU Center Inc.,スタンダード,,サービス業,情報通信・サービスその他,False,True,28.86685552407932,35.0,39.312627718895946,BASE,False
2221,2026-10-08,3015.0,10028075.0,74,-0.01631321370309946,-0.019512195121951237,-0.02898550724637683,0.7407407407407407,3.9837447979683334,,,,PRICE ONLY,,,,,岩塚製菓,"IWATSUKA CONFECTIONERY CO.,LTD.",スタンダード,,食料品,食品,False,True,26.487252124645895,35.0,39.29390666977775,BASE,False
4571,2026-10-08,81.0,42381575.0,74,-0.21359223300970875,-0.19801980198019797,-0.25688073394495414,6.153277406512157,49.66035728320596,,,,PRICE ONLY,,,,,ＮＡＮＯホールディングス,"Nano Holdings,Inc.",グロース,,医薬品,医薬品,False,True,44.419263456090654,35.0,39.28522883800712,BASE,False
7604,2026-10-08,912.0,6707925.0,74,0.00219780219780219,0.03518728717366626,-0.010845986984815648,0.7061958694203864,4.775868082931613,,,,PRICE ONLY,,,,,梅の花グループ,"UMENOHANA GROUP CO.,LTD.",スタンダード,,小売業,小売,False,True,21.416430594900852,35.0,39.27364103251041,BASE,False
5576,2026-10-08,3070.0,4844083.851318359,74,0.0384053372332549,0.09200980129929048,-0.008077544426494332,0.6329113924050633,16.844946071937876,,,,PRICE ONLY,,,,,オービーシステム,O.B.System Inc.,スタンダード,,情報･通信業,情報通信・サービスその他,False,True,17.195467422096318,35.0,39.272260802208315,BASE,False
6578,2026-10-08,486.0,1668980.0,74,0.03404255319148941,-0.010183299389002087,-0.04705882352941182,1.1952191235059761,14.82493517190487,,,,PRICE ONLY,,,,,コレックホールディングス,CORREC HOLDINGS Inc.,スタンダード,,サービス業,情報通信・サービスその他,False,True,5.46742209631728,35.0,39.25889720640085,BASE,False
1381,2026-10-08,3555.0,12590000.0,74,0.0,0.0,-0.016597510373444035,0.13774104683195593,13.216156372154536,,,,PRICE ONLY,,,,,アクシーズ,"AXYZ CO.,Ltd.",スタンダード,,水産・農林業,食品,False,True,29.490084985835697,35.0,39.25145505288735,BASE,False
2342,2026-10-08,232.0,8467830.0,74,-0.10769230769230764,0.08411214953271018,-0.10769230769230764,1.6524437548487199,25.67773464073076,,,,PRICE ONLY,,,,,トランスジェニックグループ,TRANSGENIC GROUP INC.,スタンダード,,サービス業,情報通信・サービスその他,False,True,24.305949008498583,35.0,39.2446976179073,BASE,False
3054,2026-10-08,379.0,9883575.0,74,0.02156334231805923,0.5726141078838174,-0.02570694087403602,0.5267938237965486,26.166363397793248,,,,PRICE ONLY,,,,,ハイパー,HYPER Inc.,スタンダード,,卸売業,商社・卸売,False,True,26.260623229461753,35.0,39.22744629608234,BASE,False
6678,2026-10-08,1975.0,24464660.0,74,-0.029484029484029506,-0.031862745098039214,-0.09153633854645815,0.7775919732441472,12.984150676600489,,,,PRICE ONLY,,,,,テクノメディカ,"Techno Medica Co.,Ltd.",スタンダード,,電気機器,電機・精密,False,True,37.30878186968838,35.0,39.2194146581149,BASE,False
3326,2026-10-08,648.0,3094185.0,74,-0.004608294930875556,0.04347826086956519,-0.052631578947368474,1.2321232123212322,14.042894259221306,,,,PRICE ONLY,,,,,ランシステム,"RUNSYSTEM CO.,LTD.",スタンダード,,サービス業,情報通信・サービスその他,False,True,11.473087818696884,35.0,39.199771122937626,BASE,False
5279,2026-10-08,1198.0,3408255.0,74,0.002510460251045954,-0.029959514170040502,-0.03775100401606424,1.0889292196007259,10.821685730229312,,,,PRICE ONLY,,,,,日本興業,"NIHON KOGYO CO.,LTD.",スタンダード,,ガラス･土石製品,建設・資材,False,True,12.54957507082153,35.0,39.18813224673053,BASE,False
6568,2026-10-08,1239.0,3650541.3275146484,74,0.008168439688662321,-0.056263407134969134,-0.06330624612744384,1.1558669001751314,13.345334548454682,,,,PRICE ONLY,,,,,神戸天然物化学,"KNC Laboratories Co.,Ltd.",グロース,,サービス業,情報通信・サービスその他,False,True,13.456090651558073,35.0,39.17912906451994,BASE,False
7357,2026-10-08,1680.0,6114045.0,74,-0.018118059614260718,0.012201004849203168,-0.1353576942871848,1.4285714285714286,17.200081853932524,,,,PRICE ONLY,,,,,ジオコード,"GEOCODE CO.,Ltd.",スタンダード,,サービス業,情報通信・サービスその他,False,True,20.509915014164307,35.0,39.165000656486605,BASE,False
8085,2026-10-08,4400.0,10368250.0,74,0.037735849056603765,0.05769230769230771,-0.04347826086956519,0.29411764705882354,21.091831901844966,,,,PRICE ONLY,,,,,ナラサキ産業,"NARASAKI SANGYO CO.,LTD.",スタンダード,,卸売業,商社・卸売,False,True,26.88385269121813,35.0,39.15038474192346,BASE,False
2391,2026-10-08,1166.0,4653640.0,74,-0.006814310051107331,-0.02736073364377012,-0.028951302149836322,0.9644670050761421,4.113306857502246,,,,PRICE ONLY,,,,,プラネット,"PLANET,INC.",スタンダード,,サービス業,情報通信・サービスその他,False,True,16.657223796033993,35.0,39.14619779523534,BASE,False
2305,2026-10-08,1776.0,39610395.0,74,-0.034782608695652195,-0.07258485639686685,-0.12296296296296294,0.7571979143051463,10.58717499608373,,,,PRICE ONLY,,,,,スタジオアリス,"STUDIO ALICE Co.,Ltd.",スタンダード,,サービス業,情報通信・サービスその他,False,True,43.626062322946176,35.0,39.14387948933346,BASE,False
7687,2026-10-08,477.0,3332492.4559020996,74,0.07791726035321411,0.14177493754888326,-0.010373443983402453,0.5710306406685237,23.321816637223275,,,,PRICE ONLY,,,,,ミクリード,"MICREED Co.,Ltd.",グロース,,卸売業,商社・卸売,False,True,12.181303116147308,35.0,39.13696736747876,BASE,False
1446,2026-10-08,538.0,2850901.760559082,74,0.01904765097777039,0.024761904761904763,-0.0037037037037036535,0.8935361216730038,7.476353539427018,,,,PRICE ONLY,,,,,キャンディル,"CANDEAL Co.,Ltd.",スタンダード,,建設業,建設・資材,False,True,10.424929178470254,35.0,39.13410907190536,BASE,False
1431,2026-10-08,627.0,32033116.034851074,74,-0.04331444411756402,-0.02702410880906403,-0.0447683029613688,0.4104439703342477,9.230603062451204,,,,PRICE ONLY,,,,,Ｌｉｂ　Ｗｏｒｋ,"Lib Work Co.,Ltd.",グロース,,建設業,建設・資材,False,True,40.8215297450425,35.0,39.11712659016182,BASE,False
4409,2026-10-08,831.0,7741420.0,74,0.05994897959183665,0.12907608695652173,-0.07046979865771807,0.6215921483097055,34.115538121991364,,,,PRICE ONLY,,,,,東邦化学工業,"TOHO CHEMICAL INDUSTRY COMPANY,LIMITED",スタンダード,,化学,素材・化学,False,True,23.229461756373937,35.0,39.11448894582662,BASE,False
6964,2026-10-08,695.0,2750000.0,74,0.0028860028860029363,0.0205580029368575,-0.014184397163120588,1.0389610389610389,7.299232296690886,,,,PRICE ONLY,,,,,サンコー,"SANKO CO.,LTD.",スタンダード,,電気機器,電機・精密,False,True,9.943342776203966,35.0,39.11255505374735,BASE,False
7460,2026-10-08,1655.0,21818143.833618164,74,0.0031256670574522083,-0.04545873778376064,-0.1075013802770376,0.7123098201936376,18.493788935434964,,,,PRICE ONLY,,,,,ヤギ,"YAGI & CO.,LTD.",スタンダード,,卸売業,商社・卸売,False,True,35.920679886685555,35.0,39.10576279016553,BASE,False
7060,2026-10-08,598.0,9219472.281799316,74,0.029038827141556034,0.035991756165032696,-0.02649662142491349,0.26649746192893403,20.127088514101825,,,,PRICE ONLY,,,,,ギークス,geechs inc.,スタンダード,,サービス業,情報通信・サービスその他,False,True,25.35410764872521,35.0,39.09815540686013,BASE,False
4243,2026-10-08,999.0,2480374.9240112305,74,-0.021468356809656086,0.11832188748302808,-0.08180147058823528,1.5151515151515151,28.230276358957845,,,,PRICE ONLY,,,,,ニックス,"NIX,INC.",スタンダード,,化学,素材・化学,False,True,9.093484419263456,35.0,39.08462505250932,BASE,False
6513,2026-10-08,1259.0,20691760.391845703,74,-0.013358562836673693,0.18947660265266975,-0.07072145776419458,0.6376133372331091,26.54340938364757,,,,PRICE ONLY,,,,,オリジン,"Origin Company,Limited",スタンダード,,電気機器,電機・精密,False,True,35.07082152974505,35.0,39.067988451004595,BASE,False
1827,2026-10-08,1364.0,27322195.0,74,-0.002194586686174116,0.09294871794871784,-0.13670886075949362,0.7826546800634585,49.00766620268858,,,,PRICE ONLY,,,,,ナカノフドー建設,NAKANO CORPORATION,スタンダード,,建設業,建設・資材,False,True,38.98016997167139,35.0,39.05497472416687,BASE,False
7413,2026-10-07,3000.0,1898780.0,73,0.11731843575418988,0.13981762917933138,-0.0066225165562914245,0.0,28.97945038217219,,,,PRICE ONLY,,,,,創健社,"Sokensha Co.,Ltd.",スタンダード,,卸売業,商社・卸売,False,True,6.770538243626062,35.0,39.05407937221796,BASE,False
6557,2026-10-08,649.0,21781390.0,74,-0.1358189081225033,-0.0015384615384614886,-0.1784810126582278,1.760539629005059,25.77315385947192,,,,PRICE ONLY,,,,,ＡＩＡＩグループ,AIAI Group Corporation,グロース,,サービス業,情報通信・サービスその他,False,True,35.80736543909349,35.0,39.000646567498,BASE,False
5587,2026-10-08,855.0,14220615.0,74,0.0781841109709962,0.04907975460122693,-0.11673553719008267,0.5105920695274307,23.425525941617845,,,,PRICE ONLY,,,,,インバウンドプラットフォーム,Inbound Platform Corp.,グロース,,情報･通信業,情報通信・サービスその他,False,True,30.708215297450426,35.0,38.991807130953234,BASE,False
7919,2026-10-08,221.0,2197435.4328918457,74,-0.019238318262347898,0.14673674871135733,-0.03197548381154791,1.2792511700468019,17.174899026857346,,,,PRICE ONLY,,,,,野崎印刷紙業,"Nozaki Insatsu Shigyo Co.,Ltd.",スタンダード,,その他製品,情報通信・サービスその他,False,True,7.9886685552407934,35.0,38.98679594706151,BASE,False
7150,2026-10-08,497.0,7927913.371887207,74,-0.04231825641510556,0.06998985113486667,-0.07412315221981502,1.1372064276885043,17.27783517985629,,,,PRICE ONLY,,,,,島根銀行,"THE SHIMANE BANK,LTD.",スタンダード,,銀行業,銀行,False,True,23.48441926345609,35.0,38.97786975114316,BASE,False
6365,2026-10-08,5610.0,3474857.3217773438,74,-2.497918328858706e-05,0.04592975372318331,-0.013889494458381169,0.9448818897637795,10.49710499638177,,,,PRICE ONLY,,,,,電業社機械製作所,DMW CORPORATION,スタンダード,,機械,機械,False,True,12.804532577903682,35.0,38.96737792449103,BASE,False
6572,2026-10-08,258.0,35678805.0,74,-0.05494505494505497,0.21126760563380276,-0.13131313131313127,0.921466709097981,22.514324848380873,,,,PRICE ONLY,,,,,オープングループ,"OPEN Group,Inc.",プライム,,サービス業,情報通信・サービスその他,False,True,42.06798866855524,35.0,38.964725714285606,BASE,False
5194,2026-10-08,618.0,4659535.0,74,-0.03588143525741028,-0.05069124423963134,-0.08849557522123896,1.3749114103472715,9.774380611933584,,,,PRICE ONLY,,,,,相模ゴム工業,"SAGAMI RUBBER INDUSTRIES CO.,LTD.",スタンダード,,ゴム製品,自動車・輸送機,False,True,16.68555240793201,35.0,38.956383528004835,BASE,False
7435,2026-10-08,1309.0,29540465.0,74,-0.015789473684210575,0.03560126582278489,-0.07946554149085794,0.5278461194363677,33.72318051558351,,,,PRICE ONLY,,,,,ナ・デックス,"NADEX CO.,LTD.",スタンダード,,卸売業,商社・卸売,False,True,40.0,35.0,38.95451445718807,BASE,False
1444,2026-10-07,2867.0,4757730.0,73,0.07579737335834902,-0.004859423811176655,-0.028135593220338984,0.11730205278592376,13.189310113486878,,,,PRICE ONLY,,,,,ニッソウ,"Nissou Co.,Ltd.",グロース,,建設業,建設・資材,False,True,16.88385269121813,35.0,38.95398798801172,BASE,False
9033,2026-10-08,619.0,7475910.0,74,-0.020569620253164556,-0.001612903225806428,-0.029780564263322873,0.8257638315441783,9.233449249767514,,,,PRICE ONLY,,,,,広島電鉄,"Hiroshima Electric Railway Co.,Ltd.",スタンダード,,陸運業,運輸・物流,False,True,22.74787535410765,35.0,38.941078629116234,BASE,False
7505,2026-10-08,1926.0,48746471.025390625,74,-0.07715718083886802,-0.1204660732791083,-0.15989213166684002,1.0571184995737426,19.69644190306766,,,,PRICE ONLY,,,,,扶桑電通,"FUSO DENTSU CO.,LTD.",スタンダード,,卸売業,商社・卸売,False,True,45.86402266288952,35.0,38.93790166942175,BASE,False
9059,2026-10-08,915.0,2863122.002258301,74,0.0020381840170091703,0.024158170875980156,-0.010810810810810811,0.9836065573770492,7.2089411553515035,,,,PRICE ONLY,,,,,カンダホールディングス,"Kanda Holdings Co.,Ltd.",スタンダード,,陸運業,運輸・物流,False,True,10.48158640226629,35.0,38.931747382674935,BASE,False
5570,2026-10-08,600.0,6308698.558349609,74,-0.06636497774563,-0.0274635877594801,-0.09961020112039476,1.460348162475822,11.243156170054922,,,,PRICE ONLY,,,,,ジェノバ,"JENOBA CO.,LTD.",グロース,,情報･通信業,情報通信・サービスその他,False,True,20.708215297450426,35.0,38.92411908354209,BASE,False
9929,2026-10-08,466.0,879208.3853149414,74,-0.002114135062195821,0.01943843684959834,-0.0189473684210526,1.308411214953271,9.065302749941186,,,,PRICE ONLY,,,,,平和紙業,"HEIWA PAPER CO.,LTD.",スタンダード,,卸売業,商社・卸売,False,True,1.643059490084986,35.0,38.92260303617455,BASE,False
7793,2026-10-08,1585.0,2625505.0,74,0.0545575515635397,0.1758160237388724,-0.020395550061804713,0.7831325301204819,21.4525920589854,,,,PRICE ONLY,,,,,イメージ・マジック,IMAGE MAGIC Inc.,グロース,,その他製品,情報通信・サービスその他,False,True,9.60339943342776,35.0,38.9087764783729,BASE,False
7795,2026-10-08,201.0,10784651.339492798,74,-0.09019967316151278,-0.01584099652410731,-0.10609142398560945,1.4077132212264627,20.553042157047877,,,,PRICE ONLY,,,,,ＫＹＯＲＩＴＳＵ,"KYORITSU CO.,LTD.",スタンダード,,その他製品,情報通信・サービスその他,False,True,27.507082152974505,35.0,38.90516354608239,BASE,False
4479,2026-10-08,957.0,24311340.0,74,-0.009316770186335366,0.07770270270270263,-0.0654296875,0.39405337632097437,32.25609228673723,,,,PRICE ONLY,,,,,マクアケ,"Makuake,Inc.",グロース,,情報･通信業,情報通信・サービスその他,False,True,37.28045325779037,35.0,38.90305082999086,BASE,False
3542,2026-10-08,1504.0,20892060.0,74,-0.013123359580052507,0.23278688524590163,-0.048703352308665404,0.4731182795698925,30.165687009520703,,,,PRICE ONLY,,,,,ベガコーポレーション,"Vega corporation Co.,Ltd.",グロース,,小売業,小売,False,True,35.212464589235125,35.0,38.90254735364217,BASE,False
6647,2026-10-08,3360.0,5193575.0,74,-0.0029673590504450953,0.2253829321663019,-0.12727272727272732,1.338289962825279,34.55369684936254,,,,PRICE ONLY,,,,,森尾電機,"MORIO DENKI CO.,LTD.",スタンダード,,電気機器,電機・精密,False,True,18.13031161473088,35.0,38.86941755702152,BASE,False
2291,2026-10-08,507.0,1183660.0,74,-0.00588235294117645,-0.007827788649706457,-0.0523364485981308,1.4414414414414414,4.107726202714603,,,,PRICE ONLY,,,,,福留ハム,"FUKUTOME MEAT PACKERS,LTD.",スタンダード,,食料品,食品,False,True,2.974504249291785,35.0,38.861419017283616,BASE,False
7771,2026-10-08,237.0,35776905.0,74,-0.10566037735849054,-0.202020202020202,-0.30294117647058827,2.8020048147124985,27.098650134129493,,,,PRICE ONLY,,,,,日本精密,"Nihon Seimitsu Co.,Ltd.",スタンダード,,精密機器,電機・精密,False,True,42.181303116147305,35.0,38.86088802135853,BASE,False
3758,2026-10-08,244.0,3233750.0,74,-0.008130081300813052,0.047210300429184615,-0.031746031746031744,1.083781706379708,10.888013225780481,,,,PRICE ONLY,,,,,アエリア,Aeria Inc.,スタンダード,,情報･通信業,情報通信・サービスその他,False,True,11.89801699716714,35.0,38.853846908476626,BASE,False
2816,2026-10-08,1402.0,8442360.001220703,74,-0.0042212193980667445,0.0014285714285713347,-0.00632352255393176,0.5699916177703269,4.057570930842902,,,,PRICE ONLY,,,,,ダイショー,"DAISHO CO.,LTD.",スタンダード,,食料品,食品,False,True,24.22096317280453,35.0,38.85341855733135,BASE,False
2588,2026-10-08,3625.0,15107720.926513672,74,0.001426466174541563,-0.03401065789156954,-0.051415902953611536,0.5443786982248521,19.475771991979922,,,,PRICE ONLY,,,,,プレミアムウォーターホールディングス,"Premium Water Holdings,Inc.",スタンダード,,食料品,食品,False,True,31.359773371104815,35.0,38.83856037094998,BASE,False
9236,2026-10-08,1498.0,7456275.0,74,0.04317548746518107,0.4614634146341463,-0.03354838709677421,0.31865042174320524,55.69924060251918,,,,PRICE ONLY,,,,,ジャパンＭ＆Ａソリューション,Japan M&A Solution Incorporated,グロース,,サービス業,情報通信・サービスその他,False,True,22.71954674220963,35.0,38.82674633803154,BASE,False
5388,2026-10-08,1338.0,14046091.505126953,74,0.01386916995414933,0.06328729332951388,-0.051063829787234005,0.37937743190661477,21.68739582943598,,,,PRICE ONLY,,,,,クニミネ工業,"KUNIMINE INDUSTRIES CO.,LTD.",スタンダード,,ガラス･土石製品,建設・資材,False,True,30.509915014164307,35.0,38.81078007603288,BASE,False
6664,2026-10-08,252.0,17890585.0,74,-0.007874015748031482,0.02857142857142847,-0.08029197080291972,0.6666149910859623,70.59837068940335,,,,PRICE ONLY,,,,,オプトエレクトロニクス,"OPTOELECTRONICS CO.,LTD.",スタンダード,,電気機器,電機・精密,False,True,33.42776203966006,35.0,38.80972085271579,BASE,False
3538,2026-10-08,1000.0,11484020.0,74,-0.006951340615690138,0.06496272630457933,-0.038461538461538436,0.6120689655172413,16.688576393554136,,,,PRICE ONLY,,,,,ウイルプラスホールディングス,WILLPLUS Holdings Corporation,スタンダード,,小売業,小売,False,True,28.21529745042493,35.0,38.7947113914715,BASE,False
3840,2026-10-08,61.0,9341650.0,74,-0.016129032258064502,-0.06153846153846154,-0.06153846153846154,0.8529771547591497,27.398241157240953,,,,PRICE ONLY,,,,,パス,PATH corporation,スタンダード,,情報･通信業,情報通信・サービスその他,False,True,25.495750708215297,35.0,38.7921929245228,BASE,False
5994,2026-10-08,971.0,3163721.381225586,74,-0.07027689142910576,-0.0021791805217489246,-0.07027689142910576,1.585014409221902,13.430370397418606,,,,PRICE ONLY,,,,,ファインシンター,"FINE SINTER CO.,LTD.",スタンダード,,金属製品,建設・資材,False,True,11.784702549575071,35.0,38.789734655712415,BASE,False
6249,2026-10-08,2640.0,20645576.57836914,74,-0.057004640834371734,0.07078265650238569,-0.06877168120132093,0.8091706001348618,18.48307680896965,,,,PRICE ONLY,,,,,ゲームカードホールディングス,"Gamecard Holdings,Inc.",スタンダード,,機械,機械,False,True,35.04249291784702,35.0,38.772968593009,BASE,False
7183,2026-10-08,255.0,9031775.0,74,0.003937007874015741,0.007905138339920903,-0.0077821011673151474,0.10610079575596817,4.17316806545566,,,,PRICE ONLY,,,,,あんしん保証,"Anshin Guarantor Service Co.,Ltd.",スタンダード,,その他金融業,金融（除く銀行）,False,True,24.957507082152976,35.0,38.76642339845911,BASE,False
1401,2026-10-08,1430.0,31363000.0,74,0.07116104868913853,0.08828006088280071,-0.17579250720461093,0.44052863436123346,67.49825829110904,,,,PRICE ONLY,,,,,エムビーエス,"mbs,inc.",グロース,,建設業,建設・資材,False,True,40.70821529745042,35.0,38.76105110182498,BASE,False
4119,2026-10-08,6170.0,8258700.0,74,0.030050083472454192,0.11978221415607981,-0.029874213836478036,0.264026402640264,17.648450134358537,,,,PRICE ONLY,,,,,日本ピグメントホールディングス,Nippon Pigment Holdings Company Limited,スタンダード,,化学,素材・化学,False,True,24.022662889518415,35.0,38.75676634727372,BASE,False
6444,2026-10-08,179.0,21822410.0,74,-0.05789473684210522,0.1548387096774193,-0.11822660098522164,1.0246116250654564,34.97316720505674,,,,PRICE ONLY,,,,,サンデン,SANDEN CORPORATION,スタンダード,,機械,機械,False,True,35.94900849858357,35.0,38.752742738308825,BASE,False
7378,2026-10-08,1527.0,17835775.0,74,-0.030476190476190435,-0.05624227441285534,-0.09107142857142858,0.8276450511945392,22.893211646555326,,,,PRICE ONLY,,,,,アシロ,ASIRO Inc.,グロース,,サービス業,情報通信・サービスその他,False,True,33.37110481586402,35.0,38.746659059571776,BASE,False
7345,2026-10-08,940.0,3374210.0,74,-0.005291005291005346,0.009667024704618665,-0.06000000000000005,1.1764705882352942,11.714514732524043,,,,PRICE ONLY,,,,,アイ・パートナーズフィナンシャル,Ai Partners Financial Inc.,グロース,,その他金融業,金融（除く銀行）,False,True,12.35127478753541,35.0,38.74151012624124,BASE,False
3121,2026-10-08,248.0,13549685.0,74,-0.06766917293233088,0.1428571428571428,-0.10469314079422387,1.183453565884394,44.76905678573475,,,,PRICE ONLY,,,,,マーチャント・バンカーズ,"MBK Co.,Ltd.",スタンダード,,サービス業,情報通信・サービスその他,False,True,30.056657223796034,35.0,38.73793268859155,BASE,False
7377,2026-10-08,1710.0,13779635.0,74,0.005291005291005346,-0.032258064516129004,-0.04308897593732508,0.2460456942003515,8.60155675365987,,,,PRICE ONLY,,,,,ＤＮホールディングス,"DN HOLDINGS CO.,LTD.",スタンダード,,サービス業,情報通信・サービスその他,False,True,30.254957507082153,35.0,38.72486282200212,BASE,False
4175,2026-10-08,2770.0,17176035.0,74,-0.0428472702142364,0.08627450980392148,-0.090311986863711,0.8950086058519794,24.324588545268934,,,,PRICE ONLY,,,,,ｃｏｌｙ,coly Inc.,グロース,,情報･通信業,情報通信・サービスその他,False,True,33.0028328611898,35.0,38.72262558321625,BASE,False
6229,2026-10-08,1471.0,16564740.0,74,-0.03223684210526312,-0.029042904290428995,-0.08690254500310368,0.8363309352517986,18.85169843591676,,,,PRICE ONLY,,,,,オーケーエム,OKUMURA ENGINEERING corp.,スタンダード,,機械,機械,False,True,32.54957507082153,35.0,38.71538252153783,BASE,False
7343,2026-10-08,1313.0,5308813.8916015625,74,0.04219202536430133,0.13232277901280143,-0.009803921568627416,0.44063647490820074,20.8407709519554,,,,PRICE ONLY,,,,,ブロードマインド,"Broad-Minded Co.,Ltd.",グロース,,保険業,金融（除く銀行）,False,True,18.413597733711047,35.0,38.70353296539501,BASE,False
4360,2026-10-08,1001.0,5679715.963439941,74,0.028208425757597855,0.2608405919661734,-0.027210884353741527,0.6275140788415124,21.562485650832972,,,,PRICE ONLY,,,,,マナック・ケミカル・パートナーズ,"MANAC Chemical Partners Co.,Ltd",スタンダード,,化学,素材・化学,False,True,19.376770538243626,35.0,38.70109739392747,BASE,False
4015,2026-10-08,533.0,11622160.0,74,0.03495145631067964,0.03898635477582846,-0.07785467128027679,0.5692684011563265,18.831624034918658,,,,PRICE ONLY,,,,,ペイクラウドホールディングス,Paycloud Holdings Inc.,グロース,,情報･通信業,情報通信・サービスその他,False,True,28.356940509915013,35.0,38.69409341421091,BASE,False
6819,2026-10-08,465.0,5170970.0,74,-0.03125,-0.014830508474576232,-0.03526970954356845,1.0113895216400912,5.566357716952033,,,,PRICE ONLY,,,,,伊豆シャボテンリゾート,"Izu Shaboten Resort Co.,Ltd",スタンダード,,サービス業,情報通信・サービスその他,False,True,18.045325779036826,35.0,38.69349164467057,BASE,False
8135,2026-10-08,424.0,7449740.0,74,-0.038548752834467126,0.0023640661938533203,-0.05777777777777782,1.0179640718562875,13.039889765622284,,,,PRICE ONLY,,,,,ゼット,ZETT CORPORATION,スタンダード,,卸売業,商社・卸売,False,True,22.691218130311615,35.0,38.68474527776379,BASE,False
7871,2026-10-08,1003.0,3951981.3513183594,74,0.021572492184884107,0.09516964875988987,-0.028141469783303563,0.8114558472553699,11.0747301872863,,,,PRICE ONLY,,,,,フクビ化学工業,"FUKUVI CHEMICAL INDUSTRY CO.,LTD.",スタンダード,,化学,素材・化学,False,True,14.44759206798867,35.0,38.68377840701505,BASE,False
8077,2026-10-08,209.0,2321930.0,74,-0.027906976744186074,-0.009478672985781977,-0.041284403669724745,1.3080568720379147,17.040995476391814,,,,PRICE ONLY,,,,,トルク,TORQ Inc.,スタンダード,,卸売業,商社・卸売,False,True,8.470254957507082,35.0,38.67540019744937,BASE,False
8835,2026-10-08,768.0,12541060.0,74,-0.043586550435865457,-0.02414231257941546,-0.048327137546468446,0.7937928976424948,11.301745718227235,,,,PRICE ONLY,,,,,太平洋興発,TAIHEIYO KOUHATSU INCORPORATED,スタンダード,,卸売業,商社・卸売,False,True,29.405099150141645,35.0,38.667468305297916,BASE,False
6029,2026-10-08,189.0,5497335.0,74,0.02717391304347827,-0.0052631578947368585,-0.08252427184466016,0.9089301503094607,15.758555163231552,,,,PRICE ONLY,,,,,アトラグループ,Artra Group Corporation,スタンダード,,サービス業,情報通信・サービスその他,False,True,18.980169971671387,35.0,38.66473032293658,BASE,False
7885,2026-10-08,1044.0,15026385.0,74,-0.08179419525065967,-0.08260105448154653,-0.1030927835051546,1.2001490868430862,18.153826117951347,,,,PRICE ONLY,,,,,タカノ,"TAKANO Co.,Ltd.",スタンダード,,その他製品,情報通信・サービスその他,False,True,31.274787535410763,35.0,38.66058735638163,BASE,False
7247,2026-10-08,360.0,15207059.018249512,74,-0.023987695265879294,0.00818850614439226,-0.03171345925908897,0.5485183033120279,15.655341666821213,,,,PRICE ONLY,,,,,ミクニ,MIKUNI CORPORATION,スタンダード,,輸送用機器,自動車・輸送機,False,True,31.473087818696882,35.0,38.65780736983093,BASE,False
4391,2026-10-08,1125.0,2990475.0,74,-0.0234375,0.022727272727272707,-0.07178217821782173,1.3565891472868217,11.849291803433747,,,,PRICE ONLY,,,,,ロジザード,"Logizard Co.,Ltd.",グロース,,情報･通信業,情報通信・サービスその他,False,True,10.93484419263456,35.0,38.653928075978904,BASE,False
7562,2026-10-08,3735.0,17833850.0,74,-0.02734375,-0.014511873350923521,-0.029870129870129825,0.3386243386243386,7.835369241263976,,,,PRICE ONLY,,,,,安楽亭,"ANRAKUTEI Co.,Ltd",スタンダード,,小売業,小売,False,True,33.342776203966004,35.0,38.65313316287113,BASE,False
3204,2026-10-08,500.0,2784580.0,74,-0.003984063745019917,-0.005964214711729587,-0.05482041587901698,1.1948529411764706,8.887241097800215,,,,PRICE ONLY,,,,,トーア紡コーポレーション,Toabo Corporation,スタンダード,,繊維製品,素材・化学,False,True,10.226628895184136,35.0,38.652275875744564,BASE,False
2162,2026-08-27,538.0,,1,,,0.0,,,,,,PRICE ONLY,,,,,ｎｍｓ　ホールディングス,nms Holdings Corporation,スタンダード,,サービス業,情報通信・サービスその他,False,False,0.0,35.0,38.65,BASE,False
3079,2026-08-27,930.0,,1,,,0.0,,,,,,PRICE ONLY,,,,,ディーブイエックス,DVx Inc.,スタンダード,,卸売業,商社・卸売,False,False,0.0,35.0,38.65,BASE,False
3480,2026-09-01,8940.0,,1,,,0.0,,,,,,PRICE ONLY,,,,,ジェイ・エス・ビー,"J.S.B.Co.,Ltd.",プライム,,不動産業,不動産,False,False,0.0,35.0,38.65,BASE,False
3670,2026-09-30,1654.0,,1,,,0.0,,,,,,PRICE ONLY,,,,,協立情報通信,"Kyoritsu Computer & Communication Co.,Ltd.",スタンダード,,情報･通信業,情報通信・サービスその他,False,False,0.0,35.0,38.65,BASE,False
4171,2026-08-12,1665.0,,1,,,0.0,,,,,,PRICE ONLY,,,,,グローバルインフォメーション,"Global Information,Inc.",スタンダード,,情報･通信業,情報通信・サービスその他,False,False,0.0,35.0,38.65,BASE,False
5103,2026-08-24,1.0,,1,,,0.0,,,,,,PRICE ONLY,,,,,昭和ホールディングス,"Showa Holdings Co.,Ltd.",スタンダード,,ゴム製品,自動車・輸送機,False,False,0.0,35.0,38.65,BASE,False
5660,2026-08-27,1900.0,,1,,,0.0,,,,,,PRICE ONLY,,,,,神鋼鋼線工業,"KOBELCO WIRE COMPANY,LTD.",スタンダード,,鉄鋼,鉄鋼・非鉄,False,False,0.0,35.0,38.65,BASE,False
7851,2026-09-30,170.0,,1,,,0.0,,,,,,PRICE ONLY,,,,,カワセコンピュータサプライ,"KAWASE COMPUTER SUPPLIES CO.,LTD.",スタンダード,,その他製品,情報通信・サービスその他,False,False,0.0,35.0,38.65,BASE,False
7985,2026-09-30,704.0,,1,,,0.0,,,,,,PRICE ONLY,,,,,ネポン,NEPON Inc.,スタンダード,,金属製品,建設・資材,False,False,0.0,35.0,38.65,BASE,False
8283,2026-08-07,6630.0,,1,,,0.0,,,,,,PRICE ONLY,,,,,ＰＡＬＴＡＣ,PALTAC CORPORATION,プライム,,卸売業,商社・卸売,False,False,0.0,35.0,38.65,BASE,False
9914,2026-09-18,736.0,,1,,,0.0,,,,,,PRICE ONLY,,,,,植松商会,"Uematsu Shokai Co.,Ltd.",スタンダード,,卸売業,商社・卸売,False,False,0.0,35.0,38.65,BASE,False
4524,2026-10-08,2229.0,3047455.0,74,-0.007126948775055708,0.027662517289073207,-0.015894039735099286,0.9885931558935361,5.252141096693466,,,,PRICE ONLY,,,,,森下仁丹,"MORISHITA JINTAN CO.,LTD.",スタンダード,,医薬品,医薬品,False,True,11.189801699716714,35.0,38.62719636793618,BASE,False
3691,2026-10-08,1773.0,30918435.0,74,-0.04932975871313672,0.1150943396226416,-0.10273279352226716,0.7445520581113801,32.48746562957824,,,,PRICE ONLY,,,,,デジタルプラス,"DIGITAL PLUS,Inc.",グロース,,情報･通信業,情報通信・サービスその他,False,True,40.594900849858355,35.0,38.61206256440917,BASE,False
7571,2026-10-08,82.0,24550235.0,74,-0.0786516853932584,-0.03529411764705881,-0.11827956989247312,1.0687812446129978,24.39270268540674,,,,PRICE ONLY,,,,,ヤマノホールディングス,YAMANO HOLDINGS CORPORATION,スタンダード,,小売業,小売,False,True,37.3371104815864,35.0,38.61143896827255,BASE,False
4937,2026-10-08,2327.0,12799445.0,74,-0.048261758691206524,0.6048275862068966,-0.06733466933867738,0.8968609865470852,19.005962271235425,,,,PRICE ONLY,,,,,Ｗａｑｏｏ,Waqoo Inc.,グロース,,化学,素材・化学,False,True,29.57507082152975,35.0,38.61054559455719,BASE,False
4240,2026-10-08,301.0,1563695.0,74,-0.050473186119873836,-0.04140127388535031,-0.14,3.0094043887147337,14.210398778680805,,,,PRICE ONLY,,,,,クラスターテクノロジー,"CLUSTER TECHNOLOGY CO.,LTD.",スタンダード,,化学,素材・化学,False,True,4.985835694050992,35.0,38.60951504327167,BASE,False
2411,2026-10-08,453.0,14570229.312133789,74,-0.015108077061722791,-0.004563185901240274,-0.02997858672376874,0.14990630855715179,10.976408328199732,,,,PRICE ONLY,,,,,ゲンダイエージェンシー,GENDAI AGENCY INC.,スタンダード,,情報･通信業,情報通信・サービスその他,False,True,31.01983002832861,35.0,38.6045278664556,BASE,False
6654,2026-10-08,1089.0,6383710.0,74,0.012081784386617,-0.028170045143185773,-0.028170045143185773,0.654911838790932,5.191410519513863,,,,PRICE ONLY,,,,,不二電機工業,"FUJI ELECTRIC INDUSTRY CO.,LTD.",スタンダード,,電気機器,電機・精密,False,True,20.878186968838527,35.0,38.59994626895201,BASE,False
5950,2026-10-08,143.0,1782570.0,74,-0.08917197452229297,-0.03378378378378377,-0.10624999999999996,2.2979109900090826,19.853145311089232,,,,PRICE ONLY,,,,,日本パワーファスニング,"JAPAN POWER FASTENING CO.,LTD.",スタンダード,,金属製品,建設・資材,False,True,5.94900849858357,35.0,38.572209001809526,BASE,False
3773,2026-10-08,1031.0,30284110.0,74,-0.011505273250239645,-0.08110516934046341,-0.13288477712363334,0.6994906621392191,27.271354475275427,,,,PRICE ONLY,,,,,アドバンスト・メディア,"Advanced Media,Inc.",グロース,,情報･通信業,情報通信・サービスその他,False,True,40.31161473087819,35.0,38.57189606867271,BASE,False
3969,2026-10-08,1389.0,6334974.119262695,74,0.001414286742720705,0.0028417713955137813,-0.025632251763183844,0.6964091403699674,3.963877138889464,,,,PRICE ONLY,,,,,エイトレッド,ATLED CORP.,スタンダード,,情報･通信業,情報通信・サービスその他,False,True,20.76487252124646,35.0,38.57066756511507,BASE,False
4031,2026-10-08,1007.0,13459005.0,74,-0.09115523465703967,-0.050000000000000044,-0.1197552447552448,1.3539967373572595,22.304448983541906,,,,PRICE ONLY,,,,,片倉コープアグリ,Katakura & Co-op Agri Corporation,スタンダード,,化学,素材・化学,False,True,30.0,35.0,38.568800939594915,BASE,False
7918,2026-10-08,105.0,4345440.0,74,-0.01869158878504673,-0.03669724770642202,-0.045454545454545414,1.0392181120870965,13.255846681999808,,,,PRICE ONLY,,,,,ヴィア・ホールディングス,"VIA Holdings,Inc.",スタンダード,,小売業,小売,False,True,15.892351274787536,35.0,38.547987611825725,BASE,False
3550,2026-10-08,216.0,2761345.0,74,0.0,-0.06896551724137934,-0.08860759493670889,1.3302034428794993,12.169127685366027,,,,PRICE ONLY,,,,,スタジオアタオ,"STUDIO ATAO Co.,Ltd.",グロース,,小売業,小売,False,True,10.0,35.0,38.547799926610764,BASE,False
3202,2026-10-08,127.0,3962105.0,74,-0.023076923076923106,0.0,-0.037878787878787845,1.066358534169693,16.048246989411755,,,,PRICE ONLY,,,,,ダイトウボウ,"Daitobo Co.,Ltd.",スタンダード,,繊維製品,素材・化学,False,True,14.504249291784701,35.0,38.54716116507598,BASE,False
5941,2026-10-08,2695.0,4768990.0,74,-0.009191176470588203,0.07756897241103555,-0.061956143404107156,1.037463976945245,8.820940573653804,,,,PRICE ONLY,,,,,中西製作所,"NAKANISHI MFG. CO.,LTD.",スタンダード,,金属製品,建設・資材,False,True,16.96883852691218,35.0,38.5410173168209,BASE,False
7347,2026-10-08,806.0,5485595.0,74,0.01383647798742138,0.03465982028241332,-0.004938271604938316,0.5836298932384342,8.003425297190972,,,,PRICE ONLY,,,,,マーキュリアホールディングス,"Mercuria Holdings Co.,Ltd.",プライム,,証券･商品先物取引業,金融（除く銀行）,False,True,18.86685552407932,35.0,38.53766057309937,BASE,False
1826,2026-10-08,1056.0,9876480.0,74,-0.031192660550458662,0.013435700575815668,-0.048648648648648596,0.804851157662624,11.426839197339257,,,,PRICE ONLY,,,,,佐田建設,"Sata Construction Co.,Ltd.",スタンダード,,建設業,建設・資材,False,True,26.23229461756374,35.0,38.521113388928676,BASE,False
2924,2026-10-08,1846.0,3480872.037963867,74,-0.02228128969323062,-0.0991857400684818,-0.10985894004074681,1.4565826330532212,14.699878487320628,,,,PRICE ONLY,,,,,イフジ産業,"Ifuji Sangyo Co.,Ltd.",スタンダード,,食料品,食品,False,True,12.889518413597735,35.0,38.513632895601226,BASE,False
7084,2026-10-08,2744.0,18569182.529296875,74,-0.06016875518072984,0.011210799852953146,-0.06955144783227496,0.8245877061469266,28.475315734885676,,,,PRICE ONLY,,,,,Ｓｍｉｌｅ　Ｈｏｌｄｉｎｇｓ,Smile Holdings Inc.,グロース,,サービス業,情報通信・サービスその他,False,True,33.88101983002833,35.0,38.50962834623979,BASE,False
9343,2026-10-08,769.0,23508240.0,74,-0.02904040404040409,-0.0012987012987012436,-0.08452380952380956,0.6455560654734588,16.115213132215512,,,,PRICE ONLY,,,,,アイビス,ibis inc.,グロース,,サービス業,情報通信・サービスその他,False,True,36.91218130311615,35.0,38.50297236810862,BASE,False
9903,2026-10-08,870.0,1460665.0,74,-0.027932960893854775,-0.04290429042904287,-0.16346153846153844,4.397163120567376,21.287202612799565,,,,PRICE ONLY,,,,,カンセキ,"KANSEKI CO.,LTD",スタンダード,,小売業,小売,False,True,4.390934844192635,35.0,38.50084259533494,BASE,False
6054,2026-10-08,112.0,1493825.0,74,-0.008849557522123908,0.03703703703703698,-0.09677419354838712,1.5644061715105848,15.956279947525346,,,,PRICE ONLY,,,,,リブセンス,Livesense Inc.,スタンダード,,サービス業,情報通信・サービスその他,False,True,4.674220963172805,35.0,38.47516778781449,BASE,False
6189,2026-10-08,977.0,16397894.729614258,74,-0.015179622165664153,-0.007332466089073009,-0.042614597058434844,0.4293921983671001,10.000731629832309,,,,PRICE ONLY,,,,,グローバルキッズＣＯＭＰＡＮＹ,Global Kids Company Corp.,スタンダード,,サービス業,情報通信・サービスその他,False,True,32.436260623229465,35.0,38.474690674566844,BASE,False
2340,2026-10-08,507.0,26797760.0,74,-0.025000000000000022,0.028397565922920975,-0.0714285714285714,0.4817419789960497,20.698668019824535,,,,PRICE ONLY,,,,,極楽湯ホールディングス,"GOKURAKUYU HOLDINGS CO.,LTD.",スタンダード,,サービス業,情報通信・サービスその他,False,True,38.78186968838527,35.0,38.47065965196277,BASE,False
9271,2026-10-08,944.0,10535410.0,74,-0.0063157894736841635,-0.03179487179487184,-0.15638963360142988,1.1668928086838535,32.64439136291502,,,,PRICE ONLY,,,,,和心,"Wagokoro co.,ltd.",グロース,,小売業,小売,False,True,27.138810198300284,35.0,38.467366794979625,BASE,False
1711,2026-10-08,231.0,6029890.0,74,-0.04938271604938271,-0.025316455696202556,-0.06854838709677424,1.1589601111331613,16.318955262075775,,,,PRICE ONLY,,,,,ＳＤＳホールディングス,"SDS HOLDINGS Co.,Ltd.",スタンダード,,建設業,建設・資材,False,True,20.311614730878187,35.0,38.427303222820335,BASE,False
4284,2026-10-08,451.0,8528710.0,74,0.0022222222222221255,0.0022222222222221255,-0.02591792656587477,0.5615763546798029,15.79335273116866,,,,PRICE ONLY,,,,,ソルクシーズ,"SOLXYZ Co.,Ltd.",スタンダード,,情報･通信業,情報通信・サービスその他,False,True,24.41926345609065,35.0,38.4210767280735,BASE,False
3137,2026-10-08,216.0,5558280.0,74,0.0536585365853659,0.009345794392523255,-0.0357142857142857,0.26279662678956656,26.50535351920699,,,,PRICE ONLY,,,,,ファンデリー,"Fundely Co.,Ltd.",スタンダード,,小売業,小売,False,True,19.20679886685552,35.0,38.41322388486937,BASE,False
2180,2026-09-15,1886167168.0,0.0,41,0.0015302620795552002,,-0.0015255253098362953,,1.4812144337516326,,,,PRICE ONLY,,,,,サニーサイドアップグループ,SUNNY SIDE UP GROUP Inc.,スタンダード,,サービス業,情報通信・サービスその他,False,False,0.0708215297450425,35.0,38.409908004678364,BASE,False
3446,2026-10-08,1440.0,25168015.0,74,-0.13978494623655913,-0.2195121951219512,-0.25465838509316774,2.2562764916856866,31.912731125569994,,,,PRICE ONLY,,,,,ジェイテックコーポレーション,JTEC CORPORATION,スタンダード,,金属製品,建設・資材,False,True,37.903682719546744,35.0,38.40456944312794,BASE,False
3421,2026-10-08,1560.0,48479905.0,74,-0.09565217391304348,-0.10314764891641715,-0.12013536379018608,0.8794228787358296,17.772676611632267,,,,PRICE ONLY,,,,,稲葉製作所,"INABA SEISAKUSHO Co.,Ltd.",スタンダード,,金属製品,建設・資材,False,True,45.80736543909348,35.0,38.399913660143596,BASE,False
2778,2026-10-08,120.0,7994580.0,74,0.034482758620689724,0.06194690265486735,-0.06976744186046513,0.6263778031166857,38.23676157775418,,,,PRICE ONLY,,,,,パレモ・ホールディングス,"PALEMO HOLDINGS CO.,LTD.",スタンダード,,小売業,小売,False,True,23.626062322946176,35.0,38.375412444278055,BASE,False
1909,2026-09-14,16280000512.0,0.0,40,0.00012002619439588358,,-0.0012296761681044321,,0.9602700427559557,,,,PRICE ONLY,,,,,日本ドライケミカル,"Nippon Dry-Chemical CO.,LTD.",スタンダード,,機械,機械,False,False,0.0708215297450425,35.0,38.37117215715062,BASE,False
9173,2026-10-08,2854.0,3636725.0,74,0.013494318181818121,-0.027597955706984645,-0.048666666666666636,0.9375,5.7396031306511075,,,,PRICE ONLY,,,,,東海汽船,"Tokai Kisen Co.,Ltd.",スタンダード,,海運業,運輸・物流,False,True,13.39943342776204,35.0,38.37040616607189,BASE,False
8996,2026-10-08,1089.0,2491910.0,74,-0.009099181073703333,0.0655577299412915,-0.03285968028419184,1.1037527593818985,21.03814759960525,,,,PRICE ONLY,,,,,ハウスフリーダム,"HouseFreedom Co.,Ltd.",スタンダード,,不動産業,不動産,False,True,9.121813031161473,35.0,38.36232661320555,BASE,False
9160,2026-10-08,330.0,10931265.0,74,-0.0060240963855421326,0.12244897959183665,-0.026548672566371723,0.4249084249084249,12.691583906410301,,,,PRICE ONLY,,,,,オンザページ,"ON THE PAGE,Inc.",スタンダード,,サービス業,情報通信・サービスその他,False,True,27.67705382436261,35.0,38.35889560181828,BASE,False
4769,2026-10-08,1155.0,804085.9271240234,74,0.03259027945797133,0.021136617990030082,0.0,0.9655172413793104,16.776800465469186,,,,PRICE ONLY,,,,,ＩＣ,"IC CO.,LTD.",スタンダード,,情報･通信業,情報通信・サービスその他,False,True,1.161473087818697,35.0,38.345981046270545,BASE,False
3238,2026-10-08,379.0,6724195.0,74,-0.03316326530612246,0.007978723404255428,-0.054862842892768104,0.9613478691774033,10.99137688103555,,,,PRICE ONLY,,,,,セントラル総合開発,"CENTRAL GENERAL DEVELOPMENT CO.,LTD.",スタンダード,,不動産業,不動産,False,True,21.473087818696886,35.0,38.3430585346972,BASE,False
6086,2026-10-08,992.0,28339280.0,74,-0.03875968992248058,-0.07548928238583408,-0.07548928238583408,0.5520833333333334,18.62970715511517,,,,PRICE ONLY,,,,,シンメンテホールディングス,"Shin Maint Holdings Co.,Ltd.",グロース,,サービス業,情報通信・サービスその他,False,True,39.405099150141645,35.0,38.33879386308303,BASE,False
2311,2026-10-08,777.0,7022480.0,74,-0.005121638924455829,0.026420079260237816,-0.02631578947368418,0.6603245663122552,10.906558815245443,,,,PRICE ONLY,,,,,エプコ,"EPCO Co.,Ltd.",スタンダード,,サービス業,情報通信・サービスその他,False,True,22.039660056657222,35.0,38.33875738953707,BASE,False
2936,2026-10-08,273.0,6604110.0,74,-0.0036496350364964014,-0.035335689045936425,-0.06506849315068497,0.8620325375026411,15.741029248136398,,,,PRICE ONLY,,,,,ベースフード,"BASE FOOD,Inc.",グロース,,食料品,食品,False,True,21.274787535410763,35.0,38.3215085284512,BASE,False
9557,2026-10-08,257.0,5276710.0,74,0.04048582995951411,0.3891891891891892,-0.01908396946564883,0.11174159755565255,24.896471615651937,,,,PRICE ONLY,,,,,エアークローゼット,"airCloset,Inc.",グロース,,サービス業,情報通信・サービスその他,False,True,18.30028328611898,35.0,38.32077039105927,BASE,False
2981,2026-10-08,2261.0,9250917.745361328,74,0.013547594313748856,0.11752655617890051,-0.03477770474006636,0.42704626334519574,20.3092524236077,,,,PRICE ONLY,,,,,ランディックス,Landix Inc.,グロース,,不動産業,不動産,False,True,25.43909348441926,35.0,38.3148893835888,BASE,False
9640,2026-10-08,1920.0,6954603.830566406,74,-0.004499759014945481,-0.09649768084849475,-0.12035924212144522,1.1170212765957446,10.711388593008845,,,,PRICE ONLY,,,,,セゾンテクノロジー,"Saison Technology Co.,Ltd.",スタンダード,,情報･通信業,情報通信・サービスその他,False,True,21.813031161473088,35.0,38.30298573156877,BASE,False
9322,2026-10-08,2310.0,22305778.58154297,74,-0.016533609844559094,-0.013262270841243984,-0.06937081202554485,0.49413735343383586,10.12777691209323,,,,PRICE ONLY,,,,,川西倉庫,"KAWANISHI WAREHOUSE CO.,LTD.",スタンダード,,倉庫･運輸関連業,運輸・物流,False,True,36.14730878186968,35.0,38.300900885158846,BASE,False
9060,2026-10-08,4180.0,954382.4291992188,74,0.01692543464669649,-0.020825910486616528,-0.05375768833484307,1.2765957446808511,6.324841156666857,,,,PRICE ONLY,,,,,日本ロジテム,JAPAN LOGISTIC SYSTEMS CORP.,スタンダード,,陸運業,運輸・物流,False,True,1.8413597733711047,35.0,38.27160980764613,BASE,False
2666,2026-10-08,188.0,9645575.0,74,0.005347593582887722,0.07428571428571429,-0.030927835051546393,0.4914144768048572,11.694045316839654,,,,PRICE ONLY,,,,,オートウェーブ,"AUTOWAVE Co.,Ltd.",スタンダード,,小売業,小売,False,True,25.977337110481585,35.0,38.266515991477206,BASE,False
6497,2026-10-08,1445.0,11986065.0,74,-0.026936026936026924,0.08239700374531833,-0.03409090909090906,0.5964698721850273,24.37712911931226,,,,PRICE ONLY,,,,,ハマイ,HAMAI INDUSTRIES LTD,スタンダード,,機械,機械,False,True,28.78186968838527,35.0,38.26088809279224,BASE,False
3772,2026-10-08,1051.0,24629840.0,74,-0.04714415231187674,-0.0009505703422053591,-0.05485611510791366,0.5367663102771111,18.229337515346533,,,,PRICE ONLY,,,,,ウェルス・マネジメント,"Wealth Management,Inc.",スタンダード,,不動産業,不動産,False,True,37.42209631728045,35.0,38.223190464079586,BASE,False
7082,2026-09-30,1688400000.0,0.0,68,0.0006712296832209752,0.002810930592578531,-0.006395676376334758,,0.7554496281441289,,,,PRICE ONLY,,,,,ジモティー,"Jimoty,Inc.",グロース,,サービス業,情報通信・サービスその他,False,True,0.0708215297450425,35.0,38.22217555571428,BASE,False
7299,2026-10-08,1758.0,7373497.049560547,74,-0.03744455954518222,0.023959810451125607,-0.06226837569127541,0.9641532756489494,18.81476458979776,,,,PRICE ONLY,,,,,フジオーゼックス,FUJI OOZX Inc.,スタンダード,,輸送用機器,自動車・輸送機,False,True,22.606232294617566,35.0,38.20092309268667,BASE,False
4998,2026-10-08,1144.0,18865490.0,74,-0.02968617472434265,-0.03459915611814346,-0.06916192026037427,0.6137631742095474,13.592486224887997,,,,PRICE ONLY,,,,,フマキラー,FUMAKILLA LIMITED,スタンダード,,化学,素材・化学,False,True,34.05099150141643,35.0,38.19590249124064,BASE,False
7506,2026-10-08,1364.0,1629475.678100586,74,-0.00760644335781957,-0.0047362346444689285,-0.01611876711947613,1.1016949152542372,3.849020330365739,,,,PRICE ONLY,,,,,ハウス　オブ　ローゼ,"HOUSE OF ROSE Co.,Ltd.",スタンダード,,小売業,小売,False,True,5.354107648725213,35.0,38.19032583255079,BASE,False
7722,2026-10-08,742.0,19860231.031188965,74,-0.027326082201154067,-0.034722791817049625,-0.06551690050790004,0.5637483666231099,16.212418045892587,,,,PRICE ONLY,,,,,国際計測器,"KOKUSAI CO.,LTD.",スタンダード,,精密機器,電機・精密,False,True,34.6742209631728,35.0,38.18649693290897,BASE,False
8202,2026-10-08,147.0,8483845.0,74,-0.01342281879194629,0.0,-0.020000000000000018,0.5803108808290155,9.520954578988079,,,,PRICE ONLY,,,,,ラオックスホールディングス,"Laox Holdings CO.,LTD.",スタンダード,,小売業,小売,False,True,24.3342776203966,35.0,38.18490760912031,BASE,False
2788,2026-10-08,399.0,38803985.0,74,-0.04086538461538458,0.05277044854881274,-0.09111617312072895,0.45629786110377607,37.30624867179632,,,,PRICE ONLY,,,,,アップルインターナショナル,"APPLE INTERNATIONAL CO.,LTD.",スタンダード,,卸売業,商社・卸売,False,True,43.257790368271955,35.0,38.18204068898895,BASE,False
2198,2026-10-08,757.0,22647400.0,74,-0.02699228791773778,0.027137042062415295,-0.06311881188118806,0.43728813559322033,10.10235780465986,,,,PRICE ONLY,,,,,アイ・ケイ・ケイホールディングス,IKK Holdings Inc.,プライム,,サービス業,情報通信・サービスその他,False,True,36.31728045325779,35.0,38.1795019759048,BASE,False
9193,2026-10-08,852.0,3773610.0,74,-0.03401360544217691,-0.011600928074245953,-0.049107142857142905,1.141602634467618,11.478658576141425,,,,PRICE ONLY,,,,,東京汽船,"Tokyo Kisen Co.,Ltd.",スタンダード,,倉庫･運輸関連業,運輸・物流,False,True,13.852691218130312,35.0,38.17858338205935,BASE,False
7080,2026-10-08,889.0,10586065.0,74,-0.0176795580110497,0.11964735516372804,-0.0176795580110497,0.35555555555555557,15.872034900922824,,,,PRICE ONLY,,,,,スポーツフィールド,"Sportsfield Co.,Ltd.",グロース,,サービス業,情報通信・サービスその他,False,True,27.25212464589235,35.0,38.162540162011936,BASE,False
7434,2026-10-08,1704.0,6557030.0,74,-0.07692307692307687,-0.0708833151581243,-0.07891891891891889,1.2838801711840229,15.920566451274873,,,,PRICE ONLY,,,,,オータケ,OTAKE CORPORATION,スタンダード,,卸売業,商社・卸売,False,True,21.189801699716714,35.0,38.15445778846647,BASE,False
3286,2026-10-08,865.0,2905590.0,74,-0.025900900900900914,-0.030269058295964157,-0.15028002310022692,1.6848673946957877,6.456658568201192,,,,PRICE ONLY,,,,,トラストホールディングス,TRUST Holdings Inc.,スタンダード,,不動産業,不動産,False,True,10.65155807365439,35.0,38.15015308343834,BASE,False
1811,2026-10-08,7170.0,17125500.0,74,-0.06396866840731075,-0.13718411552346566,-0.15547703180212014,1.2356979405034325,15.113720540539074,,,,PRICE ONLY,,,,,錢高組,THE ZENITAKA CORPORATION,スタンダード,,建設業,建設・資材,False,True,32.97450424929178,35.0,38.14619590758549,BASE,False
4932,2026-10-08,768.0,18224720.0,74,-0.0025974025974025983,0.11304347826086958,-0.0735826296743064,0.4419642857142857,31.614861041726883,,,,PRICE ONLY,,,,,アルマード,"ALMADO,INC.",スタンダード,,化学,素材・化学,False,True,33.626062322946176,35.0,38.1375803396919,BASE,False
5753,2026-10-08,2519.0,5245170.471191406,74,-0.0024076824620511417,0.07537644028692769,-0.04614189338979291,0.8252427184466019,23.20930964281326,,,,PRICE ONLY,,,,,日本伸銅,"NIPPON SHINDO CO.,LTD.",スタンダード,,非鉄金属,鉄鋼・非鉄,False,True,18.21529745042493,35.0,38.12204077443326,BASE,False
7819,2026-10-08,954.0,29269678.07647705,74,-0.054085135712263144,0.08679585329892459,-0.05867247245893248,0.4111128954552754,19.139527341606144,,,,PRICE ONLY,,,,,粧美堂,SHOBIDO Corporation,スタンダード,,その他製品,情報通信・サービスその他,False,True,39.858356940509914,35.0,38.10332566590908,BASE,False
8127,2026-10-08,500.0,6059400.0,74,-0.08592321755027421,-0.15351875598669518,-0.1577370722870718,1.7265592730276744,12.047059123751923,,,,PRICE ONLY,,,,,ヤマトインターナショナル,YAMATO INTERNATIONAL INC.,スタンダード,,繊維製品,素材・化学,False,True,20.396600566572236,35.0,38.07684533958828,BASE,False
1828,2026-10-08,2315.0,34486445.0,74,-0.08642462509865823,-0.08025427095748905,-0.08642462509865823,0.7456445993031359,19.987396062985272,,,,PRICE ONLY,,,,,田辺工業,TANABE ENGINEERING CORPORATION,スタンダード,,建設業,建設・資材,False,True,41.55807365439094,35.0,38.07017221666728,BASE,False
8076,2026-10-08,2021.0,10822099.948120117,74,-0.021969259553710208,0.022925573843702862,-0.036071108889868864,0.5876777251184834,13.642309971530398,,,,PRICE ONLY,,,,,カノークス,CANOX CORPORATION,スタンダード,,卸売業,商社・卸売,False,True,27.53541076487252,35.0,38.05891466824026,BASE,False
3418,2026-10-08,1048.0,13577750.0,74,-0.0019047619047618536,-0.08704850580132317,-0.08704850580132317,0.6557377049180327,5.176205802126741,,,,PRICE ONLY,,,,,バルニバービ,"BALNIBARBI Co.,Ltd.",グロース,,小売業,小売,False,True,30.08498583569405,35.0,38.0537231151242,BASE,False
4270,2026-10-08,1908.0,5992745.0,74,0.01327668613913957,0.021413276231263323,-0.016494845360824795,0.527086383601757,10.787906138370436,,,,PRICE ONLY,,,,,ＢｅｅＸ,BeeX Inc.,グロース,,情報･通信業,情報通信・サービスその他,False,True,20.226628895184138,35.0,38.037877005973186,BASE,False
9564,2026-10-08,553.0,19187641.398010254,74,-0.020300827327051962,0.1152306711476847,-0.06261343773165406,0.4945127594869761,19.87766665575411,,,,PRICE ONLY,,,,,ＦＣＥ,FCE Inc.,スタンダード,,サービス業,情報通信・サービスその他,False,True,34.334277620396605,35.0,38.02874757515878,BASE,False
4193,2026-10-08,2006.0,18143460.018310547,74,-0.06480771912053018,-0.12186609610488985,-0.15793883698967837,1.2146722790138305,26.500235341388333,,,,PRICE ONLY,,,,,ファブリカホールディングス,"Fabrica Holdings Co.,Ltd.",スタンダード,,情報･通信業,情報通信・サービスその他,False,True,33.56940509915014,35.0,38.01622887933951,BASE,False
6757,2026-10-08,911.0,4718140.0,74,0.03995433789954328,0.047126436781609105,-0.018318965517241326,0.28846153846153844,13.722533538275512,,,,PRICE ONLY,,,,,ＯＳＧコーポレーション,"OSG CORPORATION CO.,LTD.",スタンダード,,電気機器,電機・精密,False,True,16.742209631728045,35.0,38.01579570359103,BASE,False
3134,2026-10-08,293.0,16302240.0,74,-0.05483870967741933,0.03900709219858145,-0.09287925696594423,0.8833481745325023,25.519349579735422,,,,PRICE ONLY,,,,,Ｈａｍｅｅ,Hamee Corp.,スタンダード,,小売業,小売,False,True,32.3229461756374,35.0,38.014340691677546,BASE,False
7694,2026-10-08,616.0,28484695.0,74,0.004893964110929794,0.39051918735891644,-0.1526822558459422,0.6453558504221955,95.31865384798678,,,,PRICE ONLY,,,,,いつも,itsumo.inc.,グロース,,小売業,小売,False,True,39.54674220963173,35.0,37.976864327836886,BASE,False
8904,2026-10-08,823.0,9361285.0,74,-0.00242424242424244,-0.01805452915811845,-0.036051268167913375,0.5321326238231683,5.8904090862004495,,,,PRICE ONLY,,,,,ＡＶＡＮＴＩＡ,"AVANTIA CO.,LTD.",スタンダード,,不動産業,不動産,False,True,25.58073654390935,35.0,37.9684388452194,BASE,False
2286,2026-10-08,888.0,13973255.0,74,-0.0241758241758242,0.021864211737629535,-0.06131078224101483,0.6215956424223006,9.610464299406134,,,,PRICE ONLY,,,,,林兼産業,"Hayashikane Sangyo Co.,Ltd.",スタンダード,,食料品,食品,False,True,30.424929178470254,35.0,37.96699477155291,BASE,False
7872,2026-10-08,614.0,2051560.0,74,-0.008077544426494332,0.009868421052631637,-0.011272141706924366,0.9821428571428571,5.691891941256297,,,,PRICE ONLY,,,,,エステールホールディングス,"ESTELLE HOLDINGS CO.,LTD.",スタンダード,,その他製品,情報通信・サービスその他,False,True,7.507082152974505,35.0,37.96527030192577,BASE,False
3160,2026-10-08,577.0,8129025.0,74,-0.005172413793103403,0.014059753954305698,-0.03350083752093802,0.5856515373352855,16.20651767219656,,,,PRICE ONLY,,,,,大光,"OOMITSU CO.,LTD.",スタンダード,,卸売業,商社・卸売,False,True,23.824362606232295,35.0,37.96262279209719,BASE,False
9878,2026-10-08,380.0,4064330.0,74,-0.07542579075425793,-0.07990314769975781,-0.10165484633569744,1.548582995951417,22.506876887766257,,,,PRICE ONLY,,,,,セキド,"SEKIDO CO.,LTD.",スタンダード,,小売業,小売,False,True,14.844192634560907,35.0,37.962439358627385,BASE,False
6561,2026-10-08,820.0,7571415.0,74,-0.026128266033254133,0.014851485148514865,-0.04872389791183296,0.7920792079207921,19.56527135264821,,,,PRICE ONLY,,,,,ＨＡＮＡＴＯＵＲ　ＪＡＰＡＮ,"HANATOUR JAPAN CO.,LTD.",グロース,,サービス業,情報通信・サービスその他,False,True,22.91784702549575,35.0,37.944268321296384,BASE,False
3169,2026-10-08,698.0,4524280.0,74,0.02196193265007329,0.06564885496183215,0.0,0.21100226073850792,11.118480896863936,,,,PRICE ONLY,,,,,ミサワ,"Misawa & Co.,Ltd.",スタンダード,,小売業,小売,False,True,16.48725212464589,35.0,37.94328811578883,BASE,False
7058,2026-10-08,3050.0,4927910.0,74,0.026936026936027035,-0.004109181609851853,-0.025559105431309903,0.569620253164557,20.833620764224122,,,,PRICE ONLY,,,,,共栄セキュリティーサービス,"Kyoei Security Service Co.,Ltd.",スタンダード,,サービス業,情報通信・サービスその他,False,True,17.393767705382437,35.0,37.92859570203404,BASE,False
6335,2026-10-08,562.0,8166630.0,74,-0.06176961602671116,-0.23641304347826086,-0.26535947712418295,2.976639035418237,18.799434280169017,,,,PRICE ONLY,,,,,東京機械製作所,"TOKYO KIKAI SEISAKUSHO,LTD.",スタンダード,,機械,機械,False,True,23.88101983002833,35.0,37.92706269569677,BASE,False
3173,2026-10-08,1468.0,9219754.470825195,74,0.00913620732769549,0.4103131645737663,-0.04200025985635891,0.42962962962962964,25.60886010775394,,,,PRICE ONLY,,,,,Ｃｏｍｉｎｉｘ,"Cominix Co.,Ltd.",スタンダード,,卸売業,商社・卸売,False,True,25.38243626062323,35.0,37.917577343742536,BASE,False
3996,2026-10-08,212.0,8124770.0,74,0.034146341463414664,0.13978494623655924,-0.14516129032258063,0.9210351692103517,23.339108406961916,,,,PRICE ONLY,,,,,サインポスト,Signpost Corporation,スタンダード,,情報･通信業,情報通信・サービスその他,False,True,23.79603399433428,35.0,37.91195484162621,BASE,False
9812,2026-10-08,231.0,1236680.0,74,-0.05327868852459017,0.0,-0.07228915662650603,1.6297786720321932,19.198770839054028,,,,PRICE ONLY,,,,,テーオーホールディングス,"T.O. Holdings CO.,LTD.",スタンダード,,小売業,小売,False,True,3.286118980169972,35.0,37.905843269805985,BASE,False
4645,2026-10-08,439.0,866375.0,74,0.011520737327188835,0.03537735849056611,-0.013483146067415741,1.0610079575596818,10.927433115980907,,,,PRICE ONLY,,,,,市進ホールディングス,"ICHISHIN HOLDINGS CO.,LTD.",スタンダード,,サービス業,情報通信・サービスその他,False,True,1.529745042492918,35.0,37.89565366292335,BASE,False
3157,2026-10-08,1376.0,3778168.7658691406,74,-0.028557024118901486,-0.037212733925903185,-0.05753424657534245,1.1090573012939002,16.138937492976318,,,,PRICE ONLY,,,,,ジオリーブグループ,GEOLIVE Group Corporation,スタンダード,,卸売業,商社・卸売,False,True,13.881019830028329,35.0,37.88048213399927,BASE,False
4242,2026-10-08,1686.0,3449167.4029541016,74,-0.04920344001127874,-0.02543352601156068,-0.10618187908405163,1.4893617021276595,12.53022794199479,,,,PRICE ONLY,,,,,タカギセイコー,TAKAGI SEIKO CORPORATION,スタンダード,,化学,素材・化学,False,True,12.63456090651558,35.0,37.87762784867866,BASE,False
3744,2026-10-08,460.0,4739385.0,74,0.015452538631346657,-0.08366533864541836,-0.14972273567467653,1.2406947890818858,14.496799243238351,,,,PRICE ONLY,,,,,サイオス,SIOS Corporation,スタンダード,,情報･通信業,情報通信・サービスその他,False,True,16.827195467422097,35.0,37.860073911963795,BASE,False
9360,2026-10-08,2792.0,2012520.0,74,0.007578491519307118,-0.0519524617996604,-0.06777963272120202,1.1688311688311688,9.140937269010076,,,,PRICE ONLY,,,,,鈴与シンワート,SUZUYO SHINWART CORPORATION,スタンダード,,情報･通信業,情報通信・サービスその他,False,True,7.2521246458923505,35.0,37.85915246241868,BASE,False
7514,2026-10-08,852.0,3281575.0,74,-0.0035087719298245723,-0.0025832204920487323,-0.020656401374081312,0.8527131782945736,2.901098895461378,,,,PRICE ONLY,,,,,ヒマラヤ,"HIMARAYA Co.,Ltd.",スタンダード,,小売業,小売,False,True,12.011331444759207,35.0,37.85491082390213,BASE,False
6874,2026-10-08,2325.0,6707195.0,74,-0.008528784648187626,-0.07554671968190851,-0.105080831408776,1.008130081300813,8.101512434801418,,,,PRICE ONLY,,,,,協立電機,KYORITSU ELECTRIC CORPORATION,スタンダード,,電気機器,電機・精密,False,True,21.388101983002834,35.0,37.8504689203591,BASE,False
3181,2026-10-08,1055.0,3388205.0,74,-0.010318949343339545,0.06997971602434072,-0.0580357142857143,1.054263565891473,14.10736693540295,,,,PRICE ONLY,,,,,買取王国,"KAITORI OKOKU CO.,LTD.",スタンダード,,小売業,小売,False,True,12.436260623229462,35.0,37.83524644357931,BASE,False
7185,2026-10-08,3630.0,48777625.0,74,-0.07750952986022874,-0.06563706563706562,-0.07984790874524716,0.2843966179861645,21.884363591608604,,,,PRICE ONLY,,,,,ヒロセ通商,Hirose Tusyo Inc.,スタンダード,,証券･商品先物取引業,金融（除く銀行）,False,True,45.92067988668555,35.0,37.82446649076588,BASE,False
4994,2026-10-08,2500.0,36074453.76586914,74,-0.09949055260940642,0.03282924407590726,-0.13607662190435543,0.9951726698848867,16.586437663590722,,,,PRICE ONLY,,,,,大成ラミックグループ,"Taisei Lamick Group Head Quarter & Innovation Co.,Ltd.",スタンダード,,化学,素材・化学,False,True,42.29461756373938,35.0,37.81933691538545,BASE,False
7097,2026-10-08,2787.0,16361835.0,74,0.011615245009074515,-0.06662823797498785,-0.09087164588475061,0.21487603305785125,10.693291279683384,,,,PRICE ONLY,,,,,さくらさくプラス,"SAKURASAKU PLUS,Co.,Ltd.",グロース,,サービス業,情報通信・サービスその他,False,True,32.37960339943343,35.0,37.81368630322913,BASE,False
9242,2026-10-08,2003.0,3800795.0,74,0.03247422680412382,0.018237338398195302,0.0,0.45918367346938777,13.532826124394177,,,,PRICE ONLY,,,,,メディア総研,"Media Research Institute,Inc.",グロース,,サービス業,情報通信・サービスその他,False,True,13.966005665722381,35.0,37.7994603378573,BASE,False
5015,2026-10-08,997.0,6143900.0,74,-0.0030000000000000027,0.003018108651911433,-0.01189296333002976,0.5422647527910686,4.151956937560658,,,,PRICE ONLY,,,,,ビーピー・カストロール,BP Castrol K.K.,スタンダード,,石油･石炭製品,エネルギー資源,False,True,20.56657223796034,35.0,37.798558157973225,BASE,False
8747,2026-10-08,2100.0,18497105.0,74,-0.0574506283662477,-0.09521757862990088,-0.15662650602409633,1.1306990881458967,30.88084095462526,,,,PRICE ONLY,,,,,豊トラスティ証券,"YUTAKA TRUSTY SECURITIES CO.,LTD.",スタンダード,,証券･商品先物取引業,金融（除く銀行）,False,True,33.79603399433428,35.0,37.79662725388026,BASE,False
7814,2026-10-08,632.0,8893300.578918457,74,0.012730865338337116,0.04604430795340897,-0.0464843449283594,0.305661688086141,17.74846908491067,,,,PRICE ONLY,,,,,日本創発グループ,"JAPAN Creative Platform Group Co.,Ltd.",スタンダード,,その他製品,情報通信・サービスその他,False,True,24.70254957507082,35.0,37.75911265929976,BASE,False
8898,2026-10-08,1120.0,4457423.352050781,74,0.007536449599787387,0.02101819385284065,-0.02608695652173909,0.6792452830188679,10.887694904786159,,,,PRICE ONLY,,,,,センチュリー２１・ジャパン,CENTURY21 REAL ESTATE OF JAPAN LTD.,スタンダード,,不動産業,不動産,False,True,16.288951841359772,35.0,37.756182535338695,BASE,False
3175,2026-10-08,938.0,17209635.0,74,-0.03597122302158273,-0.010548523206751037,-0.0467479674796748,0.2952952952952953,18.210858934698308,,,,PRICE ONLY,,,,,エー・ピーホールディングス,"AP HOLDINGS CO.,LTD.",スタンダード,,小売業,小売,False,True,33.05949008498584,35.0,37.75214714173919,BASE,False
2872,2026-10-08,1900.0,3004725.0,74,-0.015544041450777257,-0.05142286570144783,-0.07632474477394269,1.1976047904191616,2.9595558758811724,,,,PRICE ONLY,,,,,セイヒョー,"SEIHYO CO.,LTD.",スタンダード,,食料品,食品,False,True,11.076487252124647,35.0,37.745360426896696,BASE,False
4376,2026-10-08,175.0,9023225.0,74,0.04166666666666674,0.1217948717948718,-0.07894736842105265,0.2781241008919152,64.02959309582236,,,,PRICE ONLY,,,,,くふうカンパニーホールディングス,Kufu Company Holdings Inc.,グロース,,情報･通信業,情報通信・サービスその他,False,True,24.929178470254957,35.0,37.741474791795355,BASE,False
5922,2026-10-08,19990.0,7328050.0,74,-0.010396039603960405,0.12619718309859151,-0.022493887530562362,0.5633802816901409,11.28957189490384,,,,PRICE ONLY,,,,,那須電機鉄工,"NASU DENKI-TEKKO CO.,LTD.",スタンダード,,金属製品,建設・資材,False,True,22.54957507082153,35.0,37.73782037998142,BASE,False
2769,2026-10-08,938.0,3574360.0,74,0.012958963282937441,0.06590909090909092,-0.0010649627263046302,0.6201550387596899,5.298344318916158,,,,PRICE ONLY,,,,,ヴィレッジヴァンガードコーポレーション,"Village Vanguard CO.,LTD.",スタンダード,,小売業,小売,False,True,13.144475920679888,35.0,37.732481942677346,BASE,False
2156,2026-10-08,267.0,30874635.0,74,-0.04982206405693945,0.007547169811320753,-0.07931034482758625,0.2928988510077227,23.09070670222281,,,,PRICE ONLY,,,,,セーラー広告,SAYLOR ADVERTISING INC.,スタンダード,,サービス業,情報通信・サービスその他,False,True,40.566572237960344,35.0,37.72040033017188,BASE,False
9890,2026-10-08,1400.0,12517106.893310547,74,-0.013850529842096448,0.04501325720248461,-0.048266485384092506,0.3594608087868198,17.318025656199005,,,,PRICE ONLY,,,,,マキヤ,"MAKIYA CO.,LTD.",スタンダード,,小売業,小売,False,True,29.348441926345608,35.0,37.71900944427138,BASE,False
3361,2026-10-08,910.0,4265885.0,74,0.021324354657688005,0.01903695408734607,0.0,0.4883227176220807,15.420780444399929,,,,PRICE ONLY,,,,,トーエル,"Toell Co.,Ltd.",スタンダード,,小売業,小売,False,True,15.439093484419264,35.0,37.71179657086173,BASE,False
4885,2026-10-08,900.0,7590865.0,74,0.0,-0.04153354632587858,-0.07216494845360821,0.7350326022525193,15.327707810087185,,,,PRICE ONLY,,,,,室町ケミカル,MUROMACHI CHEMICALS INC.,スタンダード,,医薬品,医薬品,False,True,22.974504249291787,35.0,37.70928118299003,BASE,False
6322,2026-10-08,1595.0,1809549.6496582031,74,0.018311580630426594,0.001958253324226389,-0.03956760313598273,0.9836065573770492,7.154099084906165,,,,PRICE ONLY,,,,,タクミナ,TACMINA CORPORATION,スタンダード,,機械,機械,False,True,6.232294617563739,35.0,37.705238301912075,BASE,False
7371,2026-10-08,792.0,9927150.0,74,-0.03883495145631066,0.09847434119278775,-0.03883495145631066,0.6691962745774405,16.188127299518754,,,,PRICE ONLY,,,,,Ｚｅｎｋｅｎ,Zenken Corporation,グロース,,サービス業,情報通信・サービスその他,False,True,26.373937677053828,35.0,37.70199986985677,BASE,False
4766,2026-10-08,222.0,2976195.0,74,0.04716981132075482,0.16842105263157903,0.0,0.278372591006424,23.123377622669246,,,,PRICE ONLY,,,,,ピーエイ,"PA Co.,Ltd.",スタンダード,,サービス業,情報通信・サービスその他,False,True,10.84985835694051,35.0,37.68007948809969,BASE,False
1850,2026-10-08,416.0,8461625.0,74,-0.06726457399103136,-0.06516853932584266,-0.07760532150776056,1.0634730538922155,22.225180623159606,,,,PRICE ONLY,,,,,南海辰村建設,"Nankai Tatsumura Construction Co.,Ltd.",スタンダード,,建設業,建設・資材,False,True,24.277620396600565,35.0,37.67648133371635,BASE,False
3513,2026-10-08,3595.0,11225035.686035156,74,0.012577728890212914,0.009772806741620288,-0.0688940688940689,0.4148148148148148,40.07457285867857,,,,PRICE ONLY,,,,,イチカワ,"ICHIKAWA CO.,LTD.",スタンダード,,繊維製品,素材・化学,False,True,27.932011331444762,35.0,37.671438589181875,BASE,False
7291,2026-10-08,450.0,10895528.294677734,74,-0.0036163639200414988,-0.01213242286622418,-0.050673495444705785,0.20486041373769834,14.806290488831502,,,,PRICE ONLY,,,,,日本プラスト,"NIHON PLAST CO.,LTD.",スタンダード,,輸送用機器,自動車・輸送機,False,True,27.648725212464587,35.0,37.65172396328142,BASE,False
4896,2026-10-08,744.0,13799855.0,74,-0.09157509157509158,0.06437768240343344,-0.0948905109489051,1.0885504794134235,28.50645527399266,,,,PRICE ONLY,,,,,ケイファーマ,"K Pharma,Inc.",グロース,,医薬品,医薬品,False,True,30.28328611898017,35.0,37.64952519813821,BASE,False
9561,2026-10-08,414.0,3691310.0,74,-0.025882352941176467,0.0,-0.05909090909090908,1.0745098039215686,26.654619848154237,,,,PRICE ONLY,,,,,グラッドキューブ,GLAD CUBE Inc.,グロース,,サービス業,情報通信・サービスその他,False,True,13.569405099150142,35.0,37.62895401872656,BASE,False
7075,2026-10-08,1000.0,22002475.0,74,-0.0234375,0.22549019607843146,-0.08256880733944949,0.3051747014595312,66.43971380325915,,,,PRICE ONLY,,,,,ＱＬＳホールディングス,"QLS Holdings Co.,Ltd",グロース,,サービス業,情報通信・サービスその他,False,True,36.005665722379604,35.0,37.60693262022953,BASE,False
7057,2026-10-07,940.0,5329215.0,73,0.018418201516793076,0.0318331503841931,-0.019812304483837306,0.23952095808383234,19.248522466659,,,,PRICE ONLY,,,,,エヌ・シー・エヌ,"New Constructor's Network Co.,Ltd.",スタンダード,,サービス業,情報通信・サービスその他,False,True,18.526912181303114,35.0,37.58582087825454,BASE,False
3359,2026-10-08,489.0,25260271.060943604,74,-0.05328493434314374,-0.03497320205132948,-0.06394206840470795,0.278923590650167,14.043264062039823,,,,PRICE ONLY,,,,,ｃｏｔｔａ,"cotta CO.,LTD",グロース,,卸売業,商社・卸売,False,True,37.98866855524079,35.0,37.58556159613022,BASE,False
8030,2026-10-08,3900.0,6844250.0,74,-0.002557544757033292,0.06412005457025916,-0.017632241813602012,0.4580152671755725,8.515541268411976,,,,PRICE ONLY,,,,,中央魚類,"Chuo Gyorui Co.,Ltd.",スタンダード,,卸売業,商社・卸売,False,True,21.69971671388102,35.0,37.572065377878715,BASE,False
2183,2026-10-08,202.0,7143680.0,74,-0.014634146341463428,-0.01941747572815533,-0.07339449541284404,0.8182912154031288,10.777793761387644,,,,PRICE ONLY,,,,,リニカル,"Linical Co.,Ltd.",スタンダード,,サービス業,情報通信・サービスその他,False,True,22.209631728045327,35.0,37.569661663290894,BASE,False
3067,2026-10-08,453.0,11859345.0,74,-0.027896995708154515,0.0044345898004434225,-0.034115138592750505,0.0889920680982782,11.74407471826092,,,,PRICE ONLY,,,,,東京一番フーズ,"TOKYO ICHIBAN FOODS CO.,LTD.",スタンダード,,小売業,小売,False,True,28.69688385269122,35.0,37.56702348485141,BASE,False
3607,2026-10-08,352.0,16160710.0,74,0.005714285714285783,-0.005918208257257529,-0.09148475689891045,0.40793328825783187,21.560911059884706,,,,PRICE ONLY,,,,,クラウディアホールディングス,"KURAUDIA HOLDINGS CO.,LTD.",スタンダード,,繊維製品,素材・化学,False,True,32.23796033994334,35.0,37.56311297897817,BASE,False
9339,2026-10-08,1473.0,2750715.0,74,0.02863128491620115,0.09761549925484347,-0.017344896597731863,0.6878306878306878,13.228141014151051,,,,PRICE ONLY,,,,,コーチ・エィ,"COACH A Co.,Ltd.",スタンダード,,サービス業,情報通信・サービスその他,False,True,9.971671388101983,35.0,37.557330920858924,BASE,False
3936,2026-10-08,125.0,29202145.0,74,-0.1071428571428571,-0.18831168831168832,-0.32432432432432434,1.984966658026815,24.337884793523322,,,,PRICE ONLY,,,,,グローバルウェイ,"Globalway,Inc.",グロース,,情報･通信業,情報通信・サービスその他,False,True,39.80169971671388,35.0,37.53896487808304,BASE,False
5589,2026-10-08,2969.0,6427980.0,74,-0.007023411371237409,0.09274935590725075,-0.009673115410273492,0.34782608695652173,19.33292022405452,,,,PRICE ONLY,,,,,オートサーバー,"AUTOSERVER CO.,LTD.",スタンダード,,情報･通信業,情報通信・サービスその他,False,True,20.96317280453258,35.0,37.53031277734449,BASE,False
4076,2026-10-08,1981.0,8225380.0,74,-0.013937282229965153,0.12301587301587302,-0.021245059288537593,0.3855421686746988,12.126705978166264,,,,PRICE ONLY,,,,,シイエヌエス,"CNS Co.,Ltd.",グロース,,情報･通信業,情報通信・サービスその他,False,True,23.994334277620396,35.0,37.523409895047806,BASE,False
8152,2026-10-08,7350.0,12969750.0,74,0.009615384615384581,-0.045454545454545414,-0.08125000000000004,0.4289544235924933,17.072068359592624,,,,PRICE ONLY,,,,,ソマール,SOMAR CORPORATION,スタンダード,,卸売業,商社・卸売,False,True,29.688385269121813,35.0,37.51957952635183,BASE,False
7602,2026-10-08,166.0,44262690.0,74,-0.011904761904761862,0.0573248407643312,-0.15306122448979587,0.08271022181377669,48.92428290218812,,,,PRICE ONLY,,,,,レダックス,"Ledax Co.,Ltd.",スタンダード,,卸売業,商社・卸売,False,True,44.92917847025496,35.0,37.49603977568365,BASE,False
1966,2026-10-08,1720.0,3221260.0,74,-0.009216589861751112,-0.005205320994794649,-0.053384700055035816,0.9921671018276762,6.786344907486981,,,,PRICE ONLY,,,,,高田工業所,TAKADA CORPORATION,スタンダード,,建設業,建設・資材,False,True,11.841359773371105,35.0,37.4912429912386,BASE,False
6158,2026-10-08,1018.0,5469806.540527344,74,0.005307259539288456,0.07406399005511566,-0.010689990281827044,0.18165304268846502,17.168801603220228,,,,PRICE ONLY,,,,,和井田製作所,"WAIDA MFG.CO.,LTD.",スタンダード,,機械,機械,False,True,18.810198300283286,35.0,37.4894353029586,BASE,False
6488,2026-10-08,1010.0,12944855.0,74,-0.028846153846153855,0.04880581516095539,-0.042654028436018954,0.49859268194611983,18.36685705855449,,,,PRICE ONLY,,,,,ヨシタケ,Yoshitake Inc.,スタンダード,,機械,機械,False,True,29.660056657223794,35.0,37.449601561120296,BASE,False
5591,2026-10-08,800.0,15185745.0,74,-0.09909909909909909,-0.00497512437810943,-0.12472647702407003,1.2062033314187248,30.819483961950912,,,,PRICE ONLY,,,,,ＡＶＩＬＥＮ,AVILEN Inc.,グロース,,情報･通信業,情報通信・サービスその他,False,True,31.444759206798867,35.0,37.43853729270941,BASE,False
7066,2026-10-08,439.0,4359570.938568115,74,-0.008863293617546675,0.04569474177755306,-0.06954509353382388,0.9359605911330049,20.34337799293596,,,,PRICE ONLY,,,,,ピアズ,"Peers Co.,Ltd.",グロース,,サービス業,情報通信・サービスその他,False,True,15.977337110481587,35.0,37.43062861338928,BASE,False
2481,2026-10-08,716.0,1477700.0,74,0.034682080924855585,0.11874999999999991,-0.03373819163292846,0.8801955990220048,22.48809915003263,,,,PRICE ONLY,,,,,タウンニュース社,"TOWNNEWS-SHA CO.,LTD.",スタンダード,,サービス業,情報通信・サービスその他,False,True,4.53257790368272,35.0,37.4266187397605,BASE,False
3698,2026-10-08,1222.0,5443773.755493164,74,0.028421180128607393,0.038791838987962235,-0.043218134483413495,0.5313496280552603,18.2391678867709,,,,PRICE ONLY,,,,,ＣＲＩ・ミドルウェア,"CRI Middleware Co.,Ltd.",スタンダード,,情報･通信業,情報通信・サービスその他,False,True,18.753541076487252,35.0,37.42241396936431,BASE,False
2208,2026-10-08,3010.0,14031843.098144531,74,-0.022137098584350645,-0.02995992916615231,-0.05564642012695231,0.23706896551724138,15.402304726638155,,,,PRICE ONLY,,,,,ブルボン,BOURBON CORPORATION,スタンダード,,食料品,食品,False,True,30.481586402266288,35.0,37.42167953200671,BASE,False
7601,2026-10-08,165.0,7229465.0,74,0.0,-0.017857142857142905,-0.02941176470588236,0.1708233686368295,14.43504202247877,,,,PRICE ONLY,,,,,ポプラ,"POPLAR CO.,Ltd.",スタンダード,,小売業,小売,False,True,22.407932011331443,35.0,37.41856119218225,BASE,False
8132,2026-10-08,7270.0,49317850.0,74,-0.010884353741496544,0.04154727793696278,-0.19668508287292819,0.6586826347305389,22.33779638177221,,,,PRICE ONLY,,,,,シナネンホールディングス,"SHINANEN HOLDINGS CO.,LTD.",プライム,,卸売業,商社・卸売,False,True,46.09065155807365,35.0,37.40342865007303,BASE,False
7621,2026-10-08,3215.0,15044675.0,74,-0.06811594202898552,-0.028700906344410915,-0.08011444921316169,0.8256880733944955,16.74374659571754,,,,PRICE ONLY,,,,,うかい,"UKAI CO.,LTD.",スタンダード,,小売業,小売,False,True,31.3314447592068,35.0,37.39127659119264,BASE,False
6614,2026-10-08,891.0,6128985.0,74,0.02178899082568808,-0.010000000000000009,-0.10721442885771548,0.8189655172413793,22.11547694068346,,,,PRICE ONLY,,,,,シキノハイテック,"Shikino High-Tech CO.,LTD.",スタンダード,,電気機器,電機・精密,False,True,20.53824362606232,35.0,37.38952482582664,BASE,False
4735,2026-10-08,278.0,2547615.0,74,-0.07641196013289031,-0.08552631578947367,-0.1775147928994083,2.8322981366459627,19.053012992680518,,,,PRICE ONLY,,,,,京進,"KYOSHIN CO.,LTD.",スタンダード,,サービス業,情報通信・サービスその他,False,True,9.376770538243626,35.0,37.37914184814743,BASE,False
6822,2026-10-08,5000.0,18107375.961914062,74,0.004016064257028162,-0.08559557642572524,-0.10355710118030192,0.24725274725274726,14.858901704914675,,,,PRICE ONLY,,,,,大井電気,"Oi Electric Co.,Ltd.",スタンダード,,電気機器,電機・精密,False,True,33.54107648725213,35.0,37.373160283617295,BASE,False
3069,2026-10-08,155.0,16292065.0,74,-0.07738095238095233,0.013071895424836555,-0.08823529411764708,0.8811413644127398,18.134225870223712,,,,PRICE ONLY,,,,,ＪＦＬＡホールディングス,JFLA Holdings Inc.,スタンダード,,食料品,食品,False,True,32.29461756373937,35.0,37.37201480170996,BASE,False
7228,2026-10-08,4005.0,6363950.0,74,-0.006203473945409432,0.06515957446808507,-0.01597051597051602,0.18018018018018017,7.404232471075341,,,,PRICE ONLY,,,,,デイトナ,DAYTONA CORPORATION,スタンダード,,輸送用機器,自動車・輸送機,False,True,20.84985835694051,35.0,37.331096509932294,BASE,False
5819,2026-10-08,1727.0,8917470.0,74,-0.012013729977116694,-0.012013729977116694,-0.034656232532140896,0.3311867525298988,6.362313319217989,,,,PRICE ONLY,,,,,カナレ電気,"Canare Electric Co.,Ltd.",スタンダード,,非鉄金属,鉄鋼・非鉄,False,True,24.759206798866856,35.0,37.30647163183479,BASE,False
5742,2026-10-08,708.0,1893440.357055664,74,-0.034176218158686544,0.021440087915261863,-0.045583595046524206,1.2072434607645874,12.222610324131972,,,,PRICE ONLY,,,,,エヌアイシ・オートテック,"NIC Autotec,Inc.",スタンダード,,非鉄金属,鉄鋼・非鉄,False,True,6.713881019830029,35.0,37.297366861753396,BASE,False
3965,2026-10-08,851.0,7629384.854736328,74,-0.036459678395208805,0.009583626288247382,-0.05742897144390746,0.7847663012117715,8.203952898613585,,,,PRICE ONLY,,,,,キャピタル・アセット・プランニング,"Capital Asset Planning,Inc.",スタンダード,,情報･通信業,情報通信・サービスその他,False,True,23.059490084985836,35.0,37.286709479598635,BASE,False
3261,2026-10-08,449.0,2019745.0,74,0.0665083135391924,0.13959390862944154,-0.011013215859030812,0.46267087276551,15.916504408873925,,,,PRICE ONLY,,,,,グランディーズ,"GRANDES,Inc.",グロース,,不動産業,不動産,False,True,7.280453257790369,35.0,37.27130331462617,BASE,False
4512,2026-10-08,300.0,9162095.0,74,-0.0033222591362126463,0.09090909090909083,-0.04761904761904767,0.2956278201338105,22.51274773377033,,,,PRICE ONLY,,,,,わかもと製薬,"WAKAMOTO PHARMACEUTICAL CO.,LTD.",スタンダード,,医薬品,医薬品,False,True,25.184135977337114,35.0,37.268159263178234,BASE,False
1770,2026-10-08,2120.0,18622840.399169922,74,0.014113706836034412,0.012680666316337241,-0.11996679119966791,0.17921146953405018,52.82890661057298,,,,PRICE ONLY,,,,,藤田エンジニアリング,"FUJITA ENGINEERING CO.,LTD.",スタンダード,,建設業,建設・資材,False,True,33.93767705382436,35.0,37.26537035972542,BASE,False
3933,2026-10-08,503.0,1707625.0,74,-0.08876811594202894,0.020283975659229236,-0.1445578231292517,2.6218487394957983,14.189386430035928,,,,PRICE ONLY,,,,,チエル,"CHIeru Co.,Ltd.",スタンダード,,情報･通信業,情報通信・サービスその他,False,True,5.552407932011332,35.0,37.261731216689164,BASE,False
6059,2026-10-08,368.0,3732019.492034912,74,0.02773794294295584,0.09084461632987151,-0.010752688172043001,0.2901353965183752,13.765450572413119,,,,PRICE ONLY,,,,,ウチヤマホールディングス,"UCHIYAMA HOLDINGS Co.,Ltd.",スタンダード,,サービス業,情報通信・サービスその他,False,True,13.711048158640226,35.0,37.23661959560942,BASE,False
4167,2026-10-08,322.0,7334655.0,74,0.022222222222222143,0.04885993485342022,-0.06936416184971095,0.5476951163852122,43.81077192209502,,,,PRICE ONLY,,,,,ココペリ,Kokopelli Inc.,グロース,,情報･通信業,情報通信・サービスその他,False,True,22.577903682719548,35.0,37.23397482375829,BASE,False
3571,2026-10-08,695.0,3574374.567260742,74,-0.024843167831252178,-0.001527143806158704,-0.039358375407720136,0.9250693802035153,10.304051134199389,,,,PRICE ONLY,,,,,ソトー,"SOTOH CO.,LTD.",スタンダード,,繊維製品,素材・化学,False,True,13.172804532577903,35.0,37.230300962430896,BASE,False
6267,2026-10-08,4210.0,3396625.0,74,0.04207920792079212,0.129980124617749,-0.018648018648018683,0.23952095808383234,15.370707403258486,,,,PRICE ONLY,,,,,ゼネラルパッカー,"GENERAL PACKER CO.,LTD.",スタンダード,,機械,機械,False,True,12.492917847025495,35.0,37.22809580634308,BASE,False
2479,2026-10-08,249.0,23663125.0,74,-0.060377358490566024,0.05957446808510647,-0.07089552238805974,0.5463821383509793,24.291364098437683,,,,PRICE ONLY,,,,,ジェイテック,JTEC CORPORATION,スタンダード,,サービス業,情報通信・サービスその他,False,True,36.96883852691218,35.0,37.221653763767144,BASE,False
3372,2026-10-08,215.0,4061020.0,74,-0.02714932126696834,-0.0182648401826484,-0.03153153153153154,0.8487486398258978,8.283560205758493,,,,PRICE ONLY,,,,,関門海,"KANMONKAI Co.,Ltd.",スタンダード,,小売業,小売,False,True,14.787535410764875,35.0,37.219746510397655,BASE,False
9867,2026-10-07,10500.0,2104100.0,73,-0.009433962264150941,0.034482758620689724,-0.02777777777777779,0.9523809523809523,17.495641851965498,,,,PRICE ONLY,,,,,ソレキア,Solekia Limited,スタンダード,,卸売業,商社・卸売,False,True,7.6770538243626065,35.0,37.21791301105401,BASE,False
9340,2026-10-08,799.0,8448430.0,74,-0.0037406483790524137,0.1479885057471264,-0.04311377245508985,0.45021645021645024,22.27087054252639,,,,PRICE ONLY,,,,,アソインターナショナル,"ASO INTERNATIONAL,INC.",スタンダード,,サービス業,情報通信・サービスその他,False,True,24.24929178470255,35.0,37.21326709343972,BASE,False
5139,2026-10-08,907.0,10048430.0,74,-0.038176033934252396,0.010022271714922093,-0.085195011589973,0.8110599078341014,18.02647039639113,,,,PRICE ONLY,,,,,オープンワーク,OpenWork Inc.,グロース,,情報･通信業,情報通信・サービスその他,False,True,26.572237960339944,35.0,37.20330698511351,BASE,False
3080,2026-10-08,842.0,3092055.0,74,0.03312883435582825,0.0892626131953429,-0.0035502958579881616,0.4896907216494845,11.245121911300647,,,,PRICE ONLY,,,,,ジェーソン,"JASON CO.,LTD.",スタンダード,,小売業,小売,False,True,11.444759206798867,35.0,37.20227011817499,BASE,False
6612,2026-10-08,565.0,2119270.0,74,-0.05518394648829428,-0.03911564625850339,-0.11856474258970362,1.625544267053701,12.026609673160971,,,,PRICE ONLY,,,,,バルミューダ,BALMUDA Inc.,グロース,,電気機器,電機・精密,False,True,7.733711048158639,35.0,37.19785264289237,BASE,False
6038,2026-10-08,830.0,3284280.0,74,0.013431013431013383,0.013431013431013383,-0.06410049148296015,0.8771929824561403,11.65896200744963,,,,PRICE ONLY,,,,,イード,"IID,Inc.",グロース,,サービス業,情報通信・サービスその他,False,True,12.039660056657224,35.0,37.192634953096636,BASE,False
9563,2026-10-08,357.0,8864010.0,74,0.056213017751479244,0.19397993311036799,-0.10972568578553621,0.28044563964656166,26.546589163251145,,,,PRICE ONLY,,,,,Ａｔｌａｓ　Ｔｅｃｈｎｏｌｏｇｉｅｓ,Atlas Technologies Corporation,グロース,,サービス業,情報通信・サービスその他,False,True,24.674220963172804,35.0,37.18892001322678,BASE,False
3063,2026-10-08,1108.0,24620470.0,74,-0.03986135181975736,-0.1238974560531596,-0.12939025907363932,0.708041958041958,19.50097494800173,,,,PRICE ONLY,,,,,ジェイグループホールディングス,j-Group Holdings Corp.,グロース,,小売業,小売,False,True,37.39376770538244,35.0,37.186698731452196,BASE,False
1807,2026-10-07,1920.0,1895928.129272461,73,0.006619431034846857,0.07800695535671509,-0.03404206057319481,0.9230769230769231,19.499958237032978,,,,PRICE ONLY,,,,,佐藤渡辺,"WATANABE SATO CO.,LTD.",スタンダード,,建設業,建設・資材,False,True,6.742209631728045,35.0,37.18239684228149,BASE,False
9265,2026-10-07,3565.0,11235025.0,73,-0.01109570041608876,0.05629629629629629,-0.05936675461741425,0.0,19.445841607286678,,,,PRICE ONLY,,,,,ヤマシタヘルスケアホールディングス,"YAMASHITA HEALTH CARE HOLDINGS,INC.",スタンダード,,卸売業,商社・卸売,False,True,27.988668555240793,35.0,37.18074731457344,BASE,False
8165,2026-10-08,100.0,20158245.0,74,-0.04761904761904767,-0.09909909909909909,-0.1228070175438597,0.7914702694527764,10.913823956707462,,,,PRICE ONLY,,,,,千趣会,"SENSHUKAI CO.,LTD.",スタンダード,,小売業,小売,False,True,34.787535410764875,35.0,37.16961822329536,BASE,False
2349,2026-10-08,2460.0,7375005.0,74,-0.0032414910858995505,-0.016000000000000014,-0.03529411764705881,0.03355704697986577,21.09132126426763,,,,PRICE ONLY,,,,,エヌアイデイ,"Nippon Information Development Co.,Ltd.",スタンダード,,情報･通信業,情報通信・サービスその他,False,True,22.63456090651558,35.0,37.161573663400006,BASE,False
2937,2026-10-08,1701.0,9213805.0,74,-0.033522727272727315,0.01009501187648465,-0.05131065253764644,0.6525911708253359,16.097017583500648,,,,PRICE ONLY,,,,,サンクゼール,"St.Cousair CO.,LTD.",グロース,,食料品,食品,False,True,25.29745042492918,35.0,37.152674843187725,BASE,False
3800,2026-10-08,1961.0,3945489.0686035156,74,0.016121753110903914,0.018192318762124682,-0.005616195311949124,0.4819277108433735,10.585838579753856,,,,PRICE ONLY,,,,,ユニリタ,UNIRITA Inc.,スタンダード,,情報･通信業,情報通信・サービスその他,False,True,14.41926345609065,35.0,37.14692930738221,BASE,False
9685,2026-10-08,576.0,1114895.0,74,-0.010309278350515427,-0.006896551724137945,-0.04950495049504955,1.2,17.391242836700428,,,,PRICE ONLY,,,,,ＫＹＣＯＭホールディングス,"KYCOM HOLDINGS CO.,LTD.",スタンダード,,情報･通信業,情報通信・サービスその他,False,True,2.634560906515581,35.0,37.12406412772014,BASE,False
2493,2026-10-08,940.0,8041570.0,74,-0.007391763463569179,-0.015706806282722474,-0.03885480572597133,0.3227734608487747,14.409343757349886,,,,PRICE ONLY,,,,,イーサポートリンク,"E-SUPPORTLINK,Ltd.",スタンダード,,サービス業,情報通信・サービスその他,False,True,23.711048158640228,35.0,37.11885369831161,BASE,False
6848,2026-10-08,840.0,12707330.0,74,-0.03002309468822173,-0.0117647058823529,-0.05084745762711862,0.2079838980207984,9.894184206906562,,,,PRICE ONLY,,,,,東亜ディーケーケー,DKK-TOA CORPORATION,スタンダード,,電気機器,電機・精密,False,True,29.518413597733712,35.0,37.11463424306922,BASE,False
6484,2026-10-08,2200.0,2967148.4399414062,74,0.004821497328099333,-0.08581752080959204,-0.08842201269848204,1.064638783269962,13.948888993193012,,,,PRICE ONLY,,,,,ＫＶＫ,KVK CORPORATION,スタンダード,,機械,機械,False,True,10.793201133144475,35.0,37.107348991739,BASE,False
9636,2026-10-08,4240.0,5981525.0,74,-0.0011778563015312216,0.00832342449464929,-0.024165707710011475,0.3215434083601286,4.695832159516757,,,,PRICE ONLY,,,,,きんえい,Kin-Ei Corp.,スタンダード,,サービス業,情報通信・サービスその他,False,True,20.19830028328612,35.0,37.10674805431507,BASE,False
2818,2026-10-08,1757.0,5416860.0,74,-0.007344632768361614,0.004574042309891446,-0.009024252679075029,0.1815431164901664,4.102116124916509,,,,PRICE ONLY,,,,,ピエトロ,"PIETRO Co.,Ltd.",スタンダード,,食料品,食品,False,True,18.69688385269122,35.0,37.087129720695906,BASE,False
4093,2026-10-08,423.0,5200568.637542725,74,0.006894253200539824,0.01888113096106614,-0.02083333333333337,0.40737893927747887,13.163409095515439,,,,PRICE ONLY,,,,,東邦アセチレン,"Toho Acetylene Co.,Ltd.",スタンダード,,化学,素材・化学,False,True,18.158640226628894,35.0,37.08387625029667,BASE,False
9791,2026-10-08,1150.0,2616857.544555664,74,-0.017245255246781444,-0.031109840393529375,-0.053112177079119194,1.0383747178329572,12.746100188354081,,,,PRICE ONLY,,,,,ビケンテクノ,BIKEN TECHNO CORPORATION,スタンダード,,サービス業,情報通信・サービスその他,False,True,9.575070821529746,35.0,37.0796244434694,BASE,False
4261,2026-10-08,2997.0,8434605.0,74,0.009090909090909038,-0.09728915662650606,-0.14371428571428568,0.9025270758122743,14.322418555294835,,,,PRICE ONLY,,,,,アジアクエスト,"AsiaQuest Co.,Ltd.",グロース,,情報･通信業,情報通信・サービスその他,False,True,24.192634560906516,35.0,37.05587191976097,BASE,False
6989,2026-10-08,2292.0,26470277.04345703,74,-0.0415587215817208,-0.11150204383172235,-0.16363570276277228,0.8240035826242723,22.032776298216646,,,,PRICE ONLY,,,,,北陸電気工業,"HOKURIKU ELECTRIC INDUSTRY CO.,LTD.",スタンダード,,電気機器,電機・精密,False,True,38.696883852691215,35.0,37.04922700353668,BASE,False
7836,2026-10-08,72.0,5249420.0,74,-0.06493506493506496,-0.11111111111111116,-0.1325301204819277,1.402061855670103,19.040247598506728,,,,PRICE ONLY,,,,,アビックス,"AVIX,Inc.",スタンダード,,その他製品,情報通信・サービスその他,False,True,18.243626062322946,35.0,37.0217540606385,BASE,False
3223,2026-10-08,1000.0,2348795.0,74,0.03950103950103956,0.05932203389830515,0.0,0.37383177570093457,10.365387850344524,,,,PRICE ONLY,,,,,エスエルディー,SLD Entertainment Inc.,スタンダード,,小売業,小売,False,True,8.725212464589235,35.0,36.99222099009634,BASE,False
4365,2026-10-07,24500.0,6045950.0,73,0.005334427574887224,0.21829935355544494,-0.03543307086614178,0.0,29.179761277136016,,,,PRICE ONLY,,,,,松本油脂製薬,"MATSUMOTO YUSHI-SEIYAKU CO.,LTD.",スタンダード,,化学,素材・化学,False,True,20.339943342776206,35.0,36.9921656679732,BASE,False
2796,2026-10-08,506.0,5165800.0,74,0.001980198019801982,0.045454545454545414,-0.01747572815533982,0.4523107177974435,14.582019860613723,,,,PRICE ONLY,,,,,ファーマライズホールディングス,Pharmarise Holdings Corporation,スタンダード,,小売業,小売,False,True,17.988668555240793,35.0,36.990522192392824,BASE,False
6393,2026-10-08,3005.0,4382147.05078125,74,0.004723600361875802,0.01470431236637082,-0.021172638436482094,0.5607476635514018,9.017440662194234,,,,PRICE ONLY,,,,,油研工業,"YUKEN KOGYO CO.,LTD.",スタンダード,,機械,機械,False,True,16.062322946175637,35.0,36.984147418989785,BASE,False
6195,2026-10-08,201.0,3329798.7691497803,74,0.00919386142256351,-0.033649309125737714,-0.06453721821752456,0.8663819402074435,12.557008724433638,,,,PRICE ONLY,,,,,ホープ,"HOPE,INC.",グロース,,サービス業,情報通信・サービスその他,False,True,12.152974504249292,35.0,36.98375682560354,BASE,False
2415,2026-10-08,1599.0,10077445.0,74,-0.051601423487544484,0.01847133757961794,-0.06326889279437609,0.7389162561576355,14.827710416658139,,,,PRICE ONLY,,,,,ヒューマンホールディングス,"Human Holdings Co.,Ltd.",スタンダード,,サービス業,情報通信・サービスその他,False,True,26.60056657223796,35.0,36.980314820108326,BASE,False
7539,2026-10-08,755.0,23890674.446411133,74,-0.05790853580751354,-0.05559663011488969,-0.07266416686695354,0.3705525495982948,15.85452453689008,,,,PRICE ONLY,,,,,アイナボホールディングス,"AINAVO HOLDINGS Co.,Ltd.",スタンダード,,卸売業,商社・卸売,False,True,37.110481586402265,35.0,36.967932523561146,BASE,False
7087,2026-10-08,1355.0,9605992.642211914,74,-0.040849045468457246,0.0248560951976029,-0.042850037630110194,0.6025824964131994,8.695027461436315,,,,PRICE ONLY,,,,,ウイルテック,"WILLTEC Co.,Ltd.",スタンダード,,サービス業,情報通信・サービスその他,False,True,25.920679886685555,35.0,36.96771150486133,BASE,False
7791,2026-10-08,812.0,1732861.198425293,74,0.0012598716285638911,5.352137577596672e-05,-0.025769443810602866,0.9090909090909091,11.502973458344277,,,,PRICE ONLY,,,,,ドリームベッド,"DREAMBED CO.,LTD.",スタンダード,,その他製品,情報通信・サービスその他,False,True,5.6657223796034,35.0,36.958963020899574,BASE,False
4387,2026-10-08,558.0,9885050.0,74,0.016393442622950838,0.15527950310559002,-0.08524590163934431,0.1549529607083564,63.540179437975695,,,,PRICE ONLY,,,,,ＺＵＵ,"ZUU Co.,Ltd.",グロース,,情報･通信業,情報通信・サービスその他,False,True,26.288951841359776,35.0,36.94221659778015,BASE,False
2499,2026-10-08,310.0,2769887.084503174,74,0.01652505677504923,0.08335542758074488,-0.003215434083601254,0.5817452357071213,13.399747270699097,,,,PRICE ONLY,,,,,日本和装ホールディングス,"NIHONWASOU HOLDINGS,INC.",スタンダード,,サービス業,情報通信・サービスその他,False,True,10.113314447592069,35.0,36.92256003785054,BASE,False
3641,2026-10-08,1002.0,3525450.0,74,0.0121212121212122,0.05362776025236604,0.0,0.356234096692112,5.474036227795511,,,,PRICE ONLY,,,,,パピレス,"PAPYLESS CO.,LTD.",スタンダード,,情報･通信業,情報通信・サービスその他,False,True,13.002832861189804,35.0,36.909008130679524,BASE,False
6087,2026-10-08,3330.0,12881568.220214844,74,-0.04349117641984934,-0.0031732575220527748,-0.04349117641984934,0.3381014304291287,9.776907675144438,,,,PRICE ONLY,,,,,アビスト,"ABIST Co.,Ltd.",スタンダード,,サービス業,情報通信・サービスその他,False,True,29.603399433427764,35.0,36.90894774721704,BASE,False
2179,2026-10-08,820.0,1322744.7937011719,74,0.00908356067646987,0.06836559121144359,-0.05796144682427096,1.0725552050473186,8.424382651235064,,,,PRICE ONLY,,,,,成学社,"SEIGAKUSHA CO.,LTD.",スタンダード,,サービス業,情報通信・サービスその他,False,True,3.8526912181303117,35.0,36.90811943106026,BASE,False
9408,2026-10-07,2623.0,440632.8039550781,73,0.0036685375865823655,0.019217197984866097,-0.07597656977348721,1.2903225806451613,19.59575253171955,,,,PRICE ONLY,,,,,ＢＳＮメディアホールディングス,"BSN MEDIA HOLDINGS,INC.",スタンダード,,情報･通信業,情報通信・サービスその他,False,True,0.36827195467422097,35.0,36.8918686519947,BASE,False
4712,2026-10-08,807.0,7966725.0,74,-0.02300242130750607,0.10095497953615284,-0.028880866425992746,0.4287756074321105,12.16740726489975,,,,PRICE ONLY,,,,,ＫｅｙＨｏｌｄｅｒ,"KeyHolder,Inc.",スタンダード,,サービス業,情報通信・サービスその他,False,True,23.597733711048157,35.0,36.88512128139323,BASE,False
3988,2026-10-08,558.0,5104205.0,74,-0.0035714285714285587,0.06638684662274419,-0.014134275618374548,0.03289473684210526,19.985011843896096,,,,PRICE ONLY,,,,,ＳＹＳホールディングス,"SYS Holdings Co.,Ltd.",スタンダード,,情報･通信業,情報通信・サービスその他,False,True,17.81869688385269,35.0,36.87478358243867,BASE,False
3945,2026-10-08,2204.0,3734910.0,74,0.0027297543221109777,-0.009883198562443796,-0.07394957983193273,0.8797653958944281,9.173396211108372,,,,PRICE ONLY,,,,,スーパーバッグ,"Superbag Company,Limited",スタンダード,,パルプ・紙,素材・化学,False,True,13.739376770538245,35.0,36.86273203514792,BASE,False
6033,2026-10-08,1587.0,41376055.0,74,-0.060390763765541755,0.1295373665480426,-0.11636971046770606,0.410958904109589,27.94756393090662,,,,PRICE ONLY,,,,,エクストリーム,"EXTREME CO.,LTD.",グロース,,サービス業,情報通信・サービスその他,False,True,44.079320113314445,35.0,36.85616510335816,BASE,False
6537,2026-10-08,283.0,41623825.0,74,-0.05666666666666664,-0.08709677419354833,-0.1211180124223602,0.4875431199693369,38.09722448005682,,,,PRICE ONLY,,,,,ＷＡＳＨハウス,"WASHHOUSE CO.,LTD.",グロース,,サービス業,情報通信・サービスその他,False,True,44.19263456090651,35.0,36.852191508454595,BASE,False
4102,2026-10-08,1440.0,542575.0,74,-0.004837595024188013,-0.006896551724137945,-0.020408163265306145,1.0526315789473684,8.959838188611437,,,,PRICE ONLY,,,,,丸尾カルシウム,"Maruo Calcium Co.,Ltd.",スタンダード,,化学,素材・化学,False,True,0.509915014164306,35.0,36.849924965054036,BASE,False
5966,2026-10-07,2751.0,1872848.4045410156,73,0.05848264029988948,0.09075850436870803,-0.030655391120507414,0.5925925925925926,34.13945671843274,,,,PRICE ONLY,,,,,京都機械工具,"KYOTO TOOL CO.,LTD.",スタンダード,,金属製品,建設・資材,False,True,6.628895184135978,35.0,36.84473901488134,BASE,False
5843,2026-10-08,2281.0,13293593.90991211,74,-0.014978833535001512,0.004326904678672694,-0.07725707912943336,0.41935483870967744,16.69882538586855,,,,PRICE ONLY,,,,,ニッポンインシュア,"Nippon Insure Co.,Ltd.",スタンダード,,その他金融業,金融（除く銀行）,False,True,29.858356940509918,35.0,36.84011345233821,BASE,False
8207,2026-10-08,290.0,11416945.0,74,-0.039735099337748325,-0.0034364261168384758,-0.049180327868852514,0.5406803777001682,18.003739720064374,,,,PRICE ONLY,,,,,テンアライド,"TEN ALLIED Co.,Ltd.",スタンダード,,小売業,小売,False,True,28.158640226628894,35.0,36.83508078743782,BASE,False
2997,2026-10-08,1323.0,4615255.0,74,-0.0007552870090634656,0.20382165605095537,-0.011210762331838597,0.2538787023977433,0.7076467842411128,,,,PRICE ONLY,,,,,ストレージ王,"STORAGE-OH Co.,Ltd.",グロース,,不動産業,不動産,False,True,16.60056657223796,35.0,36.82272512692352,BASE,False
5940,2026-10-08,727.0,15859015.0,74,-0.04089709762532978,0.00832177531206657,-0.06794871794871793,0.5205158264947245,8.180316693547562,,,,PRICE ONLY,,,,,不二サッシ,"FUJISASH CO.,LTD.",スタンダード,,金属製品,建設・資材,False,True,32.01133144475921,35.0,36.821376070810125,BASE,False
9219,2026-10-08,904.0,4380925.0,74,-0.004405286343612369,0.04872389791183296,-0.004405286343612369,0.46296296296296297,12.936370008397194,,,,PRICE ONLY,,,,,ギックス,GiXo Ltd.,グロース,,サービス業,情報通信・サービスその他,False,True,16.033994334277622,35.0,36.805445814621415,BASE,False
6424,2026-10-08,880.0,1312620.0,74,-0.026548672566371723,-0.011235955056179803,-0.026548672566371723,1.0897435897435896,7.404374697944125,,,,PRICE ONLY,,,,,高見沢サイバネティックス,"TAKAMISAWA CYBERNETICS COMPANY,LTD.",スタンダード,,機械,機械,False,True,3.7677053824362607,35.0,36.804950090285644,BASE,False
3910,2026-10-08,303.0,1443970.0,74,0.05944055944055937,0.07067137809187285,0.0,0.38461538461538464,15.759429624325266,,,,PRICE ONLY,,,,,エムケイシステム,MKSystem Corporation,スタンダード,,情報･通信業,情報通信・サービスその他,False,True,4.277620396600566,35.0,36.78634326013929,BASE,False
8039,2026-10-08,3515.0,6995975.0,74,0.0,0.01736613603473236,-0.057640750670241325,0.5527638190954773,7.709727990008468,,,,PRICE ONLY,,,,,築地魚市場,"TSUKIJI UOICHIBA COMPANY,LIMITED",スタンダード,,卸売業,商社・卸売,False,True,21.95467422096317,35.0,36.76222638423678,BASE,False
2437,2026-10-08,607.0,25356070.0,74,-0.027243589743589758,0.08586762075134158,-0.12661870503597117,0.5453884377651194,25.45232320414082,,,,PRICE ONLY,,,,,Ｓｈｉｎｗａ　Ｗｉｓｅ　Ｈｏｌｄｉｎｇｓ,"SHINWA WISE HOLDINGS CO.,LTD.",スタンダード,,サービス業,情報通信・サービスその他,False,True,38.07365439093485,35.0,36.76100375840991,BASE,False
2984,2026-10-08,764.0,7186145.0,74,0.006587615283267567,0.009247027741083214,-0.05679012345679013,0.49810503519220356,20.234024603655936,,,,PRICE ONLY,,,,,ヤマイチエステート,"Yamaichi Real Estate Co.,Ltd",スタンダード,,不動産業,不動産,False,True,22.35127478753541,35.0,36.74329418344486,BASE,False
6022,2026-10-08,2830.0,4241950.0,74,-0.025817555938037917,0.13929146537842185,-0.046495956873315314,0.8253968253968254,14.278081638590233,,,,PRICE ONLY,,,,,赤阪鐵工所,Akasaka Diesels Ltd.,スタンダード,,機械,機械,False,True,15.38243626062323,35.0,36.7423646194642,BASE,False
4414,2026-10-08,1122.0,10387780.0,74,0.027472527472527375,-0.06655574043261236,-0.10739856801909309,0.4786150712830957,23.33332087295215,,,,PRICE ONLY,,,,,フレクト,"FLECT Co.,Ltd.",グロース,,情報･通信業,情報通信・サービスその他,False,True,26.96883852691218,35.0,36.73808661524856,BASE,False
5816,2026-10-08,1466.0,27704655.0,74,0.005486968449931462,-0.09617755856966703,-0.17778410536821043,0.5868605556998182,14.483682521239698,,,,PRICE ONLY,,,,,オーナンバ,"Onamba Co.,Ltd.",スタンダード,,非鉄金属,鉄鋼・非鉄,False,True,39.15014164305949,35.0,36.7120970509034,BASE,False
4488,2026-10-08,2081.0,11892430.0,74,-0.054520672421626504,0.005314009661835817,-0.11822033898305084,0.9172661870503597,29.702842843125072,,,,PRICE ONLY,,,,,ＡＩ　ｉｎｓｉｄｅ,AI inside Inc.,グロース,,情報･通信業,情報通信・サービスその他,False,True,28.725212464589234,35.0,36.70823300184866,BASE,False
3826,2026-10-08,489.0,4557575.0,74,-0.014112903225806495,0.08666666666666667,-0.029761904761904767,0.6430517711171662,10.575743855913588,,,,PRICE ONLY,,,,,システムインテグレータ,System Integrator Corp.,スタンダード,,情報･通信業,情報通信・サービスその他,False,True,16.543909348441925,35.0,36.70418461415613,BASE,False
8006,2026-10-08,1459.0,4117453.8482666016,74,-0.046014234764666484,-0.07534002667962048,-0.12786505519959646,1.3333333333333333,14.774264647696974,,,,PRICE ONLY,,,,,ユアサ・フナショク,"YUASA FUNASHOKU Co.,Ltd.",スタンダード,,卸売業,商社・卸売,False,True,14.929178470254959,35.0,36.70100319225967,BASE,False
7646,2026-10-08,1757.0,19810720.930786133,74,-0.047534080133999845,0.008243328769623082,-0.07672096689437735,0.3082502266545784,15.037732617001302,,,,PRICE ONLY,,,,,ＰＬＡＮＴ,"PLANT Co.,Ltd.",スタンダード,,小売業,小売,False,True,34.64589235127479,35.0,36.69886429873627,BASE,False
9993,2026-10-08,1145.0,5116735.0,74,-0.008658008658008698,-0.01858310069624247,-0.031712473572938715,0.5825242718446602,4.340449561034228,,,,PRICE ONLY,,,,,ヤマザワ,"YAMAZAWA CO.,LTD.",スタンダード,,小売業,小売,False,True,17.875354107648725,35.0,36.690588374432394,BASE,False
2876,2026-10-08,469.0,1117565.0,74,-0.02494802494802495,0.02178649237472774,-0.0467479674796748,1.1940298507462686,17.696204147835324,,,,PRICE ONLY,,,,,デルソーレ,Delsole Corporation,スタンダード,,食料品,食品,False,True,2.6628895184135977,35.0,36.677630919731364,BASE,False
3648,2026-10-08,1059.0,7924219.459838867,74,0.00574627493779678,-0.03220639562999983,-0.06497020412518473,0.39265357821405955,15.479396756078126,,,,PRICE ONLY,,,,,ＡＧＳ,AGS Corporation,スタンダード,,情報･通信業,情報通信・サービスその他,False,True,23.456090651558075,35.0,36.66955877982471,BASE,False
6286,2026-10-08,1495.0,3869509.680786133,74,-0.00987926581417009,0.11361186238722976,-0.02143706615214047,0.6476190476190476,14.82492775091134,,,,PRICE ONLY,,,,,靜甲,SEIKO CORPORATION,スタンダード,,機械,機械,False,True,14.13597733711048,35.0,36.6687572594044,BASE,False
7077,2026-10-08,1000.0,1077075.0,74,0.012145748987854255,-0.018645731108930308,-0.027237354085603127,0.91324200913242,9.53223755808624,,,,PRICE ONLY,,,,,ＡＬｉＮＫインターネット,"ALiNK Internet,INC.",グロース,,サービス業,情報通信・サービスその他,False,True,2.3512747875354107,35.0,36.649270499715165,BASE,False
2497,2026-10-08,490.0,11780626.638183594,74,-0.06637034866209168,-0.03205897136733671,-0.07670573146381088,0.7695614789337919,14.375368178078126,,,,PRICE ONLY,,,,,ユナイテッド,"UNITED,Inc.",グロース,,サービス業,情報通信・サービスその他,False,True,28.611898016997166,35.0,36.64382218863629,BASE,False
3417,2026-10-08,1019.0,7596400.0,74,-0.0009803921568627416,-0.13276595744680852,-0.15365448504983392,0.975609756097561,13.10720459432819,,,,PRICE ONLY,,,,,大木ヘルスケアホールディングス,"OHKI HEALTHCARE HOLDINGS CO.,LTD.",スタンダード,,卸売業,商社・卸売,False,True,23.002832861189802,35.0,36.636771212914425,BASE,False
7213,2026-10-08,638.0,14884265.0,74,-0.05059523809523814,0.019169329073482455,-0.07132459970887917,0.5825242718446602,20.444766153092832,,,,PRICE ONLY,,,,,レシップホールディングス,LECIP HOLDINGS CORPORATION,スタンダード,,輸送用機器,自動車・輸送機,False,True,31.13314447592068,35.0,36.61690448224942,BASE,False
5029,2026-10-08,915.0,12238285.0,74,-0.0286624203821656,0.30714285714285716,-0.06441717791411039,0.16589250165892502,44.90521218284481,,,,PRICE ONLY,,,,,サークレイス,circlace Inc,グロース,,情報･通信業,情報通信・サービスその他,False,True,28.980169971671387,35.0,36.61262129902287,BASE,False
3958,2026-10-08,542.0,5829880.0,74,-0.016333938294010864,-0.012750455373406244,-0.02166064981949456,0.1932367149758454,9.774792316347657,,,,PRICE ONLY,,,,,笹徳印刷,"Sasatoku Printing Co.,Ltd.",スタンダード,,パルプ・紙,素材・化学,False,True,19.858356940509918,35.0,36.600536670316615,BASE,False
6180,2026-10-08,3750.0,4433050.0,74,-0.02088772845953002,0.014884979702300516,-0.032258064516129004,0.6837606837606838,14.24599855663816,,,,PRICE ONLY,,,,,ＧＭＯメディア,"GMO Media,Inc.",グロース,,サービス業,情報通信・サービスその他,False,True,16.175637393767705,35.0,36.588518059866686,BASE,False
3992,2026-10-08,431.0,22750433.439178467,74,-0.05826510432426979,-0.010024798784132094,-0.07971250399119001,0.4342768514928267,16.125537871123953,,,,PRICE ONLY,,,,,ニーズウェル,Needs Well Inc.,プライム,,情報･通信業,情報通信・サービスその他,False,True,36.40226628895184,35.0,36.58499330124459,BASE,False
7682,2026-10-08,3715.0,16966375.0,74,-0.07125000000000004,-0.08117953085005014,-0.093460224499756,0.7424071991001124,14.13109436581133,,,,PRICE ONLY,,,,,浜木綿,"HAMAYUU CO.,LTD.",スタンダード,,小売業,小売,False,True,32.77620396600567,35.0,36.58383149095981,BASE,False
7698,2026-10-08,2670.0,10847764.545898438,74,-0.014440067210048535,0.049206599101504045,-0.07241420548952548,0.25477707006369427,26.880858085941036,,,,PRICE ONLY,,,,,アイスコ,Iceco Inc.,スタンダード,,卸売業,商社・卸売,False,True,27.563739376770542,35.0,36.55705532117144,BASE,False
3680,2026-10-08,202.0,7534500.0,74,-0.024154589371980673,-0.06481481481481477,-0.08181818181818179,0.737515308205198,10.937288062253025,,,,PRICE ONLY,,,,,ホットリンク,Hotto Link Inc.,グロース,,情報･通信業,情報通信・サービスその他,False,True,22.8328611898017,35.0,36.55561650986475,BASE,False
2186,2026-10-08,894.0,3110960.0,74,-0.012154696132596676,0.0036080374175775365,-0.021881838074398252,0.7219251336898396,4.652769656162247,,,,PRICE ONLY,,,,,ソーバル,Sobal Corporation,スタンダード,,サービス業,情報通信・サービスその他,False,True,11.529745042492918,35.0,36.55041486637149,BASE,False
3237,2026-10-08,91.0,26143775.0,74,-0.03191489361702127,-0.0714285714285714,-0.1651376146788991,0.7099213388521565,19.928432479849796,,,,PRICE ONLY,,,,,イントランス,"INTRANCE CO.,LTD.",グロース,,不動産業,不動産,False,True,38.4985835694051,35.0,36.5308520480095,BASE,False
9687,2026-10-08,1528.0,8823264.959106445,74,-0.030866782599916598,0.047771399336735465,-0.03798533419379457,0.34934497816593885,15.776897745754127,,,,PRICE ONLY,,,,,ＫＳＫ,"KSK CO.,LTD",スタンダード,,情報･通信業,情報通信・サービスその他,False,True,24.645892351274785,35.0,36.52922256267378,BASE,False
2790,2026-10-08,1990.0,19674857.93029785,74,-0.04475955153726041,-0.06641928598090718,-0.13413399962161698,0.739566825145272,16.709790564703358,,,,PRICE ONLY,,,,,ナフコ,"NAFCO Co.,Ltd.",スタンダード,,小売業,小売,False,True,34.56090651558073,35.0,36.50818243034267,BASE,False
7162,2026-10-08,292.0,8697040.0,74,-0.04885993485342022,0.1541501976284585,-0.051948051948051965,0.6614315916641498,23.327157314049867,,,,PRICE ONLY,,,,,アストマックス,"ASTMAX Co.,Ltd.",スタンダード,,電気･ガス業,電気・ガス,False,True,24.504249291784703,35.0,36.506408157593754,BASE,False
7670,2026-10-08,1201.0,3905733.872680664,74,-0.01061826905420682,0.1828309399519792,-0.05447112240440888,0.7814761215629522,16.708965313842985,,,,PRICE ONLY,,,,,オーウエル,O-WELL CORPORATION,スタンダード,,卸売業,商社・卸売,False,True,14.277620396600565,35.0,36.490522282118945,BASE,False
6343,2026-10-08,149.0,6350065.0,74,0.0,0.013605442176870763,-0.07453416149068326,0.6286566479293335,13.603184702686978,,,,PRICE ONLY,,,,,フリージア・マクロス,FREESIA MACROSS CORPORATION,スタンダード,,機械,機械,False,True,20.793201133144475,35.0,36.486848107234394,BASE,False
9656,2026-10-08,597.0,2331615.0,74,-0.00830564784053156,-0.006655574043261225,-0.022913256955810146,0.7843137254901961,3.636096251487033,,,,PRICE ONLY,,,,,グリーンランドリゾート,GREENLAND RESORT COMPANY LIMITED,スタンダード,,サービス業,情報通信・サービスその他,False,True,8.611898016997168,35.0,36.48121566297583,BASE,False
6552,2026-10-08,166.0,3515225.0,74,-0.062146892655367214,-0.16582914572864327,-0.24200913242009137,3.394994559303591,19.82621940710886,,,,PRICE ONLY,,,,,ＧａｍｅＷｉｔｈ,"GameWith,Inc.",スタンダード,,サービス業,情報通信・サービスその他,False,True,12.917847025495751,35.0,36.48037913897645,BASE,False
9446,2026-10-08,667.0,2866575.821838379,74,-0.01885459618770935,-0.0031447823112813467,-0.02444509492579028,0.7875894988066826,10.313260677161235,,,,PRICE ONLY,,,,,サカイホールディングス,"SAKAI Holdings CO.,LTD",スタンダード,,情報･通信業,情報通信・サービスその他,False,True,10.509915014164307,35.0,36.47119458811538,BASE,False
2806,2026-10-08,1946.0,2383350.200805664,74,0.018546315185322237,0.05515709177642858,-0.026513256628314164,0.6530612244897959,20.955407125554444,,,,PRICE ONLY,,,,,ユタカフーズ,YUTAKA FOODS CORPORATION,スタンダード,,食料品,食品,False,True,8.86685552407932,35.0,36.460829234014874,BASE,False
3557,2026-10-08,489.0,3102495.0,74,-0.048638132295719894,-0.11891891891891893,-0.1465968586387435,1.5046491969568894,5.368830344121641,,,,PRICE ONLY,,,,,ユナイテッド＆コレクティブ,UNITED&COLLECTIVE CO.LTD.,グロース,,小売業,小売,False,True,11.501416430594901,35.0,36.458810728981064,BASE,False
7265,2026-10-08,3485.0,5013175.0,74,-0.05810810810810807,-0.08650065530799478,-0.1075544174135723,1.1805555555555556,12.80132137640622,,,,PRICE ONLY,,,,,エイケン工業,"EIKEN INDUSTRIES CO.,LTD",スタンダード,,輸送用機器,自動車・輸送機,False,True,17.535410764872523,35.0,36.44917977464959,BASE,False
6044,2026-10-08,1852.0,8094125.0,74,-0.011739594450373536,0.0991097922848665,-0.055102040816326525,0.19801980198019803,13.445962503525388,,,,PRICE ONLY,,,,,三機サービス,SANKI SERVICE CORPORATION,スタンダード,,サービス業,情報通信・サービスその他,False,True,23.739376770538243,35.0,36.447415789278516,BASE,False
9215,2026-10-08,1005.0,1868285.0,74,0.001994017946161497,0.10439560439560447,-0.01179941002949858,0.7329842931937173,16.016999968756345,,,,PRICE ONLY,,,,,ＣａＳｙ,"CaSy Co.,Ltd.",グロース,,サービス業,情報通信・サービスその他,False,True,6.543909348441926,35.0,36.43975313746095,BASE,False
7916,2026-10-08,1900.0,4582070.0,74,0.0,0.04798676227247656,-0.023638232271325776,0.12474012474012475,18.10224665516533,,,,PRICE ONLY,,,,,光村印刷,"MITSUMURA PRINTING CO.,LTD.",スタンダード,,その他製品,情報通信・サービスその他,False,True,16.572237960339944,35.0,36.439062186107044,BASE,False
9980,2026-10-08,90.0,10698590.0,74,-0.0625,-0.0625,-0.08163265306122447,0.7791989229215752,14.415743791250893,,,,PRICE ONLY,,,,,ＭＲＫホールディングス,MRK HOLDINGS INC.,スタンダード,,小売業,小売,False,True,27.393767705382437,35.0,36.43701846939719,BASE,False
9212,2026-10-08,268.0,37652625.0,74,0.022900763358778553,-0.12703583061889245,-0.20943952802359878,0.2932128071708003,56.91394043377834,,,,PRICE ONLY,,,,,Ｇｒｅｅｎ　Ｅａｒｔｈ　Ｉｎｓｔｉｔｕｔｅ,"Green Earth Institute Co.,Ltd.",グロース,,サービス業,情報通信・サービスその他,False,True,42.80453257790368,35.0,36.432148027114756,BASE,False
1798,2026-10-08,1109.0,3831035.0,74,0.04229323308270683,-0.028045574057844025,-0.05294619982920579,0.3389830508474576,28.237554461441324,,,,PRICE ONLY,,,,,守谷商会,MORIYA CORPORATION,スタンダード,,建設業,建設・資材,False,True,13.994334277620396,35.0,36.42102620962484,BASE,False
3904,2026-10-08,427.0,4519510.0,74,-0.006976744186046546,0.03389830508474567,-0.016129032258064502,0.4509283819628647,12.92361136915163,,,,PRICE ONLY,,,,,カヤック,KAYAC Inc.,グロース,,情報･通信業,情報通信・サービスその他,False,True,16.43059490084986,35.0,36.41557991683271,BASE,False
7064,2026-10-08,996.0,5937175.0,74,0.0030211480362538623,0.17730496453900702,-0.04961832061068705,0.0778816199376947,42.134470607376606,,,,PRICE ONLY,,,,,ハウテレビジョン,"Howtelevision,Inc.",スタンダード,,サービス業,情報通信・サービスその他,False,True,20.141643059490086,35.0,36.41217255329368,BASE,False
7175,2026-10-08,1861.0,29766383.822021484,74,-0.0412372132464911,0.33349054408799517,-0.13219222599039349,0.5295315682281059,36.37093488884201,,,,PRICE ONLY,,,,,今村証券,"The Imamura Securities Co.,Ltd.",スタンダード,,証券･商品先物取引業,金融（除く銀行）,False,True,40.11331444759207,35.0,36.40230249790021,BASE,False
9761,2026-10-08,2309.0,10004266.939697266,74,-0.034038829382604496,0.00620961267532949,-0.04993779875083171,0.4265402843601896,12.092707285304117,,,,PRICE ONLY,,,,,東海リース,"TOKAI LEASE CO.,LTD.",スタンダード,,サービス業,情報通信・サービスその他,False,True,26.458923512747873,35.0,36.39461780717254,BASE,False
7370,2026-10-08,709.0,2293510.0,74,-0.01115760111576014,-0.01664355062413314,-0.02876712328767128,0.8227848101265823,5.503621010553044,,,,PRICE ONLY,,,,,Ｅｎｊｉｎ,"Enjin Co.,Ltd.",グロース,,サービス業,情報通信・サービスその他,False,True,8.328611898016996,35.0,36.39300042581952,BASE,False
9073,2026-10-08,1255.0,700735.0,74,0.020325203252032464,0.006415396952686558,-0.030888030888030937,0.8928571428571429,16.727524098776197,,,,PRICE ONLY,,,,,京極運輸商事,"Kyogoku unyu shoji Co.,Ltd.",スタンダード,,陸運業,運輸・物流,False,True,0.84985835694051,35.0,36.37487954093012,BASE,False
2114,2026-10-08,631.0,18985219.3359375,74,-0.06361607830250848,0.010465013311199867,-0.06635401553953768,0.37037037037037035,11.388270833160135,,,,PRICE ONLY,,,,,フジ日本,Fuji Nihon Corporation,スタンダード,,食料品,食品,False,True,34.07932011331445,35.0,36.37109297582763,BASE,False
8115,2026-10-08,1300.0,1871647.4011230469,74,0.010510654408506515,-0.177740244949958,-0.2831466909279581,2.0454545454545454,12.271602770934866,,,,PRICE ONLY,,,,,ムーンバット,"MOONBAT Co.,Ltd.",スタンダード,,卸売業,商社・卸売,False,True,6.600566572237961,35.0,36.37106829615203,BASE,False
9074,2026-10-08,2310.0,12546388.842773438,74,-0.06459629613445639,-0.14564209983780152,-0.16079026080465597,1.1035818005808324,35.195817548197496,,,,PRICE ONLY,,,,,日本石油輸送,"Japan Oil Transportation Co.,Ltd.",スタンダード,,陸運業,運輸・物流,False,True,29.43342776203966,35.0,36.36300773647128,BASE,False
3004,2026-10-08,2013.0,13716520.0,74,-0.0373027259684362,-0.09119638826185106,-0.11086572438162545,0.6974981046247157,14.126236886915896,,,,PRICE ONLY,,,,,神栄,SHINYEI KAISHA,スタンダード,,卸売業,商社・卸売,False,True,30.1699716713881,35.0,36.36141886093127,BASE,False
6074,2026-10-08,502.0,4340723.700714111,74,-0.014523104094157913,0.018783238740718744,-0.02204579047503996,0.5771495877502945,9.722715674217506,,,,PRICE ONLY,,,,,ジェイエスエス,JSS CORPORATION,スタンダード,,サービス業,情報通信・サービスその他,False,True,15.8356940509915,35.0,36.359903350104624,BASE,False
6325,2026-10-08,418.0,2772068.0395507812,74,0.019512195121951237,0.060394866914367906,-0.0071258907363420665,0.31413612565445026,13.50457673525536,,,,PRICE ONLY,,,,,タカキタ,"TAKAKITA CO.,LTD.",スタンダード,,機械,機械,False,True,10.141643059490086,35.0,36.358583852862374,BASE,False
4926,2026-10-08,1228.0,1451159.0246582031,74,-0.008897266268929394,-0.004913817287029998,-0.01754982212470424,0.8695652173913043,6.721566946652015,,,,PRICE ONLY,,,,,シーボン,"C'BON COSMETICS Co.,Ltd.",スタンダード,,化学,素材・化学,False,True,4.305949008498584,35.0,36.342396712225565,BASE,False
2883,2026-10-08,1956.0,10271565.0,74,-0.03976435935198819,-0.019548872180451093,-0.04817518248175179,0.4990403071017274,14.7972341154858,,,,PRICE ONLY,,,,,大冷,"DAIREI CO.,LTD.",スタンダード,,食料品,食品,False,True,26.827195467422094,35.0,36.32925334218789,BASE,False
3467,2026-10-08,2663.0,17508625.0,74,-0.06725043782837126,0.016024418161007192,-0.11203734578192726,0.7591014717273431,25.585114606829112,,,,PRICE ONLY,,,,,アグレ都市デザイン,Agratio urban design Inc.,スタンダード,,不動産業,不動産,False,True,33.229461756373944,35.0,36.31914960409552,BASE,False
7351,2026-10-08,470.0,6331080.0,74,0.023965141612200425,0.05592183703589115,-0.07843137254901966,0.25760286225402507,24.975642110926906,,,,PRICE ONLY,,,,,グッドパッチ,Goodpatch Inc.,グロース,,サービス業,情報通信・サービスその他,False,True,20.73654390934844,35.0,36.312808315016284,BASE,False
3908,2026-10-08,365.0,2166540.0,74,0.03693181818181812,0.08955223880597019,-0.013513513513513487,0.2564102564102564,17.475940465805994,,,,PRICE ONLY,,,,,コラボス,Collabos Corporation,スタンダード,,情報･通信業,情報通信・サービスその他,False,True,7.960339943342776,35.0,36.311969708570274,BASE,False
4772,2026-10-08,74.0,7253845.0,74,0.04225352112676051,-0.013333333333333308,-0.10843373493975905,0.4567295784415713,24.2599862918795,,,,PRICE ONLY,,,,,ＳＭ　ＥＮＴＥＲＴＡＩＮＭＥＮＴ　ＪＡＰＡＮ,"SM ENTERTAINMENT JAPAN Co.,Ltd.",グロース,,情報･通信業,情報通信・サービスその他,False,True,22.43626062322946,35.0,36.30470503487837,BASE,False
3524,2026-10-08,1480.0,3154150.0,74,-0.004037685060565233,0.04741684359518761,-0.01791639017916391,0.6175771971496437,3.9781416328142942,,,,PRICE ONLY,,,,,日東製網,"NITTO SEIMO CO.,LTD.",スタンダード,,繊維製品,素材・化学,False,True,11.69971671388102,35.0,36.29593086944591,BASE,False
8737,2026-10-08,571.0,24979600.92163086,74,-0.05444456629238015,-0.03416033580332156,-0.10913421621307118,0.5379375146817007,15.741842184784623,,,,PRICE ONLY,,,,,あかつき本社,Akatsuki Corp.,スタンダード,,証券･商品先物取引業,金融（除く銀行）,False,True,37.73371104815864,35.0,36.27898324579855,BASE,False
6155,2026-10-08,546.0,2506852.047729492,74,0.022401327594443687,0.08266079511508728,-0.0072727272727273196,0.31512605042016806,5.94098019339419,,,,PRICE ONLY,,,,,高松機械工業,"TAKAMATSU MACHINERY CO.,LTD.",スタンダード,,機械,機械,False,True,9.206798866855523,35.0,36.265898797388395,BASE,False
9249,2026-10-08,1580.0,13094084.650268555,74,-0.05385853506170579,-0.029583715513618047,-0.05385853506170579,0.42475728155339804,17.963786118380536,,,,PRICE ONLY,,,,,日本エコシステム,"Japan Ecosystem Co.,Ltd.",スタンダード,,サービス業,情報通信・サービスその他,False,True,29.80169971671388,35.0,36.25621635172171,BASE,False
7749,2026-10-08,2735.0,12344584.512939453,74,-0.06115252223659129,-0.010422026575933718,-0.06115252223659129,0.592255125284738,11.140642037589886,,,,PRICE ONLY,,,,,メディキット,"MEDIKIT CO.,LTD.",スタンダード,,精密機器,電機・精密,False,True,29.15014164305949,35.0,36.25380476209018,BASE,False
7472,2026-10-08,3775.0,2553750.0,74,-0.03205128205128205,-0.028314028314028294,-0.0724815724815725,1.0852713178294573,13.517301459735126,,,,PRICE ONLY,,,,,鳥羽洋行,"TOBA,INC.",スタンダード,,卸売業,商社・卸売,False,True,9.405099150141643,35.0,36.221133553862984,BASE,False
5134,2026-10-08,447.0,2351740.0,74,-0.06874999999999998,-0.15660377358490563,-0.16135084427767354,1.7266187050359711,18.45161720947739,,,,PRICE ONLY,,,,,ＰＯＰＥＲ,"POPER Co.,Ltd.",グロース,,情報･通信業,情報通信・サービスその他,False,True,8.753541076487252,35.0,36.219978095560485,BASE,False
7030,2026-10-08,971.0,25270154.70550537,74,0.007548348991030629,-0.018414283431365308,-0.17050252782769082,0.1636536631779258,11.554453031615543,,,,PRICE ONLY,,,,,スプリックス,SPRIX Inc.,スタンダード,,サービス業,情報通信・サービスその他,False,True,38.01699716713881,35.0,36.213724958720285,BASE,False
6040,2026-10-08,465.0,12553065.0,74,0.0,-0.07487188591378613,-0.11004784688995217,0.3780313837375178,18.95335243332876,,,,PRICE ONLY,,,,,日本スキー場開発,"Nippon Ski Resort Development Co.,Ltd.",グロース,,サービス業,情報通信・サービスその他,False,True,29.461756373937675,35.0,36.208653393721235,BASE,False
7091,2026-10-08,1153.0,33943860.0,74,-0.0827366746221162,-0.05954323001631323,-0.1427509293680297,0.7234756666045123,40.93011784210609,,,,PRICE ONLY,,,,,リビングプラットフォーム,"Living Platform,Ltd.",グロース,,サービス業,情報通信・サービスその他,False,True,41.444759206798864,35.0,36.19555557007538,BASE,False
7857,2026-10-08,1272.0,854542.3413085938,74,-0.003993403557617015,-0.009368962580620144,-0.01927525057825752,0.916030534351145,13.144916410170884,,,,PRICE ONLY,,,,,セキ,"SEKI CO.,LTD.",スタンダード,,その他製品,情報通信・サービスその他,False,True,1.4447592067988668,35.0,36.19198354269383,BASE,False
8089,2026-10-08,1907.0,7836263.088378906,74,-0.03223143864638045,0.025117846125336962,-0.03942850765692385,0.2219482120838471,7.1546993997309265,,,,PRICE ONLY,,,,,ナイス,Nice Corporation,スタンダード,,卸売業,商社・卸売,False,True,23.371104815864022,35.0,36.18057371073259,BASE,False
5956,2026-10-08,580.0,3540874.541015625,74,0.02283410138744868,-0.02489820285793387,-0.03455261528333109,0.32076984763432237,6.028352050315371,,,,PRICE ONLY,,,,,トーソー,"TOSO CO.,LTD.",スタンダード,,金属製品,建設・資材,False,True,13.087818696883852,35.0,36.17034436166675,BASE,False
7477,2026-10-08,1567.0,2972703.804321289,74,-0.022211951077631076,-0.17694777945377782,-0.21650975537169825,1.686046511627907,49.869839862463884,,,,PRICE ONLY,,,,,ムラキ,MURAKI CORPORATION,スタンダード,,卸売業,商社・卸売,False,True,10.821529745042493,35.0,36.16602017809557,BASE,False
3556,2026-10-08,770.0,25762490.0,74,-0.04228855721393032,0.01182654402102501,-0.15754923413566735,0.6773086677607042,19.119035447040375,,,,PRICE ONLY,,,,,リネットジャパングループ,"RenetJapanGroup,Inc.",グロース,,小売業,小売,False,True,38.243626062322946,35.0,36.15339664079201,BASE,False
5126,2026-10-08,1337.0,1195200.0,74,-0.0456816559600286,-0.16437500000000005,-0.20887573964497042,3.401360544217687,18.275020154352788,,,,PRICE ONLY,,,,,ポーターズ,PORTERS CORPORATION,グロース,,情報･通信業,情報通信・サービスその他,False,True,3.059490084985836,35.0,36.150065417048936,BASE,False
8705,2026-10-08,211.0,17783418.78540039,74,-0.03628748289836836,-0.04913695750280944,-0.09728194839515047,0.3736675647182851,19.803063254479564,,,,PRICE ONLY,,,,,日産証券グループ,"Nissan Securities Group Co.,Ltd.",スタンダード,,証券･商品先物取引業,金融（除く銀行）,False,True,33.314447592067985,35.0,36.149941067627154,BASE,False
6276,2026-10-08,320.0,10375145.0,74,-0.14893617021276595,0.02893890675241151,-0.24705882352941178,2.0162748643761303,37.62748526203886,,,,PRICE ONLY,,,,,シリウスビジョン,"SiriusVision CO.,LTD.",スタンダード,,電気機器,電機・精密,False,True,26.940509915014164,35.0,36.14516438243069,BASE,False
5162,2026-10-08,805.0,2764044.5294189453,74,0.018033203064245162,0.00551124013957649,-0.012269938650306789,0.28530670470756064,18.03207632657452,,,,PRICE ONLY,,,,,朝日ラバー,ASAHI RUBBER INC.,スタンダード,,ゴム製品,自動車・輸送機,False,True,10.056657223796034,35.0,36.12369682939836,BASE,False
7062,2026-10-08,687.0,1542425.0,74,0.001457725947521915,-0.09724047306176087,-0.15289765721331694,1.4253897550111359,7.8556641559231215,,,,PRICE ONLY,,,,,フレアス,"Fureasu Co.,Ltd.",グロース,,サービス業,情報通信・サービスその他,False,True,4.90084985835694,35.0,36.12309746384691,BASE,False
4198,2026-10-08,495.0,2813115.0,74,-0.010000000000000009,-0.01980198019801982,-0.03696498054474706,0.7536764705882353,12.633023712251045,,,,PRICE ONLY,,,,,テンダ,"TENDA Co.,LTD.",スタンダード,,情報･通信業,情報通信・サービスその他,False,True,10.311614730878187,35.0,36.10213754905959,BASE,False
2673,2026-10-08,100.0,8169585.0,74,-0.09909909909909909,0.04166666666666674,-0.180327868852459,1.5014488846957341,24.268483516440966,,,,PRICE ONLY,,,,,夢みつけ隊,"YUMEMITSUKETAI Co.,Ltd.",スタンダード,,小売業,小売,False,True,23.909348441926344,35.0,36.092713593825664,BASE,False
8046,2026-10-08,930.0,17100090.0,74,-0.07462686567164178,0.05203619909502266,-0.08823529411764708,0.6552623948970716,13.125509329172225,,,,PRICE ONLY,,,,,丸藤シートパイル,"MARUFUJI SHEET PILING CO.,LTD.",スタンダード,,卸売業,商社・卸売,False,True,32.91784702549575,35.0,36.08522672732362,BASE,False
4623,2026-10-08,1838.0,3351534.5001220703,74,0.010596130323704323,0.08265596461846947,-0.019210245464247544,0.42328042328042326,14.242841037544917,,,,PRICE ONLY,,,,,アサヒペン,ASAHIPEN CORPORATION,スタンダード,,化学,素材・化学,False,True,12.26628895184136,35.0,36.08507785245009,BASE,False
7896,2026-10-08,500.0,426826.5576171875,74,0.006278739579373749,-0.00549062169279646,-0.011857707509881465,0.8433734939759037,11.369604373444608,,,,PRICE ONLY,,,,,セブン工業,"SEVEN INDUSTRIES CO.,LTD.",スタンダード,,その他製品,情報通信・サービスその他,False,True,0.33994334277620397,35.0,36.07989801514008,BASE,False
4068,2026-10-08,1818.0,2709320.0,74,0.01905829596412567,0.12222222222222223,-0.013564839934888773,0.19292604501607716,19.73982985294317,,,,PRICE ONLY,,,,,ベイシス,Basis Corporation,グロース,,情報･通信業,情報通信・サービスその他,False,True,9.858356940509914,35.0,36.07709852327383,BASE,False
6360,2026-10-08,4740.0,4226025.0,74,0.0031746031746031633,0.05921787709497206,-0.030674846625766916,0.1,16.422451596164617,,,,PRICE ONLY,,,,,東京自働機械製作所,"TOKYO AUTOMATIC MACHINERY WORKS,LTD.",スタンダード,,機械,機械,False,True,15.29745042492918,35.0,36.06425824992052,BASE,False
7782,2026-10-08,506.0,2005680.0,74,0.028455284552845628,0.10480349344978168,-0.007843137254901933,0.26066350710900477,14.16874521334659,,,,PRICE ONLY,,,,,シンシア,"Sincere Co.,LTD.",スタンダード,,精密機器,電機・精密,False,True,7.223796033994335,35.0,36.05832414496926,BASE,False
7127,2026-10-08,686.0,6917890.0,74,-0.035161744022503494,-0.031073446327683607,-0.047222222222222276,0.581453634085213,13.476112908296317,,,,PRICE ONLY,,,,,一家ホールディングス,"Ikka Holdings Co.,Ltd.",スタンダード,,小売業,小売,False,True,21.784702549575073,35.0,36.05255414844171,BASE,False
6224,2026-10-08,1121.0,22998675.0,74,-0.0937752627324171,-0.16080300615560073,-0.17722212730058173,1.070464031426467,23.804082950712406,,,,PRICE ONLY,,,,,ＪＲＣ,"JRC Co.,Ltd.",グロース,,機械,機械,False,True,36.62889518413598,35.0,36.04685872014711,BASE,False
7462,2026-10-08,391.0,8704817.359161377,74,-0.015414351619354116,0.1472563352878875,-0.06869776898088953,0.3066812705366922,36.84765068721129,,,,PRICE ONLY,,,,,ＣＡＰＩＴＡ,CAPITA Inc.,スタンダード,,小売業,小売,False,True,24.53257790368272,35.0,36.03820317619407,BASE,False
5255,2026-10-08,78.0,17268650.0,74,-0.1333333333333333,-0.04878048780487809,-0.23529411764705888,1.6614090431125133,51.12168200978625,,,,PRICE ONLY,,,,,モンスターラボ,Monstarlab Inc.,グロース,,情報･通信業,情報通信・サービスその他,False,True,33.08781869688385,35.0,36.03466044135935,BASE,False
7585,2026-10-08,407.0,1082625.0,74,0.0024630541871921707,0.0,-0.030952380952380953,0.8872458410351202,4.354878014073427,,,,PRICE ONLY,,,,,かんなん丸,KAN-NANMARU CORPORATION,スタンダード,,小売業,小売,False,True,2.379603399433428,35.0,36.028911954157884,BASE,False
2215,2026-10-08,618.0,4878815.0,74,0.00815660685154973,0.030000000000000027,-0.04923076923076919,0.4871955028107433,10.348896302433682,,,,PRICE ONLY,,,,,第一屋製パン,"FIRST BAKING CO.,LTD.",スタンダード,,食料品,食品,False,True,17.25212464589235,35.0,36.022937164088745,BASE,False
4019,2026-10-08,605.0,21229515.0,74,-0.04874213836477992,-0.004934210526315819,-0.11290322580645162,0.5565167243367936,20.296573640482197,,,,PRICE ONLY,,,,,スタメン,"Stmn,Inc.",グロース,,情報･通信業,情報通信・サービスその他,False,True,35.46742209631728,35.0,36.02260585600661,BASE,False
3392,2026-10-08,752.0,24798100.0,74,-0.0806845965770171,-0.12354312354312358,-0.13860252004581897,0.7826362484157161,14.581604638373646,,,,PRICE ONLY,,,,,デリカフーズホールディングス,"DELICA FOODS HOLDINGS CO.,LTD.",スタンダード,,卸売業,商社・卸売,False,True,37.56373937677054,35.0,36.01893574732918,BASE,False
4976,2026-10-07,1528.0,6568375.0,73,0.003942181340341744,0.17538461538461547,-0.10117647058823531,0.654911838790932,62.20651964797989,,,,PRICE ONLY,,,,,東洋ドライルーブ,"TOYO DRILUBE CO.,LTD.",スタンダード,,化学,素材・化学,False,True,21.21813031161473,35.0,36.01615400609941,BASE,False
6049,2026-10-08,251.0,4519575.0,74,-0.015686274509803977,0.0040000000000000036,-0.01953125,0.37037037037037035,20.846934609339517,,,,PRICE ONLY,,,,,イトクロ,ItoKuro Inc.,グロース,,サービス業,情報通信・サービスその他,False,True,16.458923512747877,35.0,36.0120610943563,BASE,False
9259,2026-10-08,821.0,6450442.783813477,74,-0.010422545179161746,0.025345297366024866,-0.053351941723487784,0.43902439024390244,9.198371798380899,,,,PRICE ONLY,,,,,タカヨシホールディングス,"TAKAYOSHI Holdings,INC.",グロース,,サービス業,情報通信・サービスその他,False,True,21.04815864022663,35.0,36.01120635874643,BASE,False
4586,2026-10-08,58.0,37918840.0,74,-0.016949152542372836,0.05454545454545445,-0.26582278481012656,0.9110931533330164,39.629329535902016,,,,PRICE ONLY,,,,,メドレックス,"Medrx Co.,Ltd.",グロース,,医薬品,医薬品,False,True,42.94617563739377,35.0,36.00235898477411,BASE,False
5871,2026-10-08,1335.0,15826115.0,74,-0.018382352941176516,0.003759398496240518,-0.1123670212765957,0.3456998313659359,24.976996750912917,,,,PRICE ONLY,,,,,ＳＯＬＩＺＥ　Ｈｏｌｄｉｎｇｓ,SOLIZE Holdings Corporation,スタンダード,,サービス業,情報通信・サービスその他,False,True,31.954674220963174,35.0,36.00161169472008,BASE,False
7849,2026-10-08,2997.0,8120895.0,74,-0.017377049180327897,-0.10269461077844311,-0.14493580599144085,0.898876404494382,9.20959188817168,,,,PRICE ONLY,,,,,スターツ出版,Starts Publishing Corporation,スタンダード,,情報･通信業,情報通信・サービスその他,False,True,23.76770538243626,35.0,35.99937601125959,BASE,False
7800,2026-10-08,952.0,8148146.801452637,74,-0.02169098729028618,0.05728977361387688,-0.07337528746182276,0.5691519635742743,18.02050290920818,,,,PRICE ONLY,,,,,アミファ,"Amifa Co.,Ltd.",スタンダード,,その他製品,情報通信・サービスその他,False,True,23.85269121813031,35.0,35.99602064165932,BASE,False
4754,2026-10-08,1527.0,1458795.3131103516,74,0.04451258202066999,0.048710278869498636,-0.009035162692421883,0.20202020202020202,15.889204176319488,,,,PRICE ONLY,,,,,トスネット,TOSNET CORPORATION,スタンダード,,サービス業,情報通信・サービスその他,False,True,4.3342776203966,35.0,35.99221554871286,BASE,False
8700,2026-10-08,2037.0,3456400.0,74,-0.04186265286923796,0.11923076923076925,-0.08284556506078344,1.0526315789473684,17.17612932057463,,,,PRICE ONLY,,,,,丸八証券,"Maruhachi Securities Co.,Ltd.",スタンダード,,証券･商品先物取引業,金融（除く銀行）,False,True,12.691218130311615,35.0,35.98753947524306,BASE,False
9895,2026-10-08,1250.0,1048380.0,74,-0.019607843137254943,-0.010292953285827355,-0.031758326878388865,1.0,9.712209278826716,,,,PRICE ONLY,,,,,コンセック,CONSEC CORPORATION,スタンダード,,卸売業,商社・卸売,False,True,2.237960339943343,35.0,35.96936801306848,BASE,False
9969,2026-10-08,237.0,1111500.0,74,-0.004201680672268893,0.004237288135593209,-0.008368200836820106,0.7926829268292683,7.783881107296631,,,,PRICE ONLY,,,,,ショクブン,"SHOKUBUN CO.,LTD.",スタンダード,,小売業,小売,False,True,2.6062322946175636,35.0,35.94929896372991,BASE,False
6428,2026-10-08,327.0,2890445.0,74,0.006153846153846176,0.05144694533762051,-0.009090909090909038,0.16286644951140064,10.398922733896594,,,,PRICE ONLY,,,,,オーイズミ,OIZUMI Corporation,スタンダード,,機械,機械,False,True,10.56657223796034,35.0,35.92170605598368,BASE,False
3123,2026-10-08,633.0,1788884.8184204102,74,-0.0200188416629421,-0.012480499219968744,-0.02914110429447858,0.8695652173913043,9.58915652269439,,,,PRICE ONLY,,,,,サイボー,"SAIBO Co.,Ltd.",スタンダード,,繊維製品,素材・化学,False,True,5.977337110481586,35.0,35.91864650573835,BASE,False
3293,2026-10-08,744.0,3368766.0848999023,74,-0.012458083106600792,-0.002103820629623554,-0.02385278019507253,0.6136363636363636,6.060665113116269,,,,PRICE ONLY,,,,,アズマハウス,"AZUMA HOUSE Co.,Ltd.",スタンダード,,不動産業,不動産,False,True,12.322946175637393,35.0,35.91267250127992,BASE,False
2424,2026-10-08,611.0,4791420.0,74,0.025167785234899265,-0.011488337178183428,-0.0700152207001522,0.3085177733065057,39.35501764798777,,,,PRICE ONLY,,,,,ブラス,Brass Corporation,スタンダード,,サービス業,情報通信・サービスその他,False,True,17.138810198300284,35.0,35.908020003530225,BASE,False
7695,2026-10-08,822.0,7581860.0,74,-0.10163934426229504,0.06892067620286091,-0.13926701570680633,1.3135068153655514,31.120110977353704,,,,PRICE ONLY,,,,,交換できるくん,"Koukandekirukun,Inc.",グロース,,小売業,小売,False,True,22.946175637393768,35.0,35.89451551140397,BASE,False
3248,2026-10-08,892.0,2650145.0,74,0.006772009029345272,0.03240740740740744,-0.005574136008918651,0.22988505747126436,7.395670912356027,,,,PRICE ONLY,,,,,アールエイジ,"EARLY AGE CO.,Ltd.",スタンダード,,不動産業,不動産,False,True,9.688385269121813,35.0,35.88155794311206,BASE,False
4060,2026-10-08,1198.0,5691900.0,74,-0.016420361247947435,0.08514492753623193,-0.04159999999999997,0.37383177570093457,33.43274225536308,,,,PRICE ONLY,,,,,ｒａｋｕｍｏ,rakumo Inc.,グロース,,情報･通信業,情報通信・サービスその他,False,True,19.46175637393768,35.0,35.87022460342934,BASE,False
6186,2026-10-08,371.0,757060.8561706543,74,0.00805043781257142,0.005369417352843353,-0.028229007420019436,0.8633093525179856,6.876355015679306,,,,PRICE ONLY,,,,,一蔵,"ICHIKURA CO.,LTD.",スタンダード,,サービス業,情報通信・サービスその他,False,True,0.9631728045325779,35.0,35.86612632344966,BASE,False
2926,2026-10-08,105.0,15748234.663963318,74,-0.15188027861712938,0.033898345829957766,-0.15845487301575067,1.3821941762335588,33.83215947966872,,,,PRICE ONLY,,,,,篠崎屋,"SHINOZAKIYA,INC.",スタンダード,,食料品,食品,False,True,31.869688385269125,35.0,35.85544881226566,BASE,False
6182,2026-10-08,495.0,13026940.0,74,-0.046242774566473965,-0.09174311926605505,-0.14948453608247425,0.8677289306968708,27.55444042000525,,,,PRICE ONLY,,,,,メタリアル,MetaReal Corporation,グロース,,サービス業,情報通信・サービスその他,False,True,29.773371104815865,35.0,35.855343589220894,BASE,False
5257,2026-10-08,2812.0,5327870.0,74,-0.008812125484666922,0.12750601443464316,-0.044836956521739135,0.46035805626598464,19.20452337917922,,,,PRICE ONLY,,,,,ノバシステム,"NOVA SYSTEM CO.,LTD.",スタンダード,,情報･通信業,情報通信・サービスその他,False,True,18.4985835694051,35.0,35.83324275316449,BASE,False
5868,2026-10-08,1008.0,10043430.0,74,-0.04454976303317537,0.03490759753593431,-0.05706267539756782,0.4179728317659352,14.797448271201105,,,,PRICE ONLY,,,,,ロココ,Rococo Co.Ltd.,スタンダード,,サービス業,情報通信・サービスその他,False,True,26.543909348441925,35.0,35.81968161527284,BASE,False
7196,2026-10-08,733.0,7173945.0,74,-0.016107382550335614,-0.06979695431472077,-0.0744949494949495,0.5639686684073107,10.92776371984089,,,,PRICE ONLY,,,,,Ｃａｓａ,Casa Inc.,スタンダード,,その他金融業,金融（除く銀行）,False,True,22.294617563739376,35.0,35.80489947038973,BASE,False
1905,2026-10-08,1450.0,4977551.4892578125,74,0.016784859574909605,-0.02407402919052548,-0.06650558313498489,0.4696132596685083,12.883634312199115,,,,PRICE ONLY,,,,,テノックス,TENOX CORPORATION,スタンダード,,建設業,建設・資材,False,True,17.45042492917847,35.0,35.796991576517016,BASE,False
4356,2026-10-08,1652.0,1070760.0,74,0.01599015990159902,0.013496932515337345,-0.01958456973293765,0.7299270072992701,19.931815916068395,,,,PRICE ONLY,,,,,応用技術,"APPLIED TECHNOLOGY CO.,LTD.",スタンダード,,情報･通信業,情報通信・サービスその他,False,True,2.294617563739377,35.0,35.79636290838212,BASE,False
8945,2026-10-08,1086.0,3593115.0,74,-0.007312614259597838,0.0,-0.0702054794520548,0.7656967840735069,4.523030870515679,,,,PRICE ONLY,,,,,サンネクスタグループ,SUNNEXTA GROUP Inc.,スタンダード,,不動産業,不動産,False,True,13.286118980169972,35.0,35.788996547336524,BASE,False
4629,2026-10-08,2310.0,16994255.0,74,-0.02941176470588236,0.2962962962962963,-0.11392405063291144,0.5046863734679163,36.004734719437515,,,,PRICE ONLY,,,,,大伸化学,"DAISHIN CHEMICAL CO.,LTD.",スタンダード,,化学,素材・化学,False,True,32.804532577903686,35.0,35.77407114130983,BASE,False
7443,2026-10-08,680.0,1546133.8497924805,74,0.028679451479048934,0.05403984494494418,-0.0029325513196480912,0.42283298097251587,10.84399500740909,,,,PRICE ONLY,,,,,横浜魚類,"YOKOHAMA GYORUI CO.,LTD.",スタンダード,,卸売業,商社・卸売,False,True,4.929178470254957,35.0,35.76668039830125,BASE,False
1853,2026-10-08,320.0,6539700.0,74,-0.018404907975460127,-0.01538461538461533,-0.053254437869822535,0.17039922103213243,8.800379673174115,,,,PRICE ONLY,,,,,森組,"Mori-Gumi Co.,Ltd.",スタンダード,,建設業,建設・資材,False,True,21.161473087818695,35.0,35.76335711335016,BASE,False
4374,2026-10-08,1173.0,12973115.0,74,-0.04672897196261683,-0.009708737864077666,-0.09385863267670913,0.5862884160756501,27.29136505150654,,,,PRICE ONLY,,,,,ＲＯＢＯＴ　ＰＡＹＭＥＮＴ,ROBOT PAYMENT INC.,グロース,,情報･通信業,情報通信・サービスその他,False,True,29.716713881019828,35.0,35.75891428266363,BASE,False
3266,2026-10-08,78.0,3031315.0,74,-0.012658227848101222,-0.04878048780487809,-0.0714285714285714,0.8581937065794851,20.4508112539416,,,,PRICE ONLY,,,,,ファンドクリエーショングループ,"Fund Creation Group Co.,Ltd.",スタンダード,,不動産業,不動産,False,True,11.161473087818695,35.0,35.75768484949208,BASE,False
9254,2026-10-08,966.0,2428625.0,74,-0.12420670897552133,-0.1563318777292576,-0.17506404782237406,2.4343675417661097,17.6400298599847,,,,PRICE ONLY,,,,,ラバブルマーケティンググループ,"Lovable Marketing Group,inc.",グロース,,サービス業,情報通信・サービスその他,False,True,9.03682719546742,35.0,35.75212529141988,BASE,False
4476,2026-10-08,1081.0,11328070.0,74,-0.012785388127853903,0.11673553719008267,-0.10215946843853818,0.4468764249886001,17.531981731007875,,,,PRICE ONLY,,,,,ＡＩ　ＣＲＯＳＳ,AI CROSS Inc.,グロース,,情報･通信業,情報通信・サービスその他,False,True,28.073654390934845,35.0,35.74904913240806,BASE,False
2300,2026-10-08,506.0,2499610.0,74,0.01200000000000001,0.02947845044711439,-0.01225721213446962,0.1782178217821782,9.935192060837496,,,,PRICE ONLY,,,,,きょくとう,"Kyokuto Co.,Ltd.",スタンダード,,サービス業,情報通信・サービスその他,False,True,9.15014164305949,35.0,35.735954648527354,BASE,False
3071,2026-10-08,101.0,9198210.0,74,-0.05607476635514019,0.0,-0.05607476635514019,0.5805827330394582,26.969667438206297,,,,PRICE ONLY,,,,,ストリーム,"Stream Co.,Ltd.",スタンダード,,小売業,小売,False,True,25.240793201133144,35.0,35.73324067891426,BASE,False
6797,2026-10-08,1202.0,5333120.0,74,-0.02829426030719484,0.026473099914603004,-0.02829426030719484,0.47952047952047955,22.338523152267875,,,,PRICE ONLY,,,,,名古屋電機工業,"NAGOYA ELECTRIC WORKS CO.,LTD.",スタンダード,,電気機器,電機・精密,False,True,18.555240793201133,35.0,35.71425291669543,BASE,False
2798,2026-10-08,3000.0,3609555.0,74,0.0,-0.0016638935108153063,-0.025974025974025983,0.42402826855123676,2.971960446618115,,,,PRICE ONLY,,,,,ワイズテーブルコーポレーション,Y's table corporation,スタンダード,,小売業,小売,False,True,13.314447592067987,35.0,35.711590817114896,BASE,False
4098,2026-10-08,988.0,4442390.0,74,-0.03609756097560979,-0.03609756097560979,-0.07230046948356805,0.8228571428571428,14.26026930571589,,,,PRICE ONLY,,,,,チタン工業,"Titan Kogyo ,Ltd.",スタンダード,,化学,素材・化学,False,True,16.23229461756374,35.0,35.70430109851397,BASE,False
8931,2026-10-08,1259.0,15221680.0,74,-0.05338345864661653,-0.037381099803831086,-0.10742610086801074,0.6241983753740915,17.864685758604722,,,,PRICE ONLY,,,,,和田興産,WADAKOHSAN CORPORATION,スタンダード,,不動産業,不動産,False,True,31.501416430594904,35.0,35.69949130918525,BASE,False
4054,2026-10-08,517.0,5797095.0,74,-0.013358778625954248,-0.1310924369747899,-0.1310924369747899,0.8827586206896552,6.763196860207225,,,,PRICE ONLY,,,,,日本情報クリエイト,"Japan PropTech Co.,Ltd.",グロース,,情報･通信業,情報通信・サービスその他,False,True,19.745042492917847,35.0,35.675070310515494,BASE,False
5997,2026-10-08,903.0,2206230.0,74,0.022650056625141524,-0.010952902519167584,-0.059374999999999956,0.6990291262135923,19.758952659117874,,,,PRICE ONLY,,,,,協立エアテック,KYORITSU AIR TECH INC.,スタンダード,,金属製品,建設・資材,False,True,8.016997167138811,35.0,35.670003287713705,BASE,False
3435,2026-10-08,1519.0,3884695.0,74,-0.01042345276872969,0.07730496453900715,-0.021893110109465597,0.20168067226890757,20.18903485061406,,,,PRICE ONLY,,,,,サンコーテクノ,"SANKO TECHNO CO.,LTD.",スタンダード,,金属製品,建設・資材,False,True,14.220963172804533,35.0,35.66814817536111,BASE,False
3815,2026-10-08,429.0,3005770.0,74,-0.0023255813953488857,-0.03160270880361171,-0.07543103448275867,0.8106219426974144,9.259131595500241,,,,PRICE ONLY,,,,,メディア工房,"Media Kobo,Inc.",グロース,,情報･通信業,情報通信・サービスその他,False,True,11.104815864022664,35.0,35.653390427019005,BASE,False
4642,2026-10-08,1395.0,3068565.0,74,-0.009936124911284594,-0.010638297872340385,-0.05615696887686061,0.7476635514018691,12.346858828210767,,,,PRICE ONLY,,,,,オリジナル設計,"ORIGINAL ENGINEERING CONSULTANTS CO.,LTD.",スタンダード,,サービス業,情報通信・サービスその他,False,True,11.303116147308783,35.0,35.638802086684585,BASE,False
5969,2026-10-08,1183.0,173820.0,74,-0.019071310116086204,-0.026337448559670795,-0.05961844197138311,1.1428571428571428,6.979564073920715,,,,PRICE ONLY,,,,,ロブテックス,"LOBTEX Co.,Ltd.",スタンダード,,金属製品,建設・資材,False,True,0.141643059490085,35.0,35.61542718670511,BASE,False
9337,2026-10-08,1472.0,20364320.0,74,0.01098901098901095,-0.06480304955527316,-0.17303370786516858,0.12153950033760973,14.504912654093935,,,,PRICE ONLY,,,,,トリドリ,toridori Inc.,グロース,,サービス業,情報通信・サービスその他,False,True,34.844192634560905,35.0,35.61486625520315,BASE,False
9307,2026-10-08,950.0,9839142.362060547,74,-0.015375583847397345,-0.03914920059458071,-0.09212392069849906,0.16781836130306022,31.79671423516705,,,,PRICE ONLY,,,,,杉村倉庫,"Sugimura Warehouse Co.,Ltd.",スタンダード,,倉庫･運輸関連業,運輸・物流,False,True,26.203966005665723,35.0,35.612460046521164,BASE,False
9220,2026-10-08,1272.0,5118425.69152832,74,-0.0028915523381690678,0.05069896699958587,-0.05475576892740586,0.12531328320802004,30.78401431726867,,,,PRICE ONLY,,,,,エフビー介護サービス,"FB CARE SERVICE CO.,LTD.",スタンダード,,サービス業,情報通信・サービスその他,False,True,17.93201133144476,35.0,35.60055798169675,BASE,False
3178,2026-10-08,1108.0,20487132.210083008,74,-0.08576244865259097,-0.04320310805172689,-0.09174766160997783,0.5952712100139083,13.237757893107824,,,,PRICE ONLY,,,,,チムニー,"CHIMNEY CO.,LTD.",スタンダード,,小売業,小売,False,True,34.92917847025495,35.0,35.5916084237306,BASE,False
7812,2026-10-08,2080.0,5667970.0,74,-0.016083254493850507,-0.03300790330079029,-0.05022831050228316,0.03355704697986577,31.549059154485693,,,,PRICE ONLY,,,,,クレステック,CRESTEC Inc.,スタンダード,,その他製品,情報通信・サービスその他,False,True,19.348441926345608,35.0,35.57869956844147,BASE,False
9686,2026-10-08,1620.0,6170565.552368164,74,-0.024887806593460904,0.02022838255889048,-0.049545862478846514,0.4743083003952569,14.404545017755513,,,,PRICE ONLY,,,,,東洋テック,"TOYO TEC CO.,LTD.",スタンダード,,サービス業,情報通信・サービスその他,False,True,20.59490084985836,35.0,35.54830055620479,BASE,False
1981,2026-10-08,1355.0,2373650.0,74,0.006686478454680511,0.025738077214231714,-0.018115942028985477,0.5376344086021505,9.296111018217943,,,,PRICE ONLY,,,,,協和日成,"KYOWANISSEI CO.,LTD.",スタンダード,,建設業,建設・資材,False,True,8.78186968838527,35.0,35.5406097118146,BASE,False
5026,2026-10-08,613.0,12370195.0,74,-0.03767660910518056,0.055077452667814164,-0.10510948905109485,0.576643849823688,30.698078764807,,,,PRICE ONLY,,,,,トリプルアイズ,"TRIPLEIZE CO.,LTD.",グロース,,情報･通信業,情報通信・サービスその他,False,True,29.206798866855525,35.0,35.53734806585749,BASE,False
7524,2026-10-08,177.0,3873555.0,74,0.005681818181818121,-0.032786885245901676,-0.043243243243243246,0.42659405491263896,26.235367076284927,,,,PRICE ONLY,,,,,マルシェ,MARCHE CORPORATION,スタンダード,,小売業,小売,False,True,14.192634560906518,35.0,35.520783844438235,BASE,False
6171,2026-10-08,371.0,5639010.0,74,-0.008021390374331583,-0.031331592689295085,-0.06075949367088607,0.21724818959842002,7.773231844735941,,,,PRICE ONLY,,,,,土木管理総合試験所,C.E.Management Integrated Laboratory Co.Ltd,スタンダード,,サービス業,情報通信・サービスその他,False,True,19.291784702549574,35.0,35.50151144051475,BASE,False
7515,2026-10-08,4560.0,892525.0,74,-0.008695652173912993,-0.024598930481283476,-0.02771855010660984,0.8695652173913043,7.452965402542372,,,,PRICE ONLY,,,,,マルヨシセンター,Maruyoshi Center Inc.,スタンダード,,小売業,小売,False,True,1.69971671388102,35.0,35.497579077147826,BASE,False
4657,2026-10-08,451.0,2046585.0,74,-0.03426124197002145,-0.028017241379310387,-0.0851926977687627,1.1059907834101383,11.059724445122194,,,,PRICE ONLY,,,,,環境管理センター,"ENVIRONMENTAL CONTROL CENTER CO.,LTD.",スタンダード,,サービス業,情報通信・サービスその他,False,True,7.478753541076487,35.0,35.48511257639736,BASE,False
5906,2026-10-08,774.0,2965060.0,74,-0.007692307692307665,-0.04562268803945746,-0.06859205776173283,0.7898089171974523,12.89810193783882,,,,PRICE ONLY,,,,,エムケー精工,"MK SEIKO CO.,LTD.",スタンダード,,金属製品,建設・資材,False,True,10.764872521246458,35.0,35.48491295409687,BASE,False
6248,2026-10-08,1765.0,1798988.9392089844,74,0.019722006198217956,0.03750788236992619,-0.029628293345016266,0.5970149253731343,22.752735852681248,,,,PRICE ONLY,,,,,横田製作所,"Yokota Manufacturing Co., Ltd.",スタンダード,,機械,機械,False,True,6.147308781869689,35.0,35.482348604325466,BASE,False
9885,2026-10-08,333.0,2799925.0,74,0.003012048192771122,-0.011869436201780381,-0.017699115044247815,0.08041355542791499,5.115658720384995,,,,PRICE ONLY,,,,,シャルレ,"CHARLE CO.,LTD.",スタンダード,,卸売業,商社・卸売,False,True,10.28328611898017,35.0,35.477563351467275,BASE,False
3710,2026-10-08,642.0,1983669.8300170898,74,0.017258483836769534,0.046649590888814485,-0.013520875628370566,0.21705426356589147,6.953282995472221,,,,PRICE ONLY,,,,,ジョルダン,"Jorudan Co.,Ltd.",スタンダード,,情報･通信業,情報通信・サービスその他,False,True,7.138810198300282,35.0,35.472910170427255,BASE,False
6233,2026-10-08,394.0,2112663.406524658,74,0.015075419554440916,0.043927692037501354,-0.015000000000000013,0.10820559062218214,10.292395234998692,,,,PRICE ONLY,,,,,ＫＬＡＳＳ,KLASS Corporation,スタンダード,,機械,機械,False,True,7.705382436260623,35.0,35.4633051576901,BASE,False
2404,2026-10-08,529.0,4063945.0,74,0.0,-0.07678883071553233,-0.11833333333333329,0.8672798948751642,10.853836831154823,,,,PRICE ONLY,,,,,鉄人化ホールディングス,"TETSUJIN Holdings,Inc.",スタンダード,,サービス業,情報通信・サービスその他,False,True,14.81586402266289,35.0,35.45872924655748,BASE,False
3943,2026-10-08,1300.0,2769737.5842285156,74,1.5118167257410775e-05,0.04411026649930205,-0.014404852160727843,0.4672897196261682,9.273437631660173,,,,PRICE ONLY,,,,,大石産業,"OHISHI SANGYO CO.,LTD.",スタンダード,,パルプ・紙,素材・化学,False,True,10.08498583569405,35.0,35.44221495193541,BASE,False
7320,2026-10-08,1383.0,24794205.0,74,-0.060461956521739135,-0.05790190735694822,-0.12909319899244331,0.5461711711711712,24.304889939024658,,,,PRICE ONLY,,,,,Ｓｏｌｖｖｙ,Solvvy Inc.,グロース,,その他金融業,金融（除く銀行）,False,True,37.53541076487252,35.0,35.439236769925415,BASE,False
6786,2026-10-08,44.0,1584825.0,74,-0.10204081632653061,-0.13725490196078427,-0.18518518518518523,6.353518204112431,25.67846627865204,,,,PRICE ONLY,,,,,ＲＶＨ,RVH Inc.,スタンダード,,サービス業,情報通信・サービスその他,False,True,5.240793201133145,35.0,35.42395499051277,BASE,False
7502,2026-10-08,1661.0,1529160.0,74,-0.020058997050147465,0.01901840490797535,-0.033740546829552076,0.851063829787234,9.327004085582734,,,,PRICE ONLY,,,,,プラザホールディングス,"PLAZA HOLDINGS CO.,LTD.",スタンダード,,サービス業,情報通信・サービスその他,False,True,4.8441926345609065,35.0,35.41781638800443,BASE,False
7509,2026-10-08,4590.0,1006028.876953125,74,-0.00667449746837423,-0.02939090157223001,-0.05109153061397542,0.9523809523809523,17.24987451810899,,,,PRICE ONLY,,,,,アイエーグループ,I.A GROUP CORPORATION,スタンダード,,小売業,小売,False,True,1.9830028328611897,35.0,35.4160160671468,BASE,False
6150,2026-10-08,2750.0,4278565.0,74,-0.01890831252229752,-0.017506252232940334,-0.028611797951254014,0.3883495145631068,7.891763847563385,,,,PRICE ONLY,,,,,タケダ機械,"TAKEDA MACHINERY CO.,LTD.",スタンダード,,機械,機械,False,True,15.467422096317279,35.0,35.40817312794036,BASE,False
2831,2026-10-08,3565.0,5877773.336181641,74,-0.023559042713073075,0.041442853206970165,-0.051861702127659615,0.4968944099378882,14.800162621594106,,,,PRICE ONLY,,,,,はごろもフーズ,HAGOROMO FOODS CORPORATION,スタンダード,,食料品,食品,False,True,20.028328611898015,35.0,35.405278938782445,BASE,False
3440,2026-10-08,841.0,11303370.0,74,-0.031105990783410142,-0.08474386905759457,-0.09323591650602947,0.3650190114068441,13.022773994088702,,,,PRICE ONLY,,,,,日創グループ,"NISSO GROUP Co.,Ltd.",スタンダード,,金属製品,建設・資材,False,True,28.04532577903683,35.0,35.40526389964449,BASE,False
4486,2026-10-08,682.0,3763580.0,74,-0.004379562043795637,0.07064364207221341,-0.03399433427762044,0.4951370468611848,16.773047916071466,,,,PRICE ONLY,,,,,ユナイトアンドグロウ,Unite and Grow Inc.,グロース,,情報･通信業,情報通信・サービスその他,False,True,13.796033994334278,35.0,35.397091664771196,BASE,False
6926,2026-10-08,194.0,2402685.0,74,0.01041666666666674,0.03743315508021383,-0.02020202020202022,0.3779527559055118,20.8687655140732,,,,PRICE ONLY,,,,,岡谷電機産業,"OKAYA ELECTRIC INDUSTRIES CO.,LTD.",スタンダード,,電気機器,電機・精密,False,True,9.008498583569406,35.0,35.39513406014823,BASE,False
3521,2026-10-08,157.0,2326660.0,74,0.0,0.039735099337748325,-0.006329113924050667,0.28132155708210665,6.384843857699406,,,,PRICE ONLY,,,,,テルマー湯ホールディングス,"THERMAE-YU HOLDINGS CO.,LTD.",スタンダード,,サービス業,情報通信・サービスその他,False,True,8.526912181303116,35.0,35.39254337658612,BASE,False
3172,2026-10-08,1127.0,2695095.0,74,0.00535236396074934,-0.014860139860139898,-0.019933835546812162,0.31620553359683795,3.2790869254037633,,,,PRICE ONLY,,,,,ティーライフ,"Tea Life Co.,Ltd.",スタンダード,,小売業,小売,False,True,9.773371104815865,35.0,35.38319133006033,BASE,False
9385,2026-10-08,734.0,5085990.0,74,-0.021333333333333315,-0.02910052910052907,-0.08250000000000002,0.7025089605734767,6.247163738804396,,,,PRICE ONLY,,,,,ショーエイコーポレーション,SHOEI CORPORATION,スタンダード,,化学,素材・化学,False,True,17.70538243626062,35.0,35.37131479583721,BASE,False
7376,2026-10-08,701.0,32404270.0,74,-0.06533333333333335,-0.2659685863874346,-0.4059322033898305,1.7797082080409845,38.17316931195427,,,,PRICE ONLY,,,,,ＢＣＣ,"BCC Co.,Ltd.",グロース,,サービス業,情報通信・サービスその他,False,True,40.906515580736546,35.0,35.36554831261102,BASE,False
3241,2026-10-08,600.0,2607695.0,74,-0.0016638935108153063,0.05263157894736836,-0.011532125205930832,0.39443155452436196,12.286734777301918,,,,PRICE ONLY,,,,,ウィル,"WILL,Co.,Ltd.",スタンダード,,不動産業,不動産,False,True,9.490084985835693,35.0,35.35903229331787,BASE,False
5729,2026-10-08,1678.0,19062880.0,74,-0.05783267827063443,0.15564738292011016,-0.1159114857744995,0.5560235888795282,25.949933394925033,,,,PRICE ONLY,,,,,日本精鉱,"NIHON SEIKO CO.,LTD",スタンダード,,非鉄金属,鉄鋼・非鉄,False,True,34.1643059490085,35.0,35.34925095395319,BASE,False
7692,2026-10-08,75.0,18500395.0,74,-0.07407407407407407,-0.009465117813939217,-0.08536585365853655,0.42772168740705957,25.652194864520084,,,,PRICE ONLY,,,,,アースインフィニティ,EARTH INFINITY CO.LTD.,スタンダード,,電気･ガス業,電気・ガス,False,True,33.82436260623229,35.0,35.34365688051863,BASE,False
3065,2026-10-08,1588.0,1904885.0,74,0.0,-0.02035780382479946,-0.022769230769230764,0.622568093385214,2.236001176705154,,,,PRICE ONLY,,,,,ライフフーズ,"Life Foods Co.,Ltd.",スタンダード,,小売業,小売,False,True,6.855524079320113,35.0,35.34108258128926,BASE,False
7037,2026-10-08,799.0,7644755.0,74,-0.006218905472636815,-0.0521945432977462,-0.09101251422070533,0.3193612774451098,10.240636609481436,,,,PRICE ONLY,,,,,テノ．ホールディングス,teno.Holdings Company Limited,スタンダード,,サービス業,情報通信・サービスその他,False,True,23.08781869688385,35.0,35.3392945538563,BASE,False
1724,2026-10-08,725.0,2232665.0,74,0.0041551246537396835,0.053779069767441845,-0.010914051841746208,0.12578616352201258,12.728523231341976,,,,PRICE ONLY,,,,,シンクレイヤ,SYNCLAYER INC.,スタンダード,,建設業,建設・資材,False,True,8.186968838526912,35.0,35.318005642405424,BASE,False
8181,2026-10-08,997.0,3392180.0,74,0.0173469387755103,-0.03857280617164893,-0.05137963843958138,0.14760147601476015,13.918226537124873,,,,PRICE ONLY,,,,,東天紅,"Totenko Co.,Ltd.",スタンダード,,小売業,小売,False,True,12.464589235127479,35.0,35.31068892718517,BASE,False
7833,2026-10-08,677.0,3070935.0,74,-0.010233918128654929,0.044753086419753174,-0.015988372093023284,0.20920502092050208,12.563399103434817,,,,PRICE ONLY,,,,,アイフィスジャパン,IFIS JAPAN LTD.,スタンダード,,その他製品,情報通信・サービスその他,False,True,11.359773371104815,35.0,35.29431253107239,BASE,False
3489,2026-10-08,730.0,37310235.0,74,-0.10757946210268954,-0.0653008962868118,-0.16856492027334857,0.8041636901724666,18.350849940417145,,,,PRICE ONLY,,,,,フェイスネットワーク,"FaithNetwork Co.,Ltd",スタンダード,,不動産業,不動産,False,True,42.69121813031161,35.0,35.292060093855106,BASE,False
6161,2026-10-08,1030.0,4505090.0,74,-0.02738432483474973,0.0,-0.07623318385650224,0.7297605473204105,12.179599754198337,,,,PRICE ONLY,,,,,エスティック,ESTIC CORPORATION,スタンダード,,機械,機械,False,True,16.34560906515581,35.0,35.277246325496634,BASE,False
3352,2026-10-08,1782.0,1803050.5834960938,74,0.020136490651880834,0.10784328308144664,-0.01684903966265827,0.2843601895734597,14.804523911317608,,,,PRICE ONLY,,,,,バッファロー,"BUFFALO CO.,LTD.",スタンダード,,小売業,小売,False,True,6.175637393767705,35.0,35.27078479778164,BASE,False
5867,2026-10-08,1326.0,3017830.0,74,-0.0007535795026375469,0.1256366723259763,-0.041907514450867045,0.5803571428571429,22.402808096873816,,,,PRICE ONLY,,,,,エスネットワークス,"ES NETWORKS CO.,LTD.",グロース,,サービス業,情報通信・サービスその他,False,True,11.13314447592068,35.0,35.26736909258338,BASE,False
7325,2026-10-08,695.0,4286310.0,74,0.0,0.01017441860465107,-0.053133514986375974,0.1245136186770428,13.786536875976738,,,,PRICE ONLY,,,,,アイリックコーポレーション,IRRC Corporation,グロース,,保険業,金融（除く銀行）,False,True,15.495750708215297,35.0,35.265168047442984,BASE,False
6546,2026-10-08,1166.0,1275485.0,74,-0.005119453924914641,0.025505716798592815,-0.019343986543313707,0.7111111111111111,7.90249864266636,,,,PRICE ONLY,,,,,フルテック,Fulltech Co.Ltd.,スタンダード,,サービス業,情報通信・サービスその他,False,True,3.597733711048159,35.0,35.21560759524798,BASE,False
7061,2026-10-08,464.0,41721975.0,74,-0.016949152542372836,-0.19861830742659758,-0.21355932203389827,0.49827154607223745,40.28986721289476,,,,PRICE ONLY,,,,,日本ホスピスホールディングス,Japan Hospice Holdings Inc.,グロース,,サービス業,情報通信・サービスその他,False,True,44.22096317280453,35.0,35.21525800986357,BASE,False
7039,2026-10-08,1351.0,18814370.0,74,-0.005886681383370118,-0.23194997157475838,-0.23715415019762842,0.8596802841918295,11.24665071575603,,,,PRICE ONLY,,,,,ブリッジインターナショナルグループ,BRIDGE International Group Corp.,グロース,,サービス業,情報通信・サービスその他,False,True,34.022662889518415,35.0,35.185919324615504,BASE,False
7369,2026-10-08,382.0,6298715.0,74,-0.04260651629072687,0.12023460410557174,-0.04260651629072687,0.12537612838515547,24.19938556033372,,,,PRICE ONLY,,,,,メイホーホールディングス,"Meiho Holdings,Inc.",グロース,,サービス業,情報通信・サービスその他,False,True,20.679886685552407,35.0,35.18332785626551,BASE,False
9367,2026-10-08,2000.0,3643020.6188964844,74,-0.007299415134309317,0.055621879129361895,-0.035336454673060125,0.4904632152588556,20.176887548811823,,,,PRICE ONLY,,,,,大東港運,"DAITO KOUN CO.,LTD.",スタンダード,,倉庫･運輸関連業,運輸・物流,False,True,13.427762039660058,35.0,35.179709112166954,BASE,False
2904,2026-10-08,752.0,2608360.0,74,-0.003973509933774877,-0.00922266139657446,-0.028423772609819098,0.5657708628005658,2.2336657602339787,,,,PRICE ONLY,,,,,一正蒲鉾,"ICHIMASA KAMABOKO CO.,LTD.",スタンダード,,食料品,食品,False,True,9.518413597733712,35.0,35.175005044954354,BASE,False
7049,2026-10-08,760.0,11823610.0,74,-0.035532994923857864,-0.13734392735527812,-0.1451068616422947,0.7212292254625274,10.83255814599116,,,,PRICE ONLY,,,,,識学,"SHIKIGAKU.Co.,Ltd.",グロース,,サービス業,情報通信・サービスその他,False,True,28.668555240793204,35.0,35.167182579049594,BASE,False
5884,2026-10-08,611.0,7899455.0,74,-0.042319749216300995,0.1399253731343284,-0.08532934131736525,0.6218365871294288,25.03873537570973,,,,PRICE ONLY,,,,,クラダシ,"KURADASHI.Co.,Ltd.",グロース,,小売業,小売,False,True,23.427762039660056,35.0,35.1664870418978,BASE,False
9159,2026-10-08,1838.0,7550135.0,74,-0.07591754650578175,-0.022340425531914843,-0.10949612403100772,0.9266409266409267,14.544632969632346,,,,PRICE ONLY,,,,,Ｗ　ＴＯＫＹＯ,W TOKYO Inc.,グロース,,サービス業,情報通信・サービスその他,False,True,22.861189801699716,35.0,35.14785660769252,BASE,False
3474,2026-10-08,592.0,1241580.0,74,-0.02310231023102305,0.07832422586520948,-0.02471169686985175,0.8237986270022883,5.183214471300374,,,,PRICE ONLY,,,,,Ｇ−ＦＡＣＴＯＲＹ,"G-FACTORY CO.,LTD.",グロース,,不動産業,不動産,False,True,3.314447592067989,35.0,35.119194818428355,BASE,False
9731,2026-10-08,3345.0,4329750.0,74,-0.005943536404160454,-0.04017216642754662,-0.057367112699680756,0.5204460966542751,9.744546509739587,,,,PRICE ONLY,,,,,白洋舎,"Hakuyosha Company,Ltd.",スタンダード,,サービス業,情報通信・サービスその他,False,True,15.750708215297452,35.0,35.111096543205726,BASE,False
5337,2026-10-08,789.0,20446480.0,74,-0.04247572815533984,-0.10746606334841624,-0.14145810663764957,0.5433376455368694,40.948746928573215,,,,PRICE ONLY,,,,,ダントーホールディングス,DANTO HOLDINGS CORPORATION,スタンダード,,ガラス･土石製品,建設・資材,False,True,34.90084985835694,35.0,35.10824560610573,BASE,False
5533,2026-10-07,2053.0,3001892.4700927734,73,0.034351767804788214,0.02832643427963477,-0.06681818181818178,0.0,41.19528571995445,,,,PRICE ONLY,,,,,エリッツホールディングス,"Elitz Holdings Co.,Ltd.",スタンダード,,不動産業,不動産,False,True,11.019830028328611,35.0,35.10300713559612,BASE,False
2687,2026-10-08,487.0,4113920.0,74,-0.026000000000000023,0.014119493126325544,-0.027556657199196533,0.20100502512562815,7.95422401757276,,,,PRICE ONLY,,,,,シー・ヴイ・エス・ベイエリア,CVS Bay Area Inc.,スタンダード,,サービス業,情報通信・サービスその他,False,True,14.90084985835694,35.0,35.08600718412607,BASE,False
6166,2026-10-08,575.0,47651915.0,74,-0.16058394160583944,-0.25421530479896237,-0.3817204301075269,1.938518616668875,23.577688599691417,,,,PRICE ONLY,,,,,中村超硬,"NAKAMURA CHOUKOU CO.,LTD.",グロース,,機械,機械,False,True,45.69405099150142,35.0,35.0730203309315,BASE,False
7297,2026-10-08,851.0,3154254.1806030273,74,-0.0082964263052826,-0.004876771745399577,-0.02723912190487987,0.15286624203821655,12.346585944917488,,,,PRICE ONLY,,,,,カーメイト,"CAR MATE MFG. CO.,LTD.",スタンダード,,輸送用機器,自動車・輸送機,False,True,11.728045325779037,35.0,35.06874584420895,BASE,False
9063,2026-10-08,4050.0,3398000.0,74,-0.041420118343195256,0.015037593984962516,-0.06789413118527043,0.8433734939759037,7.164195025818923,,,,PRICE ONLY,,,,,岡山県貨物運送,"Okayamaken Freight Transportation CO.,LTD.",スタンダード,,陸運業,運輸・物流,False,True,12.521246458923512,35.0,35.05958545443132,BASE,False
8617,2026-10-08,598.0,3589805.0,74,-0.030794165316045397,0.07942238267148016,-0.07858243451463787,0.8183306055646481,20.097369205205943,,,,PRICE ONLY,,,,,光世証券,"The Kosei Securities Co.,Ltd.",スタンダード,,証券･商品先物取引業,金融（除く銀行）,False,True,13.257790368271955,35.0,35.05689017819047,BASE,False
5945,2026-10-08,2264.0,3577330.0,74,-0.01350762527233118,-0.0702258726899384,-0.10015898251192368,0.8333333333333334,15.505125874476308,,,,PRICE ONLY,,,,,天龍製鋸,"Tenryu Saw Mfg.Co.,Ltd.",スタンダード,,金属製品,建設・資材,False,True,13.201133144475921,35.0,35.03702048157139,BASE,False
3779,2026-10-08,118.0,2946815.0,74,-0.09230769230769231,-0.0852713178294574,-0.12592592592592589,1.4353244520842285,21.736195512718936,,,,PRICE ONLY,,,,,ジェイ・エスコムホールディングス,"J ESCOM HOLDINGS,INC.",スタンダード,,情報･通信業,情報通信・サービスその他,False,True,10.708215297450426,35.0,35.01256879214767,BASE,False
4880,2026-10-08,307.0,27592935.0,74,-0.10495626822157433,-0.037617554858934144,-0.14484679665738165,0.7389721243956306,24.905237325541346,,,,PRICE ONLY,,,,,セルソース,"CellSource Co.,Ltd.",スタンダード,,医薬品,医薬品,False,True,39.065155807365436,35.0,34.993014284196505,BASE,False
6635,2026-10-08,650.0,10552445.0,74,-0.02985074626865669,-0.04552129221732748,-0.10193118190126871,0.3455592603819339,17.940706952784915,,,,PRICE ONLY,,,,,大日光・エンジニアリング,KK DI-NIKKO ENGINEERING,スタンダード,,電気機器,電機・精密,False,True,27.1671388101983,35.0,34.990067335323054,BASE,False
3317,2026-10-08,1499.0,1513795.0,74,0.00671591672263272,0.07071428571428573,-0.0026613439787092075,0.38461538461538464,6.893041543113424,,,,PRICE ONLY,,,,,フライングガーデン,"FLYING GARDEN CO.,LTD.",スタンダード,,小売業,小売,False,True,4.759206798866856,35.0,34.9884648252413,BASE,False
5580,2026-10-08,1629.0,1638795.0,74,0.04156010230179019,-0.04063604240282681,-0.0786199095022625,0.6694560669456067,21.319918426635233,,,,PRICE ONLY,,,,,プロディライト,"Prodelight Co.,Ltd.",グロース,,情報･通信業,情報通信・サービスその他,False,True,5.410764872521247,35.0,34.974487964712814,BASE,False
7126,2026-10-08,1449.0,2890250.0,74,0.003462603878116255,-0.0170486487802467,-0.03656914893617025,0.4728132387706856,14.884398787221798,,,,PRICE ONLY,,,,,グローバルスタイル,"Global Style Co.,Ltd.",スタンダード,,小売業,小売,False,True,10.538243626062323,35.0,34.93072637489378,BASE,False
3267,2026-10-08,616.0,11521420.0,74,-0.04049844236760125,-0.16190476190476188,-0.17092866756393,0.8482261936516404,25.298850482524127,,,,PRICE ONLY,,,,,フィル・カンパニー,"Phil Company,Inc.",スタンダード,,建設業,建設・資材,False,True,28.300283286118983,35.0,34.93072203789878,BASE,False
9906,2026-10-08,4040.0,11681005.260009766,74,-0.06665768736204614,-0.016237002378342025,-0.0729926214025598,0.47101449275362317,22.15827361210419,,,,PRICE ONLY,,,,,藤井産業,Fujii Sangyo Corporation,スタンダード,,卸売業,商社・卸売,False,True,28.47025495750708,35.0,34.929241514933786,BASE,False
3647,2026-10-08,113.0,7807435.0,74,-0.025862068965517238,-0.10317460317460314,-0.16911764705882348,0.9095466590274296,16.046085767706618,,,,PRICE ONLY,,,,,アスリナ,"ASULINA Co.,Ltd.",スタンダード,,情報･通信業,情報通信・サービスその他,False,True,23.342776203966007,35.0,34.908700407032285,BASE,False
3976,2026-10-08,483.0,21004465.0,74,-0.17996604414261463,-0.1785714285714286,-0.33653846153846156,3.998177122892298,44.605296958827026,,,,PRICE ONLY,,,,,シャノン,SHANON Inc.,グロース,,情報･通信業,情報通信・サービスその他,False,True,35.32577903682719,35.0,34.87765580736544,BASE,False
9849,2026-10-08,4470.0,1325500.0,74,-0.011061946902654829,0.0,-0.01650165016501648,0.6666666666666666,6.893837779778904,,,,PRICE ONLY,,,,,共同紙販ホールディングス,KYODO PAPER HOLDINGS,スタンダード,,卸売業,商社・卸売,False,True,3.9093484419263453,35.0,34.870267561042326,BASE,False
3931,2026-10-08,1450.0,1778485.0,74,-0.04037061548643284,-0.23804519180241723,-0.27135678391959794,2.9019607843137254,5.9871550491258825,,,,PRICE ONLY,,,,,バリューゴルフ,VALUE GOLF Inc.,グロース,,情報･通信業,情報通信・サービスその他,False,True,5.8923512747875355,35.0,34.868096532321445,BASE,False
3477,2026-10-08,875.0,4020027.9989624023,74,-0.023070154684193267,0.04359096038831245,-0.03581267217630857,0.47109207708779444,14.967027058912096,,,,PRICE ONLY,,,,,フォーライフ,"FORLIFE Co.,Ltd.",グロース,,不動産業,不動産,False,True,14.645892351274787,35.0,34.86714703535259,BASE,False
3948,2026-10-08,1174.0,1996235.0,74,-0.0008510638297872797,0.029824561403508865,-0.013445378151260456,0.2976190476190476,4.347833942620036,,,,PRICE ONLY,,,,,光ビジネスフォーム,"HIKARI BUSINESS FORM CO.,LTD.",スタンダード,,パルプ・紙,素材・化学,False,True,7.167138810198301,35.0,34.860130783673846,BASE,False
5939,2026-10-08,4640.0,6789250.0,74,-0.023157894736842155,-0.0663983903420523,-0.07936507936507942,0.13114754098360656,11.018570216653798,,,,PRICE ONLY,,,,,大谷工業,"OTANI KOGYO CO.,LTD.",スタンダード,,金属製品,建設・資材,False,True,21.61473087818697,35.0,34.84245327672344,BASE,False
6230,2026-10-08,2130.0,2021119.3273925781,74,0.0012826362996172236,-0.05132419114178666,-0.06362331651439757,0.7253886010362695,9.316519706990393,,,,PRICE ONLY,,,,,ＳＡＮＥＩ,SANEI LTD.,スタンダード,,機械,機械,False,True,7.308781869688385,35.0,34.83342250535319,BASE,False
3816,2026-10-08,1097.0,862380.0,74,-0.020535714285714324,-0.023267253933641374,-0.05431034482758623,0.966183574879227,14.987408998563598,,,,PRICE ONLY,,,,,大和コンピューター,"DAIWA COMPUTER CO.,LTD.",スタンダード,,情報･通信業,情報通信・サービスその他,False,True,1.501416430594901,35.0,34.831863088621354,BASE,False
6580,2026-10-08,823.0,11504090.0,74,-0.05510907003444321,-0.027186761229314405,-0.15848670756646221,0.849304772641864,22.080824382781973,,,,PRICE ONLY,,,,,ライトアップ,"Writeup Co.,Ltd.",グロース,,サービス業,情報通信・サービスその他,False,True,28.243626062322946,35.0,34.83000901393847,BASE,False
4929,2026-10-08,739.0,1672635.0,74,-0.0040431266846361336,0.0027137042062415073,-0.014666666666666717,0.5676855895196506,5.301041614632373,,,,PRICE ONLY,,,,,アジュバンホールディングス,"ADJUVANT HOLDINGS CO.,LTD.",スタンダード,,化学,素材・化学,False,True,5.495750708215297,35.0,34.82795639496749,BASE,False
5446,2026-10-08,1060.0,24961035.0,74,-0.04932735426008972,-0.07017543859649122,-0.15200000000000002,0.21422450728363324,15.09834626829658,,,,PRICE ONLY,,,,,北越メタル,"HOKUETSU METAL Co.,Ltd.",スタンダード,,鉄鋼,鉄鋼・非鉄,False,True,37.70538243626062,35.0,34.80271005547762,BASE,False
5283,2026-10-08,3170.0,2121350.0,74,-0.0015748031496063408,0.07603530210454856,-0.018575851393188847,0.4444444444444444,21.408076267320933,,,,PRICE ONLY,,,,,高見澤,"TAKAMISAWA CO.,LTD.",スタンダード,,卸売業,商社・卸売,False,True,7.790368271954675,35.0,34.7932223761258,BASE,False
4750,2026-10-08,557.0,3003485.0,74,-0.007130124777183555,0.0,-0.03298611111111116,0.43956043956043955,10.794214599546363,,,,PRICE ONLY,,,,,ダイサン,"DAISAN CO.,LTD.",スタンダード,,サービス業,情報通信・サービスその他,False,True,11.048158640226628,35.0,34.78597883885935,BASE,False
8147,2026-10-08,1424.0,1955620.0,74,0.01786990707648317,0.048600883652430094,-0.03457627118644069,0.06060606060606061,20.102973929187584,,,,PRICE ONLY,,,,,トミタ,TOMITA CO.LTD.,スタンダード,,卸売業,商社・卸売,False,True,6.997167138810198,35.0,34.781244285396426,BASE,False
9253,2026-10-08,722.0,3425680.0,74,-0.01500682128240105,0.016901408450704203,-0.13325330132052826,0.9824561403508771,46.778915415798274,,,,PRICE ONLY,,,,,スローガン,Slogan Inc.,グロース,,サービス業,情報通信・サービスその他,False,True,12.577903682719546,35.0,34.779560268664554,BASE,False
3358,2026-10-08,92.0,5694269.488220215,74,-0.021276595744680882,-0.021276595744680882,-0.07021280368996463,0.4244116473873155,23.915217526897948,,,,PRICE ONLY,,,,,Ｔｒａｉｌｈｅａｄ　Ｇｌｏｂａｌ　Ｈｏｌｄｉｎｇｓ,"Trailhead Global Holdings,Inc.",スタンダード,,小売業,小売,False,True,19.490084985835693,35.0,34.77947473742566,BASE,False
7110,2026-10-08,1812.0,17064260.0,74,-0.11263467189030363,-0.08061459243289637,-0.12251815980629543,0.8217592592592593,28.833992282487852,,,,PRICE ONLY,,,,,クラシコム,Kurashicom Inc.,グロース,,小売業,小売,False,True,32.8328611898017,35.0,34.760890736411824,BASE,False
4736,2026-10-08,606.0,1633000.0,74,0.04123711340206193,0.025380710659898442,-0.050156739811912265,0.10676156583629894,25.587275083812333,,,,PRICE ONLY,,,,,日本ラッド,Nippon RAD Inc.,スタンダード,,情報･通信業,情報通信・サービスその他,False,True,5.382436260623229,35.0,34.753094239165335,BASE,False
2375,2026-10-08,207.0,20989895.0,74,-0.0717488789237668,0.019704433497536922,-0.11538461538461542,0.15477996965098634,60.139116725021424,,,,PRICE ONLY,,,,,ギグワークス,GiG Works Inc.,スタンダード,,サービス業,情報通信・サービスその他,False,True,35.26912181303116,35.0,34.7367199423628,BASE,False
9904,2026-10-08,228.0,3206805.0,74,-0.07317073170731703,0.0,-0.11969111969111967,1.2318029115341544,12.641371812381896,,,,PRICE ONLY,,,,,ベリテ,"Verite Co.,Ltd.",スタンダード,,小売業,小売,False,True,11.813031161473088,35.0,34.735477260691006,BASE,False
8225,2026-10-08,3715.0,860375.0,74,0.03194444444444455,0.09911242603550297,-0.01719576719576721,0.4166666666666667,14.920025775043424,,,,PRICE ONLY,,,,,タカチホ,"Takachiho Co.,Ltd.",スタンダード,,卸売業,商社・卸売,False,True,1.4730878186968839,35.0,34.72385036797219,BASE,False
2134,2026-10-08,17.0,39927205.0,74,-0.19047619047619047,-0.37037037037037035,-0.3928571428571429,3.7277283888803074,70.20827241027568,,,,PRICE ONLY,,,,,北浜キャピタルパートナーズ,"Kitahama Capital Partners Co.,Ltd.",スタンダード,,サービス業,情報通信・サービスその他,False,True,43.68271954674221,35.0,34.7186867664913,BASE,False
9346,2026-10-08,1830.0,5125020.0,74,-0.0368421052631579,0.14303560274828242,-0.046378322042730624,0.2782071097372488,15.323236935521765,,,,PRICE ONLY,,,,,ココルポート,"Cocorport,Inc.",グロース,,サービス業,情報通信・サービスその他,False,True,17.960339943342778,35.0,34.71447177040011,BASE,False
7284,2026-10-08,1172.0,2166315.965576172,74,0.030083822714015662,-0.026072109233839846,-0.05528223434196455,0.43010752688172044,9.182023180730742,,,,PRICE ONLY,,,,,盟和産業,"MEIWA INDUSTRY CO.,LTD.",スタンダード,,輸送用機器,自動車・輸送機,False,True,7.932011331444759,35.0,34.71403214322707,BASE,False
3113,2026-10-08,79.0,12423040.0,74,-0.059523809523809534,0.06756756756756754,-0.09195402298850575,0.28240073384877473,28.568371429187746,,,,PRICE ONLY,,,,,ＵＮＩＶＡ・Ｏａｋホールディングス,UNIVA Oak Holdings Limited,スタンダード,,証券･商品先物取引業,金融（除く銀行）,False,True,29.23512747875354,35.0,34.710560564950796,BASE,False
2464,2026-10-08,368.0,3080425.0,74,-0.016042780748663055,0.14641744548286595,-0.02902374670184693,0.17783046828689983,20.52564751829106,,,,PRICE ONLY,,,,,Ａｏｂａ‐ＢＢＴ,"Aoba-BBT,Inc.",スタンダード,,サービス業,情報通信・サービスその他,False,True,11.41643059490085,35.0,34.68283329693027,BASE,False
4925,2026-10-08,1688.0,4296580.0,74,-0.029327199539965543,-0.03155479059093513,-0.040909090909090895,0.3106796116504854,11.98379319306095,,,,PRICE ONLY,,,,,ハーバー研究所,"HABA LABORATORIES,INC.",スタンダード,,化学,素材・化学,False,True,15.609065155807366,35.0,34.67962073524578,BASE,False
7486,2026-10-08,817.0,2522680.0,74,0.007398273736128225,0.07783641160949872,-0.04107981220657275,0.12345679012345678,28.12863100772885,,,,PRICE ONLY,,,,,サンリン,"SANRIN CO.,LTD.",スタンダード,,卸売業,商社・卸売,False,True,9.320113314447593,35.0,34.67544100855744,BASE,False
2480,2026-10-08,1720.0,4309220.0,74,-0.022727272727272707,0.014150943396226356,-0.09568874868559407,0.7296137339055794,43.93689544088314,,,,PRICE ONLY,,,,,システム・ロケーション,"System Location Co.,Ltd.",スタンダード,,情報･通信業,情報通信・サービスその他,False,True,15.6657223796034,35.0,34.66765473331243,BASE,False
9206,2026-10-08,1900.0,3224475.0,74,-0.030612244897959218,-0.015544041450777257,-0.050000000000000044,0.6606606606606606,21.129892636910864,,,,PRICE ONLY,,,,,スターフライヤー,Star Flyer Inc.,スタンダード,,空運業,運輸・物流,False,True,11.869688385269122,35.0,34.663303208766294,BASE,False
9818,2026-10-08,1545.0,1816174.1119384766,74,0.006514657980456029,0.040065135551698106,-0.021882343867479226,0.3389830508474576,18.227971009049547,,,,PRICE ONLY,,,,,大丸エナウィン,"DAIMARU ENAWIN Co.,Ltd.",スタンダード,,卸売業,商社・卸売,False,True,6.260623229461756,35.0,34.65716531524348,BASE,False
7808,2026-10-08,2650.0,5894310.0,74,-0.04538904899135443,0.027131782945736482,-0.05221745350500717,0.13303769401330376,18.100716581069626,,,,PRICE ONLY,,,,,シー・エス・ランバー,"C.S. LUMBER CO.,INC",スタンダード,,その他製品,情報通信・サービスその他,False,True,20.056657223796034,35.0,34.65092538328575,BASE,False
6558,2026-10-08,671.0,636030.0,74,0.0014925373134329067,0.02442748091603053,-0.05625879043600568,0.8556149732620321,20.9934157145259,,,,PRICE ONLY,,,,,クックビズ,"Cookbiz Co.,Ltd.",グロース,,サービス業,情報通信・サービスその他,False,True,0.764872521246459,35.0,34.63936015423892,BASE,False
2894,2026-10-08,360.0,2119550.0,74,-0.013698630136986356,0.0843373493975903,-0.034852546916890104,0.6192468619246861,18.093741145831924,,,,PRICE ONLY,,,,,石井食品,"Ishii Food Co.,Ltd.",スタンダード,,食料品,食品,False,True,7.762039660056658,35.0,34.63786906058506,BASE,False
6518,2026-10-08,1716.0,17881685.0,74,-0.018867924528301883,-0.12804878048780488,-0.1886524822695036,0.6264831514000949,28.53358618558495,,,,PRICE ONLY,,,,,三相電機,"SANSO ELECTRIC CO.,LTD.",スタンダード,,電気機器,電機・精密,False,True,33.399433427762034,35.0,34.63785889444287,BASE,False
4124,2026-10-08,2872.0,3387390.6616210938,74,-0.026868404222819553,0.06722483541255553,-0.06510416666666663,0.6956521739130435,24.18779839494837,,,,PRICE ONLY,,,,,大阪油化工業,OSAKA YUKA INDUSTRY LTD.,スタンダード,,化学,素材・化学,False,True,12.379603399433428,35.0,34.63603780166744,BASE,False
2425,2026-10-08,678.0,1390780.0,74,0.016491754122938573,0.051162790697674376,-0.020231213872832332,0.09195402298850575,17.608720837152983,,,,PRICE ONLY,,,,,ケアサービス,"Care Service Co.,Ltd.",スタンダード,,サービス業,情報通信・サービスその他,False,True,4.135977337110481,35.0,34.627969729341515,BASE,False
9223,2026-10-07,386.0,30524104.20730591,73,-0.11017879862212043,-0.03231944690538335,-0.15115741640206704,0.702177554438861,98.9646169608137,,,,PRICE ONLY,,,,,ＡＳＮＯＶＡ,"ASNOVA Co.,Ltd.",グロース,,サービス業,情報通信・サービスその他,False,True,40.36827195467422,35.0,34.624187053749274,BASE,False
5936,2026-10-08,880.0,6436525.0,74,-0.04761904761904767,-0.051724137931034475,-0.05680600214362275,0.2853437094682231,9.560821168866214,,,,PRICE ONLY,,,,,東洋シヤッター,"TOYO SHUTTER CO.,LTD.",スタンダード,,金属製品,建設・資材,False,True,20.991501416430594,35.0,34.61230929525103,BASE,False
7643,2026-10-08,1627.0,7015320.453491211,74,-0.048479799661080625,-0.03622365590589216,-0.06256838172511148,0.1871345029239766,15.515269832333983,,,,PRICE ONLY,,,,,ダイイチ,"DAIICHI CO.,LTD.",スタンダード,,小売業,小売,False,True,22.011331444759207,35.0,34.59948646593438,BASE,False
7218,2026-10-08,1135.0,2647501.1364746094,74,-0.011349166981670211,0.13924651635745033,-0.02556830984218006,0.035523978685612786,21.112438784308953,,,,PRICE ONLY,,,,,田中精密工業,"TANAKA SEIMITSU KOGYO CO.,LTD.",スタンダード,,輸送用機器,自動車・輸送機,False,True,9.631728045325778,35.0,34.59911838553704,BASE,False
7096,2026-10-08,748.0,3299045.0,74,-0.01708278580814715,-0.01708278580814715,-0.03483870967741931,0.272108843537415,15.698215662988074,,,,PRICE ONLY,,,,,ステムセル研究所,StemCell Institute,グロース,,サービス業,情報通信・サービスその他,False,True,12.096317280453258,35.0,34.59416702100948,BASE,False
3280,2026-10-08,929.0,3870550.0,74,-0.012752391073326264,-0.046146719354589694,-0.06221756215219154,0.5485232067510548,7.505603876171127,,,,PRICE ONLY,,,,,エストラスト,"STrust Co.,Ltd.",スタンダード,,不動産業,不動産,False,True,14.164305949008499,35.0,34.58991077091989,BASE,False
9853,2026-10-08,905.0,1592685.0,74,-0.0033039647577092213,0.0011061946902655162,-0.007675438596491224,0.16304347826086957,2.726467256712775,,,,PRICE ONLY,,,,,銀座ルノアール,"GINZA RENOIR CO.,LTD.",スタンダード,,小売業,小売,False,True,5.2974504249291785,35.0,34.58961668176413,BASE,False
6548,2026-10-08,121.0,14913250.0,74,-0.07633587786259544,0.24742268041237114,-0.09022556390977443,0.05725575581629773,55.58925263031236,,,,PRICE ONLY,,,,,旅工房,TABIKOBO Co.Ltd.,グロース,,サービス業,情報通信・サービスその他,False,True,31.1614730878187,35.0,34.57559083520708,BASE,False
1718,2026-10-08,2302.0,6288705.0390625,74,-0.03141658295519789,-0.004899100440265758,-0.07302010385054347,0.38338658146964855,13.6170098570182,,,,PRICE ONLY,,,,,美樹工業,"MIKIKOGYO CO.,LTD.",スタンダード,,建設業,建設・資材,False,True,20.651558073654392,35.0,34.57287539541,BASE,False
9845,2026-10-08,1318.0,15439262.53112793,74,-0.03713988241877553,-0.07618369072669318,-0.1723197311452086,0.6787130894667255,28.19602124382044,,,,PRICE ONLY,,,,,パーカーコーポレーション,PARKER CORPORATION,スタンダード,,化学,素材・化学,False,True,31.671388101983,35.0,34.544796700264136,BASE,False
9816,2026-10-08,246.0,4294655.0,74,-0.02766798418972327,0.029288702928870203,-0.05384615384615388,0.5342687533729088,29.66307034123358,,,,PRICE ONLY,,,,,ストライダーズ,Striders Corporation,スタンダード,,不動産業,不動産,False,True,15.55240793201133,35.0,34.53318048428829,BASE,False
3600,2026-10-08,1769.0,337985.0,74,0.02848837209302335,0.039365452408930635,-0.01722222222222225,0.5263157894736842,17.03647820007178,,,,PRICE ONLY,,,,,フジックス,FUJIX Ltd.,スタンダード,,繊維製品,素材・化学,False,True,0.22662889518413595,35.0,34.53064348220949,BASE,False
6334,2026-10-08,476.0,1165940.0,74,-0.04417670682730923,0.00421940928270037,-0.08461538461538465,1.1440677966101696,25.38269765552012,,,,PRICE ONLY,,,,,明治機械,"Meiji Machine Co.,Ltd.",スタンダード,,機械,機械,False,True,2.917847025495751,35.0,34.50558191032587,BASE,False
3089,2026-10-08,1005.0,11659275.0,74,-0.06771799628942488,-0.014705882352941124,-0.18820678513731826,1.004107713372889,31.558998665162203,,,,PRICE ONLY,,,,,テクノアルファ,"Techno Alpha Co.,Ltd.",スタンダード,,卸売業,商社・卸売,False,True,28.41359773371105,35.0,34.49781438900882,BASE,False
9361,2026-10-07,1991.0,221030.0,73,-0.016790123456790096,-0.023540951446787695,-0.04918815663801335,0.9090909090909091,11.656009885103119,,,,PRICE ONLY,,,,,伏木海陸運送,"FUSHIKI KAIRIKU UNSO CO.,LTD.",スタンダード,,倉庫･運輸関連業,運輸・物流,False,True,0.16997167138810199,35.0,34.47984773801068,BASE,False
4491,2026-10-08,2967.0,14295430.0,74,-0.11958456973293774,-0.05958795562599051,-0.12088888888888893,0.8666666666666667,36.23274999771201,,,,PRICE ONLY,,,,,コンピューターマネージメント,"Computer Management Co.,Ltd.",スタンダード,,情報･通信業,情報通信・サービスその他,False,True,30.821529745042493,35.0,34.472676256577614,BASE,False
1793,2026-10-08,2013.0,5528045.0,74,-0.03545759463344511,0.021827411167512745,-0.06284916201117319,0.22140221402214022,11.8769641707009,,,,PRICE ONLY,,,,,大本組,"OHMOTO GUMI CO.,LTD.",スタンダード,,建設業,建設・資材,False,True,19.093484419263458,35.0,34.453267302485735,BASE,False
3674,2026-10-08,327.0,4126920.0,74,-0.03254437869822491,0.02507836990595602,-0.057636887608069176,0.5812525583299222,12.234548876015742,,,,PRICE ONLY,,,,,オークファン,"Aucfan Co.,Ltd.",グロース,,情報･通信業,情報通信・サービスその他,False,True,15.01416430594901,35.0,34.448367609330745,BASE,False
9835,2026-10-08,511.0,1206700.0,74,0.0019607843137254832,-0.005836575875486361,-0.009689922480620172,0.5241935483870968,3.984242774347175,,,,PRICE ONLY,,,,,ジュンテンドー,"JUNTENDO CO.,LTD.",スタンダード,,小売業,小売,False,True,3.1444759206798865,35.0,34.43534705970992,BASE,False
6955,2026-10-08,400.0,16102360.0,74,-0.03614457831325302,-0.06976744186046513,-0.2660550458715596,1.097194388777555,22.789598265620143,,,,PRICE ONLY,,,,,ＦＤＫ,FDK CORPORATION,スタンダード,,電気機器,電機・精密,False,True,32.124645892351275,35.0,34.41305057065959,BASE,False
7129,2026-10-08,1108.0,3453068.0114746094,74,-0.04961535368697567,-0.019681992739797982,-0.06546833372389116,0.7705192629815746,13.481974692971377,,,,PRICE ONLY,,,,,ミアヘルサホールディングス,Miahelsa Holdings Corporation,スタンダード,,小売業,小売,False,True,12.662889518413598,35.0,34.40007811302759,BASE,False
3439,2026-10-07,687.0,897640.0,73,0.01928783382789323,0.01928783382789323,-0.015759312320916874,0.07380073800738007,10.639482302747185,,,,PRICE ONLY,,,,,三ツ知,Mitsuchi Corporation,スタンダード,,金属製品,建設・資材,False,True,1.7280453257790367,35.0,34.38758571739663,BASE,False
7072,2026-10-08,1094.0,4899245.0,74,-0.031000885739592587,0.1129196337741607,-0.09211618257261411,0.6598407281001137,29.38041736078143,,,,PRICE ONLY,,,,,インティメート・マージャー,"Intimate Merger,Inc.",グロース,,サービス業,情報通信・サービスその他,False,True,17.36543909348442,35.0,34.37488637087308,BASE,False
7494,2026-10-08,227.0,6787855.676116943,74,-0.05375601059775903,-0.0007336980889123268,-0.06141788518787361,0.39215686274509803,8.05128257353319,,,,PRICE ONLY,,,,,コナカ,"KONAKA CO.,LTD.",スタンダード,,小売業,小売,False,True,21.58640226628895,35.0,34.37099310701444,BASE,False
7615,2026-10-08,93.0,9344550.0,74,-0.06060606060606055,-0.04123711340206182,-0.10576923076923073,0.6331785563528916,19.35217798083512,,,,PRICE ONLY,,,,,京都きもの友禅ホールディングス,"KYOTO KIMONO YUZEN HOLDINGS Co.,Ltd.",スタンダード,,小売業,小売,False,True,25.524079320113312,35.0,34.37010797131034,BASE,False
4934,2026-10-08,578.0,7101200.0,74,-0.031825795644891075,-0.08544303797468356,-0.08832807570977919,0.17135862913096694,12.844249685849777,,,,PRICE ONLY,,,,,プレミアアンチエイジング,"Premier Anti-Aging Co.,Ltd.",グロース,,化学,素材・化学,False,True,22.18130311614731,35.0,34.36728516912252,BASE,False
7043,2026-10-08,940.0,1771065.0,74,-0.005291005291005346,0.014023732470334505,-0.015706806282722474,0.10443864229765012,10.593063490385184,,,,PRICE ONLY,,,,,アルー,"Alue Co.,Ltd.",グロース,,サービス業,情報通信・サービスその他,False,True,5.807365439093484,35.0,34.36245313079575,BASE,False
3096,2026-10-08,1502.0,7306279.57824707,74,-0.061807094984415945,-0.05061007047210153,-0.0845374011420158,0.6229860365198711,12.453620025282236,,,,PRICE ONLY,,,,,オーシャンシステム,OCEAN SYSTEM CORPORATION,スタンダード,,小売業,小売,False,True,22.492917847025495,35.0,34.344781685813516,BASE,False
9778,2026-10-08,5580.0,1921500.0,74,0.014545454545454639,-0.02447552447552448,-0.05902192242833049,0.5714285714285714,18.505154653505894,,,,PRICE ONLY,,,,,昴,"SUBARU CO.,LTD.",スタンダード,,サービス業,情報通信・サービスその他,False,True,6.88385269121813,35.0,34.3263069770718,BASE,False
9362,2026-10-08,3700.0,2546275.0,74,-0.01464713715046606,0.06017191977077374,-0.06329113924050633,0.6666666666666666,24.755819674179648,,,,PRICE ONLY,,,,,兵機海運,"HYOKI KAIUN KAISHA,LTD.",スタンダード,,倉庫･運輸関連業,運輸・物流,False,True,9.34844192634561,35.0,34.31450705447637,BASE,False
8123,2026-10-07,1420.0,1249850.0,73,-0.002808988764044895,0.06526631657914472,-0.01730103806228378,0.5586592178770949,16.3714829105413,,,,PRICE ONLY,,,,,川辺,"T.KAWABE & CO.,LTD.",スタンダード,,卸売業,商社・卸売,False,True,3.39943342776204,35.0,34.305213357703465,BASE,False
9330,2026-10-08,884.0,2380640.0,74,-0.001129943502824804,0.019607843137254832,-0.041214750542299394,0.2962962962962963,16.17008973922535,,,,PRICE ONLY,,,,,揚羽,AGEHA Inc.,グロース,,サービス業,情報通信・サービスその他,False,True,8.838526912181303,35.0,34.28234221257183,BASE,False
2747,2026-10-07,3160.0,1127650.0,73,0.004769475357710551,0.02100161550888524,-0.018633540372670843,0.5405405405405406,13.518944297627211,,,,PRICE ONLY,,,,,北雄ラッキー,"Hokuyu Lucky Co.,Ltd.",スタンダード,,小売業,小売,False,True,2.7478753541076486,35.0,34.27063729124436,BASE,False
7551,2026-10-08,643.0,26898370.744934082,74,-0.10255569738351267,-0.053059492809573894,-0.12188160131124548,0.5124263387138099,12.761752681732572,,,,PRICE ONLY,,,,,ウェッズ,"WEDS CO.,LTD.",スタンダード,,輸送用機器,自動車・輸送機,False,True,38.8385269121813,35.0,34.2660574019067,BASE,False
6092,2026-10-08,758.0,15005120.0,74,-0.09330143540669855,0.06311360448807846,-0.1577777777777778,0.8657786885245902,23.114359579468598,,,,PRICE ONLY,,,,,エンバイオ・ホールディングス,"EnBio Holdings,Inc",スタンダード,,サービス業,情報通信・サービスその他,False,True,31.246458923512748,35.0,34.253989383144756,BASE,False
2293,2026-10-08,2652.0,3322150.0,74,-0.021402214022140265,-0.023204419889502725,-0.041214750542299394,0.3968253968253968,5.810295397864106,,,,PRICE ONLY,,,,,滝沢ハム,"TAKIZAWA HAM CO.,LTD.",スタンダード,,食料品,食品,False,True,12.124645892351275,35.0,34.24451673365786,BASE,False
9017,2026-10-08,1980.0,1975260.0,74,-0.012468827930174564,-0.0030211480362537513,-0.01980198019801982,0.29411764705882354,4.488114909518838,,,,PRICE ONLY,,,,,新潟交通,"Niigata Kotsu Co.,Ltd.",スタンダード,,陸運業,運輸・物流,False,True,7.0821529745042495,35.0,34.23822070943065,BASE,False
4893,2026-10-08,100.0,21737430.0,74,-0.31506849315068497,-0.22480620155038755,-0.3589743589743589,3.9833092601508584,45.331164544884636,,,,PRICE ONLY,,,,,ノイルイミューン・バイオテック,Noile-Immune Biotech Inc.,グロース,,医薬品,医薬品,False,True,35.75070821529745,35.0,34.23347497639283,BASE,False
3667,2026-10-08,26.0,5557075.0,74,-0.03703703703703709,-0.1333333333333333,-0.1875,1.0799839631151649,49.78558523663745,,,,PRICE ONLY,,,,,ｅｎｉｓｈ,"enish,inc.",スタンダード,,情報･通信業,情報通信・サービスその他,False,True,19.178470254957507,35.0,34.23151967810847,BASE,False
3024,2026-10-08,1156.0,2777472.1166992188,74,0.00820310998699969,0.10674925294046766,-0.062449310624493104,0.1271186440677966,35.343843314935455,,,,PRICE ONLY,,,,,クリエイト,CREATE CORPORATION,スタンダード,,卸売業,商社・卸売,False,True,10.198300283286118,35.0,34.1841640894869,BASE,False
3848,2026-10-08,837.0,1954495.0,74,-0.007117437722419906,0.025735294117646967,-0.02674418604651163,0.21008403361344538,15.482837020221229,,,,PRICE ONLY,,,,,データ・アプリケーション,"Data Applications Company,Limited",スタンダード,,情報･通信業,情報通信・サービスその他,False,True,6.968838526912181,35.0,34.1734123655307,BASE,False
5138,2026-10-08,450.0,413030.0,74,-0.025974025974025983,-0.004424778761061954,-0.05063291139240511,0.9090909090909091,23.61091293026103,,,,PRICE ONLY,,,,,Ｒｅｂａｓｅ,"Rebase,Inc.",グロース,,情報･通信業,情報通信・サービスその他,False,True,0.28328611898017,35.0,34.140679440277566,BASE,False
9955,2026-10-08,2687.0,5266895.0,74,-0.045470692717584416,-0.009218289085545672,-0.05686205686205681,0.47745358090185674,17.105005768274573,,,,PRICE ONLY,,,,,ヨンキュウ,"THE YONKYU CO.,LTD.",スタンダード,,卸売業,商社・卸売,False,True,18.271954674220964,35.0,34.140236050795885,BASE,False
8946,2026-10-08,72.0,4772055.0,74,-0.052631578947368474,-0.052631578947368474,-0.1325301204819277,0.9429204554137693,22.114113067502604,,,,PRICE ONLY,,,,,ＡＳＩＡＮ　ＳＴＡＲ,ASIAN STAR CO.,スタンダード,,不動産業,不動産,False,True,17.025495750708217,35.0,34.139019135232445,BASE,False
3719,2026-10-08,91.0,35110240.0,74,-0.20869565217391306,-0.4647058823529412,-0.5159574468085106,5.131031380047239,58.04204937127413,,,,PRICE ONLY,,,,,ＡＩストーム,"AI storm Co.,Ltd.",スタンダード,,情報･通信業,情報通信・サービスその他,False,True,41.89801699716714,35.0,34.12960339943343,BASE,False
5355,2026-10-08,660.0,2344535.0,74,-0.010494752623688153,-0.02941176470588236,-0.03508771929824561,0.3689064558629776,3.40755849358624,,,,PRICE ONLY,,,,,日本坩堝,"Nippon Crucible Co.,Ltd.",スタンダード,,ガラス･土石製品,建設・資材,False,True,8.640226628895183,35.0,34.12073150148817,BASE,False
6063,2026-10-08,1001.0,951600.0,74,0.021428571428571352,0.005020080321285203,-0.027210884353741527,0.27522935779816515,12.154737035624203,,,,PRICE ONLY,,,,,日本エマージェンシーアシスタンス,"Emergency Assistance Japan Co., Ltd.",スタンダード,,サービス業,情報通信・サービスその他,False,True,1.8130311614730876,35.0,34.10580351120618,BASE,False
2138,2026-10-08,412.0,18597700.0,74,-0.0803571428571429,-0.0484988452655889,-0.11777301927194861,0.05231607629427793,28.012572059523215,,,,PRICE ONLY,,,,,クルーズ,"CROOZ,Inc.",スタンダード,,情報･通信業,情報通信・サービスその他,False,True,33.90934844192635,35.0,34.09200166408775,BASE,False
3963,2026-10-08,309.0,22459020.0,74,-0.06927710843373491,-0.05214723926380371,-0.17158176943699732,0.635519240170403,26.813754953998743,,,,PRICE ONLY,,,,,シンクロ・フード,"Synchro Food Co.,Ltd.",プライム,,情報･通信業,情報通信・サービスその他,False,True,36.23229461756374,35.0,34.09115501450402,BASE,False
5619,2026-10-08,835.0,491100.0,74,-0.025670945157526215,0.019536019536019467,-0.07734806629834257,1.0256410256410255,22.27389845535649,,,,PRICE ONLY,,,,,マーソ,"MRSO.,Inc",グロース,,情報･通信業,情報通信・サービスその他,False,True,0.424929178470255,35.0,34.08815763701338,BASE,False
2877,2026-10-08,750.0,1365490.0,74,-0.0013315579227696217,0.010781671159029615,-0.017038007863695914,0.16216216216216217,9.11047022604169,,,,PRICE ONLY,,,,,日東ベスト,NittoBest Corporation,スタンダード,,食料品,食品,False,True,3.9660056657223794,35.0,34.08666960593654,BASE,False
9445,2026-10-08,529.0,1031059.0005493164,74,0.0132905342589007,0.011392958098858541,-0.021587281805082736,0.46511627906976744,11.046383516810913,,,,PRICE ONLY,,,,,フォーバルテレコム,"FORVAL TELECOM,INC.",スタンダード,,情報･通信業,情報通信・サービスその他,False,True,2.152974504249292,35.0,34.077540845346974,BASE,False
4650,2026-10-08,271.0,842265.0,74,0.0,0.026515151515151603,-0.010948905109489093,0.5371248025276462,6.148897944586756,,,,PRICE ONLY,,,,,ＳＤエンターテイメント,"SD ENTERTAINMENT,Inc.",スタンダード,,サービス業,情報通信・サービスその他,False,True,1.41643059490085,35.0,34.06780252929656,BASE,False
3423,2026-10-08,264.0,4769580.0,74,-0.040000000000000036,-0.0037735849056603765,-0.05714285714285716,0.26330532212885155,13.05884144525643,,,,PRICE ONLY,,,,,エスイー,S E Corporation,スタンダード,,金属製品,建設・資材,False,True,16.997167138810198,35.0,34.06371914204775,BASE,False
1795,2026-10-07,5500.0,2787578.4448242188,73,-0.01923079099855174,0.13218967835822037,-0.037735890964815,0.0,23.958284987092718,,,,PRICE ONLY,,,,,マサル,MASARU CORPORATION,スタンダード,,建設業,建設・資材,False,True,10.254957507082153,35.0,34.05809078225246,BASE,False
5199,2026-10-08,1979.0,625910.0,74,-0.00252016129032262,0.027518172377985373,-0.028949950932286583,0.6557377049180327,11.538773696882448,,,,PRICE ONLY,,,,,不二ラテックス,"FUJI LATEX CO.,LTD.",スタンダード,,ゴム製品,自動車・輸送機,False,True,0.708215297450425,35.0,34.04547263321422,BASE,False
8518,2026-10-08,143.0,3910175.0,74,-0.065359477124183,0.12598425196850394,-0.08333333333333337,0.8330206378986866,15.448994718425407,,,,PRICE ONLY,,,,,日本アジア投資,"Japan Asia Investment Company,Limited",スタンダード,,証券･商品先物取引業,金融（除く銀行）,False,True,14.305949008498583,35.0,34.024954838671356,BASE,False
3986,2026-10-08,491.0,1956520.0,74,0.0402542372881356,0.046908315565032055,-0.0822429906542056,0.29850746268656714,18.875516496215837,,,,PRICE ONLY,,,,,ビーブレイクシステムズ,"bBreak Systems Company,Limited",スタンダード,,情報･通信業,情報通信・サービスその他,False,True,7.025495750708215,35.0,34.00520437518747,BASE,False
2911,2026-10-08,2242.0,1483470.0,74,-0.0017809439002671734,-0.002669039145907437,-0.025217391304347858,0.44776119402985076,8.16344119616316,,,,PRICE ONLY,,,,,旭松食品,"ASAHIMATSU FOODS CO.,LTD.",スタンダード,,食料品,食品,False,True,4.645892351274788,35.0,33.941409461997345,BASE,False
3420,2026-10-08,1546.0,4265075.0,74,-0.023989898989899006,-0.06642512077294682,-0.06867469879518073,0.41237113402061853,10.201529781933628,,,,PRICE ONLY,,,,,ケー・エフ・シー,KFC Ltd,スタンダード,,金属製品,建設・資材,False,True,15.410764872521247,35.0,33.9205715840072,BASE,False
9214,2026-10-07,1270.0,1565640.0,73,0.0023677979479084232,0.0151878497202238,-0.03274942878903275,0.16597510373443983,17.957703413185925,,,,PRICE ONLY,,,,,Ｒｅｃｏｖｅｒｙ　Ｉｎｔｅｒｎａｔｉｏｎａｌ,"Recovery International Co.,Ltd.",グロース,,サービス業,情報通信・サービスその他,False,True,5.014164305949008,35.0,33.91251521233167,BASE,False
7837,2026-10-08,347.0,1089275.0,74,0.032738095238095344,0.020588235294117574,-0.049315068493150704,0.3514376996805112,26.224450546183277,,,,PRICE ONLY,,,,,アールシーコア,"R.C.CORE CO.,LTD.",スタンダード,,その他製品,情報通信・サービスその他,False,True,2.4362606232294617,35.0,33.89981852106747,BASE,False
2991,2026-10-08,509.0,14085335.0,74,-0.05214152700186214,-0.12303459917280157,-0.1347274675441974,0.3568305055098828,20.422918241231244,,,,PRICE ONLY,,,,,ランドネット,LANDNET Inc.,スタンダード,,不動産業,不動産,False,True,30.623229461756374,35.0,33.8511508428153,BASE,False
4427,2026-10-08,212.0,20997655.0,74,-0.08620689655172409,0.15217391304347827,-0.12757201646090532,0.29483233435930667,45.977541746175845,,,,PRICE ONLY,,,,,ＥｄｕＬａｂ,"EduLab,Inc.",グロース,,情報･通信業,情報通信・サービスその他,False,True,35.29745042492918,35.0,33.850591668233015,BASE,False
9723,2026-10-08,631.0,1242410.0,74,-0.006299212598425252,-0.012519561815336422,-0.015600624024960985,0.29850746268656714,5.336520642958271,,,,PRICE ONLY,,,,,京都ホテル,"THE KYOTO HOTEL,LTD.",スタンダード,,サービス業,情報通信・サービスその他,False,True,3.3711048158640224,35.0,33.844084821844135,BASE,False
5618,2026-10-08,294.0,593750.0,74,0.01730103806228378,0.01379310344827589,-0.069620253164557,0.7263922518159807,14.531568213861398,,,,PRICE ONLY,,,,,ナイル,Nyle Inc.,グロース,,情報･通信業,情報通信・サービスその他,False,True,0.538243626062323,35.0,33.84030776684445,BASE,False
6662,2026-10-08,224.0,2383565.0,74,-0.013215859030836996,0.032258064516129004,-0.042735042735042694,0.028116213683223992,19.498248068339098,,,,PRICE ONLY,,,,,ユビテック,"Ubiteq,INC.",スタンダード,,電気機器,電機・精密,False,True,8.895184135977336,35.0,33.82988991439217,BASE,False
7217,2026-10-08,450.0,2232190.0,74,-0.015317286652078765,0.06888361045130642,-0.036402569593147804,0.0968054211035818,15.107499753344628,,,,PRICE ONLY,,,,,テイン,"TEIN,INC.",スタンダード,,輸送用機器,自動車・輸送機,False,True,8.158640226628895,35.0,33.81633756262006,BASE,False
4762,2026-10-08,1000.0,9271560.877075195,74,-0.041187392035558434,0.17212268169707978,-0.1296312843155244,0.5671296296296297,57.48725044112759,,,,PRICE ONLY,,,,,エックスネット,XNET Corporation,スタンダード,,情報･通信業,情報通信・サービスその他,False,True,25.467422096317282,35.0,33.808716530558726,BASE,False
4678,2026-10-08,328.0,1233995.0,74,-0.009063444108761365,0.009230769230769154,-0.020895522388059695,0.5376344086021505,9.823214022997837,,,,PRICE ONLY,,,,,秀英予備校,"SHUEI YOBIKO Co.,Ltd.",スタンダード,,サービス業,情報通信・サービスその他,False,True,3.2577903682719547,35.0,33.80546014108973,BASE,False
6894,2026-10-08,2154.0,1773900.0,74,-0.013284470911589574,0.008426966292134797,-0.025339366515837125,0.11904761904761904,15.174448255414017,,,,PRICE ONLY,,,,,パルステック工業,"PULSTEC INDUSTRIAL CO.,LTD.",スタンダード,,電気機器,電機・精密,False,True,5.835694050991502,35.0,33.78099896717909,BASE,False
7073,2026-10-08,2357.0,2837085.0,74,0.010287183883411988,-0.060956175298804816,-0.07857701329163413,0.234375,24.49202543272408,,,,PRICE ONLY,,,,,ジェイック,"JAIC Co.,Ltd.",グロース,,サービス業,情報通信・サービスその他,False,True,10.396600566572237,35.0,33.77112777162475,BASE,False
9363,2026-10-08,512.0,4181345.0,74,-0.03396226415094339,-0.022900763358778664,-0.07747747747747746,0.5778894472361809,28.993182665772288,,,,PRICE ONLY,,,,,大運,"DAIUN CO.,LTD.",スタンダード,,倉庫･運輸関連業,運輸・物流,False,True,15.099150141643058,35.0,33.749511649567076,BASE,False
9365,2026-10-08,1612.0,614895.0,74,-0.017073170731707332,0.012562814070351758,-0.051764705882352935,0.8,18.89431872657827,,,,PRICE ONLY,,,,,トレーディア,TRADIA CORPORATION,スタンダード,,倉庫･運輸関連業,運輸・物流,False,True,0.594900849858357,35.0,33.744118517993805,BASE,False
7805,2026-10-08,701.0,4357720.0,74,-0.018207282913165312,-0.07432916939923917,-0.08383541432710084,0.358814352574103,6.672751035273729,,,,PRICE ONLY,,,,,プリントネット,PRINTNET INC.,スタンダード,,その他製品,情報通信・サービスその他,False,True,15.94900849858357,35.0,33.73375817706312,BASE,False
7254,2026-10-08,792.0,3619898.6450195312,74,-0.03550375552223661,0.05183255859798974,-0.05035971223021585,0.28415300546448086,19.552630417692978,,,,PRICE ONLY,,,,,ユニバンス,UNIVANCE CORPORATION,スタンダード,,輸送用機器,自動車・輸送機,False,True,13.371104815864024,35.0,33.71311584064268,BASE,False
1438,2026-10-08,2201.0,5070818.8330078125,74,-0.05398082083855993,0.1704307361767614,-0.05719446809369522,0.26373626373626374,21.181740696085367,,,,PRICE ONLY,,,,,岐阜造園,"Gifu landscape architect Co.,Ltd.",スタンダード,,建設業,建設・資材,False,True,17.620396600566572,35.0,33.70734524974617,BASE,False
7416,2026-10-08,667.0,4203235.0,74,-0.024853801169590684,0.006033182503770718,-0.07361111111111107,0.4262295081967213,8.714827368411617,,,,PRICE ONLY,,,,,はるやまホールディングス,Haruyama Holdings Inc.,スタンダード,,小売業,小売,False,True,15.18413597733711,35.0,33.68519290139892,BASE,False
1866,2026-10-08,1060.0,20692465.0,74,-0.09401709401709402,-0.10924369747899154,-0.12324234904880071,0.36179835062516624,22.733836944462567,,,,PRICE ONLY,,,,,北野建設,KITANO CONSTRUCTION CORP.,スタンダード,,建設業,建設・資材,False,True,35.09915014164306,35.0,33.68386760365651,BASE,False
7399,2026-10-08,611.0,1255747.8579711914,74,-0.011250106918585634,0.052432138916588045,-0.01610305958132041,0.22727272727272727,9.81325807981067,,,,PRICE ONLY,,,,,ナンシン,"NANSIN CO.,LTD.",スタンダード,,輸送用機器,自動車・輸送機,False,True,3.4844192634560907,35.0,33.680673607661085,BASE,False
4199,2026-10-08,799.0,3349655.0,74,-0.01479654747225645,0.10206896551724132,-0.24121557454890785,1.3488372093023255,14.546880393901787,,,,PRICE ONLY,,,,,ワンダープラネット,WonderPlanet Inc.,グロース,,情報･通信業,情報通信・サービスその他,False,True,12.237960339943344,35.0,33.65254756763969,BASE,False
5905,2026-10-07,1360.0,1011625.0,73,-0.01449275362318836,0.006661732050333047,-0.01449275362318836,0.547945205479452,10.909191178083473,,,,PRICE ONLY,,,,,日本製罐,NIHON SEIKAN K.K.,スタンダード,,金属製品,建設・資材,False,True,2.039660056657224,35.0,33.65251495469343,BASE,False
8912,2026-10-08,156.0,5901625.0,74,-0.03105590062111796,0.019607843137254832,-0.09826589595375723,0.46776232616940583,8.923966443725696,,,,PRICE ONLY,,,,,エリアクエスト,Area Quest Inc.,スタンダード,,不動産業,不動産,False,True,20.08498583569405,35.0,33.651438955917655,BASE,False
6031,2026-10-08,274.0,10662885.0,74,-0.08361204013377932,0.10931174089068829,-0.11612903225806448,0.6389113135739822,29.909220455297014,,,,PRICE ONLY,,,,,ＺＥＴＡ,ZETA INC.,グロース,,サービス業,情報通信・サービスその他,False,True,27.36543909348442,35.0,33.651128318121046,BASE,False
6190,2026-10-08,321.0,4402660.0,74,-0.036036036036036,-0.047477744807121636,-0.1033519553072626,0.6666666666666666,32.217413242788716,,,,PRICE ONLY,,,,,フェニックスバイオ,"PhoenixBio Co.,Ltd.",グロース,,サービス業,情報通信・サービスその他,False,True,16.090651558073652,35.0,33.627638782575715,BASE,False
9326,2026-10-08,477.0,3348410.0,74,-0.016494845360824795,0.09153318077803196,-0.06653620352250489,0.3948264125255276,10.72618124697639,,,,PRICE ONLY,,,,,関通ホールディングス,"KANTSU HD CO.,LTD.",グロース,,倉庫･運輸関連業,運輸・物流,False,True,12.209631728045325,35.0,33.60681931875652,BASE,False
9313,2026-10-07,1043.0,1573395.0,73,0.01065891472868219,-0.024321796071094526,-0.05181818181818176,0.06349206349206349,15.98893700435085,,,,PRICE ONLY,,,,,丸八倉庫,Maruhachi Warehouse Company Limited,スタンダード,,倉庫･運輸関連業,運輸・物流,False,True,5.099150141643059,35.0,33.59404476707824,BASE,False
8260,2026-10-08,370.0,4333705.0,74,-0.038961038961038974,-0.02631578947368418,-0.06565656565656564,0.09836065573770492,24.99866714621894,,,,PRICE ONLY,,,,,井筒屋,"IZUTSUYA CO.,LTD.",スタンダード,,小売業,小売,False,True,15.779036827195467,35.0,33.57901907436509,BASE,False
3839,2026-10-08,620.0,3141112.947692871,74,-0.022361076610851516,-0.013094418178661527,-0.05775075987841949,0.24459078080903104,24.725127507278017,,,,PRICE ONLY,,,,,ＯＤＫソリューションズ,"ODK Solutions Company,Ltd.",スタンダード,,情報･通信業,情報通信・サービスその他,False,True,11.643059490084987,35.0,33.577903861024886,BASE,False
3045,2026-10-07,1458.0,1026350.0,73,0.0013736263736263687,-0.00019428679627431222,-0.024531721264816064,0.13245033112582782,2.92178871802471,,,,PRICE ONLY,,,,,カワサキ,"Kawasaki & Co.,Ltd.",スタンダード,,卸売業,商社・卸売,False,True,2.1246458923512748,35.0,33.56760114160235,BASE,False
1380,2026-10-08,998.0,769310.0,74,0.0,-0.006965174129353269,-0.02060843964671244,0.5194805194805194,2.7960403813045884,,,,PRICE ONLY,,,,,秋川牧園,"AKIKAWA FOODS & FARMS CO.,LTD.",スタンダード,,水産・農林業,食品,False,True,1.019830028328612,35.0,33.55691898987484,BASE,False
9353,2026-10-07,2985.0,1108670.0,73,-0.0016722408026755842,0.07374100719424459,-0.02450980392156865,0.4878048780487805,11.406649023677994,,,,PRICE ONLY,,,,,櫻島埠頭,"SAKURAJIMA FUTO KAISHA,LTD.",スタンダード,,倉庫･運輸関連業,運輸・物流,False,True,2.5779036827195467,35.0,33.554535281572626,BASE,False
1768,2026-10-08,1023.0,3755795.0,74,-0.009680542110358181,-0.03672316384180796,-0.08497316636851515,0.4638472032742155,8.611347372098098,,,,PRICE ONLY,,,,,ソネック,SONEC CORPORATION,スタンダード,,建設業,建設・資材,False,True,13.76770538243626,35.0,33.55286601144109,BASE,False
2055,2026-10-08,342.0,2327425.0,74,-0.02564102564102566,0.020895522388059806,-0.036619718309859106,0.2597402597402597,9.013763615051019,,,,PRICE ONLY,,,,,日和産業,"NICHIWA SANGYO CO.,LTD.",スタンダード,,食料品,食品,False,True,8.555240793201133,35.0,33.53464357730607,BASE,False
5247,2026-10-08,563.0,1430680.0,74,-0.0017730496453900457,0.07442748091603058,-0.03595890410958902,0.27586206896551724,16.89860816686221,,,,PRICE ONLY,,,,,ＢＴＭ,"BTM,Inc.",グロース,,情報･通信業,情報通信・サービスその他,False,True,4.2492917847025495,35.0,33.51326084267978,BASE,False
2438,2026-10-08,332.0,15121455.0,74,-0.07777777777777772,-0.08287292817679559,-0.12401055408970973,0.46061625828162794,31.126377255015637,,,,PRICE ONLY,,,,,アスカネット,"Asukanet Company,Limited",グロース,,サービス業,情報通信・サービスその他,False,True,31.38810198300283,35.0,33.47346786487548,BASE,False
5858,2026-10-08,1156.0,4210575.0,74,-0.024472573839662393,-0.13731343283582087,-0.1853417899929528,1.0084033613445378,18.279534498183978,,,,PRICE ONLY,,,,,ＳＴＧ,"STG CO.,LTD.",グロース,,非鉄金属,鉄鋼・非鉄,False,True,15.240793201133144,35.0,33.467703676107014,BASE,False
9376,2026-10-08,770.0,5118021.63269043,74,-0.05408866599125561,-0.001736323357644065,-0.06632985798321545,0.2637703646237393,20.05396599769046,,,,PRICE ONLY,,,,,ユーラシア旅行社,"EURASIA TRAVEL Co.,Ltd.",スタンダード,,サービス業,情報通信・サービスその他,False,True,17.903682719546744,35.0,33.46340475404037,BASE,False
2917,2026-10-08,891.0,3955355.0,74,-0.036756756756756714,-0.041935483870967794,-0.06407563025210083,0.3811659192825112,12.199645006780331,,,,PRICE ONLY,,,,,大森屋,"OHMORIYA Co.,LTD.",スタンダード,,食料品,食品,False,True,14.475920679886686,35.0,33.445351635409544,BASE,False
7208,2026-10-08,1217.0,3694751.852416992,74,-0.05770819726981358,-0.0037978862616599995,-0.09029662348152201,0.7612456747404844,18.83465147125142,,,,PRICE ONLY,,,,,カネミツ,KANEMITSU CORPORATION,スタンダード,,輸送用機器,自動車・輸送機,False,True,13.59773371104816,35.0,33.44083468998408,BASE,False
4334,2026-10-08,378.0,4741715.0,74,-0.05735660847880297,0.0026525198938991412,-0.05735660847880297,0.4168336673346693,11.908700519875879,,,,PRICE ONLY,,,,,ユークス,"YUKE'S Co.,Ltd.",スタンダード,,情報･通信業,情報通信・サービスその他,False,True,16.855524079320112,35.0,33.433359892458256,BASE,False
9225,2026-10-08,964.0,1108265.0,74,-0.006185567010309256,-0.011282051282051286,-0.023302938196555267,0.08264462809917356,9.209337681265382,,,,PRICE ONLY,,,,,ブリッジコンサルティンググループ,Bridge Consulting Group Inc.,グロース,,サービス業,情報通信・サービスその他,False,True,2.5495750708215295,35.0,33.4333500824228,BASE,False
6538,2026-10-08,234.0,9052730.0,74,-0.06399999999999995,-0.025000000000000022,-0.13011152416356875,0.6442806442806442,17.117420877981036,,,,PRICE ONLY,,,,,ディスラプターズ,Disruptors Inc.,スタンダード,,サービス業,情報通信・サービスその他,False,True,24.98583569405099,35.0,33.42898499393661,BASE,False
1992,2026-10-07,2927.0,815540.0,73,-0.003065395095367851,0.005151098901098994,-0.07079365079365074,0.7547169811320755,7.7067779371691545,,,,PRICE ONLY,,,,,神田通信機,"KANDA TSUSHINKI CO.,LTD.",スタンダード,,建設業,建設・資材,False,True,1.2181303116147308,35.0,33.428703501521,BASE,False
7681,2026-10-07,984.0,1871537.0220947266,73,-0.003945638744871305,0.11349788780921655,-0.0520505455256175,0.0,23.704972597479127,,,,PRICE ONLY,,,,,レオクラン,"LEOCLAN Co.,Ltd.",スタンダード,,卸売業,商社・卸売,False,True,6.572237960339944,35.0,33.38038296266126,BASE,False
7314,2026-10-08,1361.0,2152640.0,74,0.02639517345399689,-0.09266666666666667,-0.09266666666666667,0.2932551319648094,8.943703267267686,,,,PRICE ONLY,,,,,小田原機器,"ODAWARA AUTO-MACHINE MFG.CO.,LTD.",スタンダード,,輸送用機器,自動車・輸送機,False,True,7.903682719546742,35.0,33.36690439566543,BASE,False
7359,2026-10-08,245.0,13778590.0,74,-0.10909090909090913,0.11363636363636354,-0.1778523489932886,0.9382859353840202,38.13407573722289,,,,PRICE ONLY,,,,,東京通信グループ,"Tokyo Communications Group,Inc.",グロース,,サービス業,情報通信・サービスその他,False,True,30.226628895184138,35.0,33.33962807524582,BASE,False
3370,2026-10-08,459.0,5377615.0,74,-0.06326530612244896,-0.05555555555555558,-0.06517311608961307,0.4959384352287302,24.385254543518908,,,,PRICE ONLY,,,,,フジタコーポレーション,"FUJITA CORPORATION Co.,Ltd.",スタンダード,,小売業,小売,False,True,18.640226628895185,35.0,33.333679985811216,BASE,False
4484,2026-10-08,287.0,3427060.0,74,-0.043333333333333335,0.028673835125448077,-0.04966887417218546,0.270956816257409,25.725902682705033,,,,PRICE ONLY,,,,,ランサーズ,"LANCERS,INC.",グロース,,情報･通信業,情報通信・サービスその他,False,True,12.606232294617564,35.0,33.31415090547034,BASE,False
3929,2026-10-08,243.0,9406380.0,74,0.008298755186721962,-0.173469387755102,-0.18456375838926176,0.3561387066541706,30.667071220018133,,,,PRICE ONLY,,,,,ソーシャルワイヤー,"SOCIALWIRE CO.,LTD.",グロース,,情報･通信業,情報通信・サービスその他,False,True,25.63739376770538,35.0,33.30654249800625,BASE,False
4444,2026-10-08,920.0,2312460.0,74,-0.042663891779396446,-0.0010857763300760048,-0.07537688442211055,0.7453416149068323,31.058110689403374,,,,PRICE ONLY,,,,,インフォネット,INFONET inc.,グロース,,情報･通信業,情報通信・サービスその他,False,True,8.356940509915015,35.0,33.287345263302086,BASE,False
4705,2026-10-08,772.0,807880.0,74,-0.027707808564231717,-0.01025641025641022,-0.03379224030037542,0.6796116504854369,11.92220780658061,,,,PRICE ONLY,,,,,クリップコーポレーション,CLIP Corporation,スタンダード,,サービス業,情報通信・サービスその他,False,True,1.189801699716714,35.0,33.27999866835802,BASE,False
7928,2026-10-08,610.0,1154625.0,74,-0.008130081300813052,-0.022826246370151626,-0.07153729071537296,0.712468193384224,3.993724846710333,,,,PRICE ONLY,,,,,旭化学工業,"ASAHI KAGAKU KOGYO CO.,LTD.",スタンダード,,化学,素材・化学,False,True,2.861189801699717,35.0,33.277842132909655,BASE,False
5973,2026-10-08,604.0,1018326.9152832031,74,-0.0049183255490682365,0.02503394359293698,-0.027031321220568394,0.2898550724637681,8.829150958991985,,,,PRICE ONLY,,,,,トーアミ,TOAMI CORPORATION,スタンダード,,金属製品,建設・資材,False,True,2.096317280453258,35.0,33.26497435473984,BASE,False
6159,2026-10-08,1925.0,6901915.0,74,0.007853403141361293,-0.006375363230368913,-0.16158536585365857,0.08849557522123894,88.18017726131453,,,,PRICE ONLY,,,,,ミクロン精密,"MICRON MACHINERY CO.,LTD.",スタンダード,,機械,機械,False,True,21.756373937677054,35.0,33.2618670764239,BASE,False
7625,2026-10-08,441.0,3070085.0,74,-0.06765327695560253,-0.03289473684210531,-0.09999999999999998,0.9007633587786259,15.85455306500102,,,,PRICE ONLY,,,,,グローバルダイニング,"GLOBAL-DINING,INC.",スタンダード,,小売業,小売,False,True,11.3314447592068,35.0,33.26136089569726,BASE,False
2993,2026-10-08,2187.0,1585430.0,74,-0.014864864864864824,0.019580419580419672,-0.03656387665198235,0.273972602739726,17.107415099335405,,,,PRICE ONLY,,,,,長栄,Choei Inc.,スタンダード,,不動産業,不動産,False,True,5.269121813031162,35.0,33.24870300462144,BASE,False
7831,2026-10-08,66.0,1424670.0,74,0.0,-0.02941176470588236,-0.05714285714285716,0.5552274069698759,16.932716232523827,,,,PRICE ONLY,,,,,ウイルコホールディングス,Wellco Holdings Corporation,スタンダード,,その他製品,情報通信・サービスその他,False,True,4.220963172804533,35.0,33.248089633407695,BASE,False
3911,2026-10-08,167.0,26004460.0,74,-0.08241758241758246,-0.13471502590673579,-0.21962616822429903,0.7370578157019518,21.785520936743623,,,,PRICE ONLY,,,,,Ａｉｍｉｎｇ,Aiming Inc.,グロース,,情報･通信業,情報通信・サービスその他,False,True,38.41359773371104,35.0,33.1923659774341,BASE,False
7939,2026-10-08,602.0,615090.0,74,0.0033333333333334103,0.02033898305084736,-0.029032258064516148,0.27522935779816515,8.318095453127123,,,,PRICE ONLY,,,,,研創,"KENSOH CO.,LTD.",スタンダード,,その他製品,情報通信・サービスその他,False,True,0.623229461756374,35.0,33.18824036239736,BASE,False
3690,2026-10-08,541.0,5944757.274780273,74,-0.07128745237905643,0.007099323608287467,-0.07753095444480251,0.5336951605608322,16.331277087613934,,,,PRICE ONLY,,,,,イルグルム,YRGLM Inc.,スタンダード,,情報･通信業,情報通信・サービスその他,False,True,20.1699716713881,35.0,33.18758863699278,BASE,False
5900,2026-10-08,863.0,1136540.0,74,-0.008045977011494232,0.00465657741559955,-0.05786026200873362,0.631578947368421,23.788329990627407,,,,PRICE ONLY,,,,,ダイケン,"DAIKEN CO.,LTD.",スタンダード,,金属製品,建設・資材,False,True,2.776203966005666,35.0,33.168970334265055,BASE,False
6549,2026-10-08,1105.0,4774556.240234375,74,-0.017316718477723314,-0.03516820093386219,-0.1091489728133842,0.13230429988974643,14.926152419614017,,,,PRICE ONLY,,,,,ディーエムソリューションズ,"DM Solutions Co.,Ltd",スタンダード,,サービス業,情報通信・サービスその他,False,True,17.053824362606232,35.0,33.16256433685003,BASE,False
6346,2026-10-07,5590.0,1538077.6440429688,73,-0.007066904889937331,-0.031075636786747962,-0.04590614922467462,0.0,13.102706281144302,,,,PRICE ONLY,,,,,キクカワエンタープライズ,"KIKUKAWA ENTERPRISE,INC.",スタンダード,,機械,機械,False,True,4.872521246458923,35.0,33.13311766040629,BASE,False
8143,2026-10-08,145.0,44888435.0,74,0.013986013986013957,0.028368794326241176,-0.3160377358490566,0.06471824889731646,134.84676428601614,,,,PRICE ONLY,,,,,ラピーヌ,"LAPINE CO.,LTD.",スタンダード,,繊維製品,素材・化学,False,True,45.07082152974504,35.0,33.11531551323229,BASE,False
9476,2026-10-07,986.0,1303247.189025879,73,0.011744019235546022,-0.05793263096411627,-0.059706833573024864,0.1532567049808429,22.55654023211949,,,,PRICE ONLY,,,,,中央経済社ホールディングス,"CHUOKEIZAI-SHA HOLDINGS,INC.",スタンダード,,情報･通信業,情報通信・サービスその他,False,True,3.7110481586402266,35.0,33.09724677153774,BASE,False
7036,2026-10-08,662.0,977625.0,74,0.001512859304084735,0.05246422893481717,-0.03779069767441856,0.06578947368421052,9.908342204078073,,,,PRICE ONLY,,,,,イーエムネットジャパン,eMnet Japan.co.ltd.,グロース,,サービス業,情報通信・サービスその他,False,True,1.8980169971671388,35.0,33.0961323297263,BASE,False
7426,2026-09-30,240288784.0,0.0,68,-0.03274917190125548,-0.015016198923316182,-0.12961673124103568,,6.913315344473977,,,,PRICE ONLY,,,,,山大,Yamadai Corporation,スタンダード,,卸売業,商社・卸売,False,True,0.0708215297450425,35.0,33.0716489325723,BASE,False
6218,2026-10-08,648.0,2568275.0,74,-0.018181818181818188,0.04516129032258065,-0.06493506493506496,0.4580152671755725,21.004774387203277,,,,PRICE ONLY,,,,,エンシュウ,ENSHU Limited,スタンダード,,機械,機械,False,True,9.43342776203966,35.0,33.045776461498846,BASE,False
7859,2026-10-08,250.0,23880655.0,74,-0.11032028469750887,0.08695652173913038,-0.13793103448275867,0.4657849338700403,36.47621966826246,,,,PRICE ONLY,,,,,アルメディオ,ALMEDIO INC.,スタンダード,,その他製品,情報通信・サービスその他,False,True,37.082152974504254,35.0,33.04411935601089,BASE,False
5967,2026-10-08,439.0,9076650.0,74,-0.06196581196581197,-0.04565217391304344,-0.11491935483870963,0.48711279262236934,14.61399191957935,,,,PRICE ONLY,,,,,ＴＯＮＥ,"TONE CO.,LTD.",スタンダード,,金属製品,建設・資材,False,True,25.042492917847024,35.0,33.04193456962636,BASE,False
4429,2026-10-08,710.0,1819155.0,74,-0.011142061281337101,0.007092198581560183,-0.053333333333333344,0.3643724696356275,21.34016987633462,,,,PRICE ONLY,,,,,リックソフト,"Ricksoft Co.,Ltd.",グロース,,情報･通信業,情報通信・サービスその他,False,True,6.288951841359773,35.0,33.03530064814992,BASE,False
1764,2026-10-08,2685.0,1251535.0,74,-0.016843647015745145,-0.012867647058823484,-0.05424445227192676,0.6185567010309279,10.741684561820161,,,,PRICE ONLY,,,,,工藤建設,KUDO CORPORATION,スタンダード,,建設業,建設・資材,False,True,3.4277620396600565,35.0,33.02834638971312,BASE,False
3727,2026-10-08,158.0,8788980.0,74,-0.08670520231213874,0.12056737588652489,-0.08670520231213874,0.4214593028360699,26.11798059884248,,,,PRICE ONLY,,,,,アプリックス,Aplix Corporation,グロース,,情報･通信業,情報通信・サービスその他,False,True,24.61756373937677,35.0,33.02570102202894,BASE,False
2978,2026-10-08,316.0,2668910.0,74,-0.07602339181286555,-0.06784660766961648,-0.11977715877437323,1.0532915360501567,18.239542987961443,,,,PRICE ONLY,,,,,ツクルバ,TSUKURUBA Inc.,グロース,,不動産業,不動産,False,True,9.71671388101983,35.0,33.025536208501535,BASE,False
6396,2026-10-07,4670.0,834900.0,73,-0.006382978723404209,0.17780580075662034,-0.029106029106029108,0.0,17.996190972068828,,,,PRICE ONLY,,,,,宇野澤組鐵工所,"Unozawa-gumi Iron Works,Limited",スタンダード,,機械,機械,False,True,1.3597733711048159,35.0,33.00002088632973,BASE,False
7677,2026-10-07,2750.0,496390.0,73,0.0,0.037735849056603765,-0.030324400564174847,0.0,20.322128262459664,,,,PRICE ONLY,,,,,ヤシマキザイ,"Yashima & Co.,Ltd.",スタンダード,,卸売業,商社・卸売,False,True,0.4532577903682719,35.0,32.997965682595115,BASE,False
4539,2026-10-08,1536.0,3682855.0,74,-0.01790281329923271,-0.07968843618933497,-0.09219858156028371,0.3404255319148936,15.424757524583308,,,,PRICE ONLY,,,,,日本ケミファ,"NIPPON CHEMIPHAR CO.,LTD.",スタンダード,,医薬品,医薬品,False,True,13.512747875354108,35.0,32.98514207553077,BASE,False
2814,2026-10-08,1800.0,10475868.40209961,74,-0.09488108406061135,0.1754790928683967,-0.09488108406061135,0.17886178861788618,26.783491363211603,,,,PRICE ONLY,,,,,佐藤食品工業,"SATO FOODS INDUSTRIES CO.,LTD.",スタンダード,,食料品,食品,False,True,27.11048158640227,35.0,32.978252488946765,BASE,False
6094,2026-10-08,501.0,39144200.0,74,-0.10854092526690395,-0.06877323420074355,-0.18137254901960786,0.14107939043055834,18.478033684984826,,,,PRICE ONLY,,,,,フリークアウト・ホールディングス,"FreakOut Holdings,inc.",グロース,,サービス業,情報通信・サービスその他,False,True,43.45609065155807,35.0,32.96806427802336,BASE,False
7521,2026-10-08,2652.0,3471996.0717773438,74,-0.04144259703894093,0.014279060751463124,-0.06330439266637145,0.15384615384615385,27.928437187972694,,,,PRICE ONLY,,,,,ムサシ,"MUSASHI CO.,LTD.",スタンダード,,卸売業,商社・卸売,False,True,12.747875354107649,35.0,32.964150410686486,BASE,False
6392,2026-10-08,7340.0,4309063.76953125,74,-0.044702971036343686,0.04092589467552665,-0.07788944723618085,0.18018018018018017,22.617521658391805,,,,PRICE ONLY,,,,,ヤマダコーポレーション,YAMADA CORPORATION,スタンダード,,機械,機械,False,True,15.637393767705381,35.0,32.956255568547704,BASE,False
4179,2026-10-08,329.0,14174165.0,74,-0.0758426966292135,-0.20722891566265056,-0.45166666666666666,1.7780628608082103,39.88397107032444,,,,PRICE ONLY,,,,,ジーネクスト,G-NEXT Inc.,グロース,,情報･通信業,情報通信・サービスその他,False,True,30.67988668555241,35.0,32.94893252473504,BASE,False
9820,2026-10-08,3780.0,1977175.0,74,-0.028277634961439535,0.04132231404958686,-0.04303797468354431,0.18867924528301888,21.428292419190313,,,,PRICE ONLY,,,,,エムティジェネックス,MT GENEX CORPORATION,スタンダード,,不動産業,不動産,False,True,7.110481586402266,35.0,32.94670036995876,BASE,False
7464,2026-10-08,1500.0,1713795.0,74,-0.015101772816808912,-0.03536977491961413,-0.05362776025236593,0.5286343612334802,10.583390859996898,,,,PRICE ONLY,,,,,セフテック,"SAFTEC CO.,LTD.",スタンダード,,卸売業,商社・卸売,False,True,5.580736543909348,35.0,32.939222916988776,BASE,False
5704,2026-10-08,377.0,1688465.0,74,-0.04556962025316458,-0.04556962025316458,-0.08048780487804874,0.8176100628930818,13.944192642551553,,,,PRICE ONLY,,,,,ＪＭＣ,JMC Corporation,グロース,,非鉄金属,鉄鋼・非鉄,False,True,5.524079320113314,35.0,32.936832787521936,BASE,False
4496,2026-10-08,754.0,2762610.390625,74,-0.007430490206665308,-0.02979125513317349,-0.09121126946237468,0.5383580080753702,16.294249886057084,,,,PRICE ONLY,,,,,コマースＯｎｅホールディングス,Commerce One Holdings Inc.,グロース,,情報･通信業,情報通信・サービスその他,False,True,10.028328611898017,35.0,32.93511699731685,BASE,False
3461,2026-10-08,553.0,5929761.442565918,74,-0.10274249076137953,-0.008128324378919194,-0.125,0.8893280632411067,30.197274562568214,,,,PRICE ONLY,,,,,パルマ,"Palma Co.,Ltd.",スタンダード,,不動産業,不動産,False,True,20.113314447592067,35.0,32.925940770735636,BASE,False
2435,2026-10-08,203.0,2388120.0,74,-0.033333333333333326,-0.024038461538461564,-0.07727272727272727,0.6353350739773717,7.432362715291307,,,,PRICE ONLY,,,,,シダー,"CEDAR.Co.,Ltd",スタンダード,,サービス業,情報通信・サービスその他,False,True,8.923512747875353,35.0,32.925572739727244,BASE,False
4591,2026-10-08,72.0,36949280.0,74,-0.15294117647058825,-0.06493506493506496,-0.26530612244897955,1.1402496699824336,31.378468763440043,,,,PRICE ONLY,,,,,リボミック,RIBOMIC Inc.,グロース,,医薬品,医薬品,False,True,42.60623229461756,35.0,32.917128612547906,BASE,False
5028,2026-10-08,343.0,2702165.0,74,-0.0524861878453039,-0.1910377358490566,-0.2257336343115124,1.4276184122748499,14.452999031086595,,,,PRICE ONLY,,,,,セカンドサイトアナリティカ,"SecondXight Analytica,Inc.",グロース,,情報･通信業,情報通信・サービスその他,False,True,9.830028328611897,35.0,32.907116001543955,BASE,False
8045,2026-10-08,2011.0,2273148.0200195312,74,-0.03417997078522739,0.05039187945607737,-0.06362295989532474,0.5882352941176471,23.72053513387196,,,,PRICE ONLY,,,,,横浜丸魚,"Yokohama Maruuo Co.,Ltd.",スタンダード,,卸売業,商社・卸売,False,True,8.30028328611898,35.0,32.90151818496416,BASE,False
4372,2026-10-08,1302.0,1838035.0,74,-0.02617801047120416,0.0680885972108285,-0.04335047759000732,0.11904761904761904,13.92085936500187,,,,PRICE ONLY,,,,,ユミルリンク,"YMIRLINK,Inc.",グロース,,情報･通信業,情報通信・サービスその他,False,True,6.402266288951841,35.0,32.866888091388134,BASE,False
4990,2026-10-08,520.0,2021492.5219726562,74,-0.013386714359398755,0.045810041601970886,-0.0628941533288141,0.10430247718383312,29.064323207797198,,,,PRICE ONLY,,,,,昭和化学工業,"Showa Chemical Industry Co.,Ltd.",スタンダード,,化学,素材・化学,False,True,7.337110481586402,35.0,32.85724619223715,BASE,False
5974,2026-10-08,832.0,712855.0,74,-0.00952380952380949,-0.030303030303030276,-0.04367816091954024,0.5747126436781609,10.559283391002932,,,,PRICE ONLY,,,,,中国工業,"CHUGOKUKOGYO CO.,LTD.",スタンダード,,金属製品,建設・資材,False,True,0.9065155807365438,35.0,32.826173708062235,BASE,False
2999,2026-10-08,516.0,6353900.0,74,-0.020872865275142316,-0.12441921522204513,-0.19682558653106863,0.780827212988017,19.559189111753145,,,,PRICE ONLY,,,,,ホームポジション,"Home Position Co.,Ltd.",スタンダード,,不動産業,不動産,False,True,20.821529745042493,35.0,32.81687185437829,BASE,False
2708,2026-10-08,1864.0,2374090.0,74,-0.021522309711286103,-0.06331658291457287,-0.07722772277227719,0.56,7.55612322538394,,,,PRICE ONLY,,,,,久世,"KUZE CO.,LTD.",スタンダード,,卸売業,商社・卸売,False,True,8.810198300283286,35.0,32.807088051284985,BASE,False
2454,2026-10-08,325.0,4532370.0,74,-0.08192090395480223,-0.024024024024024038,-0.08963585434173671,0.6994619523443505,13.589040684933437,,,,PRICE ONLY,,,,,オールアバウト,"All About,Inc.",スタンダード,,サービス業,情報通信・サービスその他,False,True,16.515580736543907,35.0,32.80383766600003,BASE,False
4918,2026-10-08,297.0,3387810.0,74,0.0,-0.1264705882352941,-0.1586402266288952,0.7375643224699828,15.319787424513597,,,,PRICE ONLY,,,,,アイビー化粧品,IVY COSMETICS CORPORATION,スタンダード,,化学,素材・化学,False,True,12.407932011331445,35.0,32.80239832948423,BASE,False
7362,2026-10-08,859.0,624745.0,74,-0.0034802784222738303,0.010588235294117565,-0.03483146067415732,0.2631578947368421,11.534546013623649,,,,PRICE ONLY,,,,,Ｔ．Ｓ．Ｉ,Terminalcare Support Institute Inc.,グロース,,サービス業,情報通信・サービスその他,False,True,0.6798866855524079,35.0,32.77748817643669,BASE,False
9399,2026-10-08,11.0,17615642.4,74,-0.2142857142857143,-0.2666666666666667,-0.38888888888888884,2.285010823902972,68.79974954003045,,,,PRICE ONLY,,,,,ビート・ホールディングス・リミテッド（貝徳控股有限公司）,Beat Holdings Limited,スタンダード,,情報･通信業,情報通信・サービスその他,False,True,33.286118980169974,35.0,32.76833490714511,BASE,False
3041,2026-10-08,397.0,1820960.0,74,-0.026960784313725505,-0.08525345622119818,-0.25655430711610483,1.5279361459521095,6.794120425838214,,,,PRICE ONLY,,,,,ビューティカダンホールディングス,"Beauty Kadan Holdings Co.,Ltd.",スタンダード,,卸売業,商社・卸売,False,True,6.31728045325779,35.0,32.74683614401687,BASE,False
7353,2026-10-08,511.0,6080145.0,74,-0.03584905660377358,-0.09717314487632511,-0.12349914236706694,0.15618577887381832,14.065505025369825,,,,PRICE ONLY,,,,,ＫＩＹＯラーニング,"KIYO Learning Co.,Ltd.",グロース,,サービス業,情報通信・サービスその他,False,True,20.424929178470254,35.0,32.73501033949214,BASE,False
2136,2026-10-08,1403.0,2314825.0,74,-0.01956673654786867,-0.08180628272251311,-0.09190938511326863,0.6191950464396285,15.70534819504576,,,,PRICE ONLY,,,,,ヒップ,HIP CORPORATION,スタンダード,,サービス業,情報通信・サービスその他,False,True,8.413597733711049,35.0,32.71229577756491,BASE,False
5025,2026-10-08,573.0,703930.0,74,-0.00865051903114189,0.041818181818181754,-0.05289256198347103,0.5957446808510638,25.070686561578974,,,,PRICE ONLY,,,,,マーキュリー,MERCURY Inc.,グロース,,情報･通信業,情報通信・サービスその他,False,True,0.8781869688385269,35.0,32.691194920577594,BASE,False
7634,2026-10-08,4965.0,2983976.826171875,74,-0.006724521253941518,0.021654823761046327,-0.09727272727272729,0.17391304347826086,31.214782505092654,,,,PRICE ONLY,,,,,星医療酸器,"HOSHIIRYO-SANKI CO.,LTD.",スタンダード,,卸売業,商社・卸売,False,True,10.906515580736544,35.0,32.68224160821997,BASE,False
9162,2026-10-08,225.0,2314450.0,74,-0.021739130434782594,-0.038461538461538436,-0.06639004149377592,0.37438423645320196,11.812613148694751,,,,PRICE ONLY,,,,,ブリーチ,"Bleach,Inc.",グロース,,サービス業,情報通信・サービスその他,False,True,8.385269121813032,35.0,32.666893003765196,BASE,False
6870,2026-10-08,2081.0,4805460.0,74,-0.05409090909090908,-0.17779533781114187,-0.2695682695682695,1.3932584269662922,15.087609227703041,,,,PRICE ONLY,,,,,日本フェンオール,"Fenwal Controls of Japan,Ltd.",スタンダード,,電気機器,電機・精密,False,True,17.167138810198303,35.0,32.665826869157875,BASE,False
9466,2026-10-08,232.0,1310650.3379058838,74,-0.0331675499523304,0.05277307954546773,-0.04132231404958675,0.5747126436781609,14.484143950059336,,,,PRICE ONLY,,,,,アイドママーケティングコミュニケーション,Aidma Marketing Communication Corporation,スタンダード,,情報･通信業,情報通信・サービスその他,False,True,3.7393767705382435,35.0,32.6586684403182,BASE,False
4059,2026-10-08,362.0,822300.0,74,-0.08354430379746836,-0.12348668280871666,-0.14823529411764702,1.4285714285714286,23.40123775467673,,,,PRICE ONLY,,,,,まぐまぐ,"Magmag,Inc.",スタンダード,,情報･通信業,情報通信・サービスその他,False,True,1.2747875354107647,35.0,32.656267651393044,BASE,False
3416,2026-10-08,899.0,1292720.0,74,-0.02705627705627711,0.07923169267707086,-0.03229278794402579,0.20408163265306123,17.72092662931461,,,,PRICE ONLY,,,,,ピクスタ,PIXTA Inc.,スタンダード,,小売業,小売,False,True,3.6827195467422094,35.0,32.6522416592381,BASE,False
5078,2026-10-08,4630.0,1880575.0,74,-0.02114164904862581,-0.01279317697228144,-0.05798575788402849,0.25,7.013909967027389,,,,PRICE ONLY,,,,,セレコーポレーション,CEL Corporation,スタンダード,,建設業,建設・資材,False,True,6.6572237960339935,35.0,32.61490823202299,BASE,False
3577,2026-10-08,920.0,1324085.0,74,-0.01498929336188437,-0.0043290043290042934,-0.04761904761904767,0.32608695652173914,7.50451613525458,,,,PRICE ONLY,,,,,東海染工,Tokai Senko K.K.,スタンダード,,繊維製品,素材・化学,False,True,3.881019830028329,35.0,32.60752343169344,BASE,False
7114,2026-10-08,782.0,2145760.0,74,0.006435006435006496,0.06830601092896171,-0.09490740740740744,0.14732965009208104,32.31596813936276,,,,PRICE ONLY,,,,,フーディソン,"Foodison,Inc.",グロース,,卸売業,商社・卸売,False,True,7.875354107648726,35.0,32.60406601570351,BASE,False
7042,2026-10-08,665.0,2226835.0,74,-0.01041666666666663,0.02941176470588225,-0.07894736842105265,0.4381846635367762,31.399678224935656,,,,PRICE ONLY,,,,,アクセスグループ・ホールディングス,"ACCESS GROUP HOLDINGS CO.,LTD.",スタンダード,,サービス業,情報通信・サービスその他,False,True,8.101983002832862,35.0,32.59032141259665,BASE,False
4120,2026-10-08,3010.0,1793950.0,74,-0.03833865814696491,-0.06811145510835914,-0.0738461538461539,0.6779661016949152,41.83773918674674,,,,PRICE ONLY,,,,,スガイ化学工業,"SUGAI CHEMICAL INDUSTRY CO.,LTD.",スタンダード,,化学,素材・化学,False,True,6.090651558073654,35.0,32.582959853113465,BASE,False
2122,2026-10-08,1310.0,14149149.533081055,74,-0.10778856769300238,-0.030851493564203025,-0.11545968192544986,0.33980582524271846,26.774502265867774,,,,PRICE ONLY,,,,,インタースペース,"Interspace Co.,Ltd.",スタンダード,,サービス業,情報通信・サービスその他,False,True,30.65155807365439,35.0,32.57512105982225,BASE,False
9475,2026-10-08,527.0,1379895.0,74,-0.029465930018416242,0.05823293172690769,-0.034798534798534786,0.3935599284436494,25.614638973278087,,,,PRICE ONLY,,,,,昭文社ホールディングス,"Shobunsha Holdings,Inc.",スタンダード,,情報･通信業,情報通信・サービスその他,False,True,4.107648725212465,35.0,32.573174049172984,BASE,False
2776,2026-10-08,90.0,25051795.0,74,-0.13461538461538458,-0.052631578947368474,-0.13461538461538458,0.5161743242993589,36.903538842717815,,,,PRICE ONLY,,,,,新都ホールディングス,"SHINTO Holdings,Inc.",スタンダード,,卸売業,商社・卸売,False,True,37.79036827195467,35.0,32.568375010525855,BASE,False
2376,2026-10-08,772.0,2126905.0,74,-0.007712082262210762,-0.03740648379052369,-0.080952380952381,0.03597122302158273,24.812378877292755,,,,PRICE ONLY,,,,,サイネックス,SCINEX CORPORATION,スタンダード,,サービス業,情報通信・サービスその他,False,True,7.818696883852691,35.0,32.561229889685215,BASE,False
5035,2026-10-08,358.0,1072580.0,74,-0.032432432432432434,-0.019178082191780854,-0.04533333333333334,0.6174957118353345,18.372343092477116,,,,PRICE ONLY,,,,,ＨＯＵＳＥＩ,HOUSEI Inc.,グロース,,情報･通信業,情報通信・サービスその他,False,True,2.322946175637394,35.0,32.555448678251075,BASE,False
7863,2026-10-08,948.0,599030.0,74,0.004237288135593209,-0.026694045174537995,-0.049147442326980983,0.48,16.781615044661326,,,,PRICE ONLY,,,,,平賀,"HIRAGA CO.,LTD.",スタンダード,,その他製品,情報通信・サービスその他,False,True,0.56657223796034,35.0,32.55415816518553,BASE,False
9355,2026-10-08,2211.0,650355.0,74,0.0004524886877828038,0.009589041095890316,-0.04698275862068968,0.2777777777777778,14.001220498157501,,,,PRICE ONLY,,,,,リンコーコーポレーション,RINKO CORPORATION,スタンダード,,倉庫･運輸関連業,運輸・物流,False,True,0.7932011331444759,35.0,32.54007161218047,BASE,False
6147,2026-09-30,166.0,10872505.0,68,-0.14871794871794874,0.018404907975460016,-0.17000000000000004,1.0585836114200964,32.231646882866976,,,,PRICE ONLY,,,,,ヤマザキ,"YAMAZAKI CO.,LTD.",スタンダード,,機械,機械,False,True,27.620396600566572,35.0,32.51692610687,BASE,False
8742,2026-10-08,559.0,4724215.0,74,-0.03786574870912218,0.016363636363636358,-0.10987261146496818,0.5163727959697733,33.1720408396542,,,,PRICE ONLY,,,,,小林洋行,"KOBAYASHI YOKO CO.,LTD.",スタンダード,,証券･商品先物取引業,金融（除く銀行）,False,True,16.798866855524082,35.0,32.492668373026696,BASE,False
3928,2026-10-08,227.0,2745225.0,74,-0.03813559322033899,-0.04219409282700426,-0.12692307692307692,0.8065915004336514,15.83948920507996,,,,PRICE ONLY,,,,,マイネット,Mynet Inc.,スタンダード,,情報･通信業,情報通信・サービスその他,False,True,9.91501416430595,35.0,32.48729725867391,BASE,False
4720,2026-10-08,237.0,832085.0,74,-0.03658536585365857,-0.004201680672268893,-0.04048582995951422,0.6340057636887608,8.086331089665658,,,,PRICE ONLY,,,,,城南進学研究社,"JOHNAN ACADEMIC PREPARATORY INSTITUTE,INC.",スタンダード,,サービス業,情報通信・サービスその他,False,True,1.3314447592067988,35.0,32.4823729782425,BASE,False
3495,2026-10-08,2201.0,1459343.5546875,74,-0.020676889385202957,-0.04741609400801605,-0.0696431055542186,0.6015037593984962,24.19885750989268,,,,PRICE ONLY,,,,,香陵住販,"Koryojyuhan Co.,Ltd.",スタンダード,,不動産業,不動産,False,True,4.362606232294618,35.0,32.46974726634888,BASE,False
9478,2026-10-08,495.0,6084375.0,74,-0.05714285714285716,-0.03696498054474706,-0.10971223021582732,0.33479473893981665,18.424619624839483,,,,PRICE ONLY,,,,,ＳＥホールディングス・アンド・インキュベーションズ,"SE Holdings and Incubations Co.,Ltd.",スタンダード,,情報･通信業,情報通信・サービスその他,False,True,20.453257790368273,35.0,32.458677545447024,BASE,False
7555,2026-10-08,733.0,897850.0,74,-0.021361815754339153,-0.008119079837618393,-0.03298153034300788,0.08264462809917356,7.080384396118272,,,,PRICE ONLY,,,,,大田花き,"Ota Floriculture Auction Co.,Ltd.",スタンダード,,卸売業,商社・卸売,False,True,1.7563739376770537,35.0,32.43982708266745,BASE,False
6018,2026-10-08,5830.0,6393493.564453125,74,-0.045192507843480834,-0.021282473221183706,-0.1263013454846883,0.38461538461538464,43.50277156847289,,,,PRICE ONLY,,,,,阪神内燃機工業,"THE HANSHIN DIESEL WORKS,LTD.",スタンダード,,輸送用機器,自動車・輸送機,False,True,20.906515580736542,35.0,32.419909118975596,BASE,False
7850,2026-10-08,805.0,2255095.0,74,-0.014687882496939975,-0.0747367260934848,-0.08100265328543266,0.029940119760479042,8.805263199970135,,,,PRICE ONLY,,,,,総合商研,"SOUGOU SHOUKEN CO.,LTD.",スタンダード,,その他製品,情報通信・サービスその他,False,True,8.271954674220963,35.0,32.41107730317255,BASE,False
2907,2026-10-08,1459.0,4719625.0,74,-0.045157068062827266,-0.10435850214855735,-0.12477504499100178,0.6138933764135702,10.008872483818461,,,,PRICE ONLY,,,,,あじかん,"AHJIKAN CO.,LTD.",スタンダード,,食料品,食品,False,True,16.770538243626063,35.0,32.40282267188262,BASE,False
4380,2026-10-08,655.0,4231175.0,74,-0.04796511627906974,0.09166666666666656,-0.09027777777777779,0.20602218700475436,23.439103061859996,,,,PRICE ONLY,,,,,Ｍマート,M - mart Inc.,グロース,,情報･通信業,情報通信・サービスその他,False,True,15.325779036827194,35.0,32.37946690001956,BASE,False
6731,2026-10-08,95.0,8515650.0,74,-0.11214953271028039,-0.18103448275862066,-0.2338709677419355,1.2576429684690085,31.60778677796466,,,,PRICE ONLY,,,,,ピクセラ,PIXELA CORPORATION,スタンダード,,電気機器,電機・精密,False,True,24.390934844192635,35.0,32.37606394742845,BASE,False
3970,2026-10-08,811.0,2716165.0,74,-0.04250295159386064,0.04915912031047864,-0.06995412844036697,0.5341246290801187,16.38266971997418,,,,PRICE ONLY,,,,,イノベーション,Innovation Inc.,スタンダード,,情報･通信業,情報通信・サービスその他,False,True,9.886685552407933,35.0,32.36693855158094,BASE,False
9976,2026-10-08,1055.0,3523370.0,74,-0.005655042412818112,0.015399422521655382,-0.12083333333333335,0.21840873634945399,32.17869056786783,,,,PRICE ONLY,,,,,セキチュー,"SEKICHU CO.,LTD.",スタンダード,,小売業,小売,False,True,12.974504249291785,35.0,32.366787490942684,BASE,False
4936,2026-10-08,285.0,16948905.0,74,-0.10377358490566035,-0.1716142190046328,-0.196926007548769,0.7757924036993804,17.882995731918168,,,,PRICE ONLY,,,,,アクシージア,AXXZIA Inc.,スタンダード,,化学,素材・化学,False,True,32.74787535410765,35.0,32.32300151052643,BASE,False
5458,2026-10-08,1313.0,3920055.0,74,-0.03526818515797203,0.08065843621399171,-0.10068493150684932,0.3672787979966611,23.946177739954255,,,,PRICE ONLY,,,,,高砂鐵工,TAKASAGO TEKKO K.K.,スタンダード,,鉄鋼,鉄鋼・非鉄,False,True,14.334277620396602,35.0,32.27825747326196,BASE,False
4389,2026-10-08,1043.0,7712340.0,74,-0.06036036036036041,-0.03693444136657431,-0.1286549707602339,0.4056795131845842,47.04209912666502,,,,PRICE ONLY,,,,,プロパティデータバンク,"Property Data Bank,Inc.",グロース,,情報･通信業,情報通信・サービスその他,False,True,23.144475920679884,35.0,32.27096770778745,BASE,False
8138,2026-10-08,4145.0,879410.6274414062,74,-0.024131169160514387,0.04513974793287212,-0.03866294134060999,0.4444444444444444,13.895741053053484,,,,PRICE ONLY,,,,,三京化成,SANKYO KASEI CORPORATION,スタンダード,,卸売業,商社・卸売,False,True,1.671388101983003,35.0,32.14323479846628,BASE,False
2916,2026-10-08,719.0,1577370.0,74,-0.032301480484522194,-0.0257452574525745,-0.05145118733509235,0.365296803652968,14.22594967178564,,,,PRICE ONLY,,,,,仙波糖化工業,"Semba Tohka Industries Co.,Ltd",スタンダード,,食料品,食品,False,True,5.127478753541077,35.0,32.138709974276956,BASE,False
7461,2026-10-08,467.0,1196930.0,74,-0.023012552301255207,-0.04303278688524592,-0.048879837067209775,0.23121387283236994,14.437122997649254,,,,PRICE ONLY,,,,,キムラ,"KIMURA CO.,LTD.",スタンダード,,卸売業,商社・卸売,False,True,3.0878186968838524,35.0,32.1328243843637,BASE,False
4177,2026-10-08,1369.0,10748260.0,74,-0.1052287581699346,-0.10814332247557001,-0.14330413016270338,0.6485771012574454,26.025040041743488,,,,PRICE ONLY,,,,,ｉ‐ｐｌｕｇ,"i-plug,Inc.",グロース,,情報･通信業,情報通信・サービスその他,False,True,27.450424929178467,35.0,32.10822876953304,BASE,False
4057,2026-10-08,345.0,1423820.0,74,-0.028169014084507005,-0.04958677685950408,-0.07258064516129037,0.6030150753768844,11.70164270852144,,,,PRICE ONLY,,,,,インターファクトリー,"Interfactory,Inc.",グロース,,情報･通信業,情報通信・サービスその他,False,True,4.164305949008498,35.0,32.08781976548447,BASE,False
9049,2026-10-07,6490.0,2388450.0,73,-0.0313432835820896,-0.078125,-0.078125,0.0,10.256329278534675,,,,PRICE ONLY,,,,,京福電気鉄道,"Keifuku Electric Railroad Co.,Ltd.",スタンダード,,陸運業,運輸・物流,False,True,8.951841359773372,35.0,32.06953604914017,BASE,False
6347,2026-10-08,246.0,3475670.0,74,-0.008064516129032251,-0.0390625,-0.12765957446808507,0.2931937172774869,11.920891548874556,,,,PRICE ONLY,,,,,プラコー,"PLACO CO.,LTD.",スタンダード,,機械,機械,False,True,12.8328611898017,35.0,32.033995514752185,BASE,False
6185,2026-10-08,362.0,2345210.0,74,-0.010928961748633892,-0.07416879795396425,-0.09950248756218905,0.47076689445709946,8.437633099873608,,,,PRICE ONLY,,,,,ＳＭＮ,SMN Corporation,スタンダード,,サービス業,情報通信・サービスその他,False,True,8.6685552407932,35.0,32.01803008529147,BASE,False
6408,2026-10-08,4240.0,1973325.0,74,0.0,0.06265664160400997,-0.10169491525423724,0.43478260869565216,17.60421118418676,,,,PRICE ONLY,,,,,小倉クラッチ,"OGURA CLUTCH CO.,LTD.",スタンダード,,機械,機械,False,True,7.053824362606233,35.0,31.99853726961568,BASE,False
6090,2026-10-08,602.0,1848385.0,74,-0.0337078651685393,0.015177065767284947,-0.06666666666666665,0.5211726384364821,14.103721454257062,,,,PRICE ONLY,,,,,ヒューマン・メタボローム・テクノロジーズ,"Human Metabolome Technologies,Inc.",スタンダード,,サービス業,情報通信・サービスその他,False,True,6.430594900849858,35.0,31.997762144920408,BASE,False
7356,2026-10-08,111.0,3586495.0,74,-0.02631578947368418,-0.0431034482758621,-0.11199999999999999,0.4399486191393706,17.0136181935858,,,,PRICE ONLY,,,,,Ｒｅｔｔｙ,Retty Inc.,グロース,,サービス業,情報通信・サービスその他,False,True,13.229461756373937,35.0,31.996493855034192,BASE,False
3645,2026-10-08,253.0,13924105.0,74,-0.07664233576642332,-0.003937007874015741,-0.16501650165016502,0.12377750611246943,23.119757680813937,,,,PRICE ONLY,,,,,メディカルネット,"Medical Net,Inc.",グロース,,情報･通信業,情報通信・サービスその他,False,True,30.39660056657224,35.0,31.981403726263856,BASE,False
6030,2026-10-08,1480.0,31176400.0,74,-0.11164465786314526,0.015089163237311354,-0.1912568306010929,0.46296296296296297,51.865982814716546,,,,PRICE ONLY,,,,,アドベンチャー,"Adventure,Inc.",グロース,,サービス業,情報通信・サービスその他,False,True,40.65155807365439,35.0,31.97950492203038,BASE,False
6867,2026-10-08,409.0,2076070.0,74,-0.012077294685990392,-0.05542725173210161,-0.09312638580931265,0.38821954484605087,13.713799466163874,,,,PRICE ONLY,,,,,リーダー電子,LEADER ELECTRONICS CORPORATION,スタンダード,,電気機器,電機・精密,False,True,7.592067988668555,35.0,31.97058452683995,BASE,False
6217,2026-10-08,750.0,42725485.0,74,-0.04580152671755722,-0.05303030303030298,-0.4692144373673036,1.060875756496974,31.528514136852078,,,,PRICE ONLY,,,,,津田駒工業,TSUDAKOMA Corp.,スタンダード,,機械,機械,False,True,44.53257790368272,35.0,31.968206374685842,BASE,False
5987,2026-10-08,1600.0,7160685.0,74,-0.029714978775015166,-0.096045197740113,-0.2195121951219512,0.7646356033452808,19.00346656072303,,,,PRICE ONLY,,,,,オーネックス,ONEX Corporation,スタンダード,,金属製品,建設・資材,False,True,22.26628895184136,35.0,31.957406675110974,BASE,False
4388,2026-10-08,351.0,4010975.0,74,-0.0714285714285714,-0.056451612903225756,-0.07387862796833777,0.48300536672629696,13.776450056926908,,,,PRICE ONLY,,,,,エーアイ,"AI,Inc.",スタンダード,,情報･通信業,情報通信・サービスその他,False,True,14.560906515580738,35.0,31.95500344516558,BASE,False
3375,2026-10-08,1738.0,1009550.0,74,-0.029050279329608908,-0.031215161649944312,-0.04189636163175303,0.17094017094017094,14.662670021814804,,,,PRICE ONLY,,,,,ＺＯＡ,ZOA CORPORATION,スタンダード,,小売業,小売,False,True,2.0113314447592066,35.0,31.93748210176185,BASE,False
3954,2026-10-08,3070.0,1364886.0070800781,74,-0.0238105478008116,0.08389518280396269,-0.05941622368485322,0.17857142857142858,28.959305985687582,,,,PRICE ONLY,,,,,昭和パックス,SHOWA PAXXS CORPORATION,スタンダード,,パルプ・紙,素材・化学,False,True,3.937677053824363,35.0,31.933003644979316,BASE,False
7992,2026-10-08,100.0,2401145.0,74,-0.04761904761904767,-0.029126213592232997,-0.06542056074766356,0.44773054015198194,16.170218456850773,,,,PRICE ONLY,,,,,セーラー万年筆,"The Sailor Pen Co.,Ltd.",スタンダード,,その他製品,情報通信・サービスその他,False,True,8.980169971671389,35.0,31.930069851667863,BASE,False
2388,2026-10-08,15.0,14371840.0,74,-0.5588235294117647,-0.6341463414634146,-0.7692307692307692,8.497851933260065,184.747931861727,,,,PRICE ONLY,,,,,ウェッジホールディングス,"Wedge Holdings CO.,LTD.",グロース,,その他金融業,金融（除く銀行）,False,True,30.878186968838527,35.0,31.925637393767705,BASE,False
3437,2026-10-08,2590.0,1124782.3254394531,74,-0.01947130435168387,-0.008793345039355804,-0.056954871594746215,0.22988505747126436,13.272534999712624,,,,PRICE ONLY,,,,,特殊電極,"TOKUDEN CO.,LTD.",スタンダード,,金属製品,建設・資材,False,True,2.6912181303116145,35.0,31.912479864318193,BASE,False
3750,2026-10-08,770.0,5804680.0,74,-0.06779661016949157,-0.04347826086956519,-0.11392405063291144,0.507399577167019,26.959091963682468,,,,PRICE ONLY,,,,,ＡＤＲバイオメディカルホールディングス,ADR Biomedical Holdings Inc.,スタンダード,,情報･通信業,情報通信・サービスその他,False,True,19.773371104815865,35.0,31.869875026886348,BASE,False
1787,2026-10-08,5670.0,1757350.0,74,0.0017667844522968323,-0.042229729729729715,-0.09999999999999998,0.3225806451612903,9.765485398380019,,,,PRICE ONLY,,,,,ナカボーテック,"Nakabohtec Corrosion Protecting Co.,Ltd.",スタンダード,,建設業,建設・資材,False,True,5.722379603399434,35.0,31.84790853047292,BASE,False
2923,2026-10-08,7170.0,25344850.0,74,-0.09583858764186637,-0.15845070422535212,-0.2015590200445434,0.5247813411078717,35.83076405831154,,,,PRICE ONLY,,,,,サトウ食品,"SATO FOODS CO.,LTD.",スタンダード,,食料品,食品,False,True,38.04532577903682,35.0,31.83056865450057,BASE,False
3646,2026-10-08,340.0,1778335.0,74,-0.02857142857142858,0.017964071856287456,-0.10526315789473684,0.6730769230769231,20.338358078148406,,,,PRICE ONLY,,,,,駅探,"Ekitan & Co.,Ltd.",スタンダード,,情報･通信業,情報通信・サービスその他,False,True,5.864022662889519,35.0,31.818863360967555,BASE,False
3991,2026-10-08,951.0,1736735.0,74,-0.005230125523012608,0.047086622226884645,-0.0942857142857143,0.32432432432432434,12.428718445732098,,,,PRICE ONLY,,,,,ウォンテッドリー,"Wantedly,Inc",グロース,,情報･通信業,情報通信・サービスその他,False,True,5.694050991501416,35.0,31.78806303751128,BASE,False
9996,2026-10-07,2019.0,1953521.0217285156,73,0.003664241315631589,-0.04955323454146465,-0.11153893755414679,0.4166666666666667,9.606088459350632,,,,PRICE ONLY,,,,,サトー商会,"Satoh&Co.,Ltd.",スタンダード,,卸売業,商社・卸売,False,True,6.9405099150141645,35.0,31.781574786171863,BASE,False
9311,2026-10-07,7450.0,2895450.0,73,-0.03746770025839796,-0.09146341463414631,-0.09146341463414631,0.2702702702702703,24.966827353940975,,,,PRICE ONLY,,,,,アサガミ,ASAGAMI CORPORATION,スタンダード,,倉庫･運輸関連業,運輸・物流,False,True,10.623229461756374,35.0,31.76033519359645,BASE,False
7215,2026-10-08,406.0,1584760.0,74,-0.04694835680751175,-0.009756097560975618,-0.10176991150442483,0.7608695652173914,8.78830730144968,,,,PRICE ONLY,,,,,ファルテック,"FALTEC Co.,Ltd.",スタンダード,,輸送用機器,自動車・輸送機,False,True,5.212464589235127,35.0,31.75730042390685,BASE,False
6543,2026-10-08,1179.0,2230285.0,74,-0.030427631578947345,0.037992651575758485,-0.0838897556730892,0.3133159268929504,15.002931949690554,,,,PRICE ONLY,,,,,日宣,NISSEN INC.,スタンダード,,サービス業,情報通信・サービスその他,False,True,8.130311614730878,35.0,31.74926932372115,BASE,False
9537,2026-10-08,4200.0,2521450.0,74,-0.025522041763341052,-0.03002309468822173,-0.09677419354838712,0.46875,9.669582767161163,,,,PRICE ONLY,,,,,北陸瓦斯,"HOKURIKU GAS CO.,LTD.",スタンダード,,電気･ガス業,電気・ガス,False,True,9.291784702549576,35.0,31.731011361158497,BASE,False
1788,2026-10-07,4060.0,1371675.0,73,-0.014563106796116498,-0.05581395348837215,-0.07622298065984068,0.0,15.249123918038071,,,,PRICE ONLY,,,,,三東工業社,SANTO CORPORATION,スタンダード,,建設業,建設・資材,False,True,4.022662889518413,35.0,31.720836330592007,BASE,False
6563,2026-10-08,443.0,6890125.0,74,-0.024229074889867808,-0.11044176706827313,-0.17504655493482313,0.2679425837320574,20.21667462939118,,,,PRICE ONLY,,,,,みらいワークス,Mirai Works Inc.,グロース,,サービス業,情報通信・サービスその他,False,True,21.728045325779036,35.0,31.718742033550015,BASE,False
3135,2026-10-08,1121.0,13001270.0,74,-0.038593481989708356,0.06255924170616112,-0.21772505233775297,0.541259982253771,18.289524515328996,,,,PRICE ONLY,,,,,マーケットエンタープライズ,"MarketEnterprise Co.,Ltd",スタンダード,,小売業,小売,False,True,29.745042492917843,35.0,31.717662892032216,BASE,False
3686,2026-10-08,55.0,32725910.0,74,-0.08333333333333337,-0.2567567567567568,-0.2763157894736842,0.7182249110057731,37.406049643044156,,,,PRICE ONLY,,,,,ディー・エル・イー,DLE Inc.,スタンダード,,情報･通信業,情報通信・サービスその他,False,True,41.01983002832861,35.0,31.71424987352376,BASE,False
4397,2026-10-08,370.0,13408110.0,74,-0.09535452322738391,-0.046391752577319534,-0.1552511415525114,0.5222488675726086,25.62659790857432,,,,PRICE ONLY,,,,,チームスピリット,TeamSpirit Inc.,グロース,,情報･通信業,情報通信・サービスその他,False,True,29.886685552407933,35.0,31.70355999747491,BASE,False
2351,2026-10-08,323.0,1922670.0,74,-0.06916426512968299,-0.05278592375366564,-0.10277777777777775,0.8153078202995009,29.08566204227723,,,,PRICE ONLY,,,,,ＡＳＪ,ASJ INC.,スタンダード,,情報･通信業,情報通信・サービスその他,False,True,6.912181303116147,35.0,31.6657215280149,BASE,False
6633,2026-10-08,306.0,2023285.0,74,-0.037735849056603765,-0.08656716417910448,-0.0892857142857143,0.5723124516627996,8.528158398767927,,,,PRICE ONLY,,,,,ＣＧＳホールディングス,CGS HOLDINGS INC.,スタンダード,,電気機器,電機・精密,False,True,7.422096317280453,35.0,31.663773164029294,BASE,False
3190,2026-10-08,569.0,878630.0,74,-0.029010238907849817,-0.01043478260869568,-0.04849498327759194,0.12861736334405144,9.998057042065062,,,,PRICE ONLY,,,,,ホットマン,"HOTMAN Co.,Ltd.",スタンダード,,小売業,小売,False,True,1.614730878186969,35.0,31.645079599417947,BASE,False
5268,2026-10-08,842.0,4433275.0,74,-0.08278867102396514,0.008383233532934131,-0.08278867102396514,0.2706359945872801,21.477998331505617,,,,PRICE ONLY,,,,,旭コンクリート工業,"ASAHI CONCRETE WORKS CO.,LTD.",スタンダード,,ガラス･土石製品,建設・資材,False,True,16.203966005665723,35.0,31.604549814889758,BASE,False
7074,2026-10-08,188.0,1016310.0,74,-0.015706806282722474,0.06818181818181812,-0.08737864077669899,0.5914972273567468,23.516373660095304,,,,PRICE ONLY,,,,,トゥエンティーフォーセブンホールディングス,Twenty-four seven Holdings Inc.,グロース,,サービス業,情報通信・サービスその他,False,True,2.0679886685552407,35.0,31.538111494486632,BASE,False
7069,2026-10-08,492.0,9216130.0,74,-0.0786516853932584,-0.32602739726027397,-0.3278688524590164,1.389416553595658,25.566329420824463,,,,PRICE ONLY,,,,,サイバー・バズ,"CyberBuzz,Inc.",グロース,,サービス業,情報通信・サービスその他,False,True,25.325779036827196,35.0,31.535089722459126,BASE,False
5189,2026-10-08,3405.0,3470602.7124023438,74,-0.030896645457432204,-0.011486824636877557,-0.13194634838298336,0.5581395348837209,18.865893655888044,,,,PRICE ONLY,,,,,櫻護謨,"SAKURA RUBBER CO.,LTD.",スタンダード,,ゴム製品,自動車・輸送機,False,True,12.71954674220963,35.0,31.476793509536385,BASE,False
3804,2026-10-08,446.0,2239700.0,74,-0.06105263157894736,0.009049773755656076,-0.06105263157894736,0.09523809523809523,20.561194407433018,,,,PRICE ONLY,,,,,システム　ディ,System D Inc.,スタンダード,,情報･通信業,情報通信・サービスその他,False,True,8.243626062322946,35.0,31.464138746299177,BASE,False
3639,2026-10-08,223.0,1102925.0,74,-0.06694560669456062,-0.03463203463203468,-0.07851239669421484,0.783068783068783,16.633738943077113,,,,PRICE ONLY,,,,,ボルテージ,Voltage Incorporation,スタンダード,,情報･通信業,情報通信・サービスその他,False,True,2.5212464589235126,35.0,31.43730081872491,BASE,False
7034,2026-10-08,299.0,9976860.0,74,-0.1282798833819242,-0.10479041916167664,-0.3399558498896247,1.6553550736633007,43.79067470097732,,,,PRICE ONLY,,,,,プロレド・パートナーズ,"Prored Partners CO.,LTD.",プライム,,サービス業,情報通信・サービスその他,False,True,26.402266288951843,35.0,31.42894500675265,BASE,False
3802,2026-10-08,479.0,1151795.0,74,-0.04771371769383703,-0.010330578512396715,-0.05522682445759364,0.5555555555555556,11.715276892254597,,,,PRICE ONLY,,,,,エコミック,"ECOMIC CO.,LTD",スタンダード,,情報･通信業,情報通信・サービスその他,False,True,2.8328611898017,35.0,31.399029063955936,BASE,False
9633,2026-10-08,1690.0,14441570.0,74,-0.11841418883672405,0.030487804878048808,-0.14646464646464652,0.5183312262958281,17.518205016317374,,,,PRICE ONLY,,,,,東京テアトル,"TOKYO THEATRES COMPANY,INCORPORATED",スタンダード,,不動産業,不動産,False,True,30.934844192634557,35.0,31.382018100758025,BASE,False
2656,2026-10-08,143.0,42354095.0,74,-0.12269938650306744,-0.08333333333333337,-0.2885572139303483,0.829066265060241,34.50749055012599,,,,PRICE ONLY,,,,,ベクターホールディングス,Vector HOLDINGS Inc.,スタンダード,,小売業,小売,False,True,44.390934844192635,35.0,31.37987365068436,BASE,False
9444,2026-10-08,259.0,13715550.0,74,-0.040740740740740744,0.04016064257028118,-0.21987951807228912,0.1349875930521092,53.59299709911034,,,,PRICE ONLY,,,,,トーシンホールディングス,"TOSHIN HOLDINGS CO.,LTD",スタンダード,,情報･通信業,情報通信・サービスその他,False,True,30.141643059490086,35.0,31.37827602058037,BASE,False
2459,2026-10-08,173.0,6727650.0,74,-0.028089887640449396,0.09493670886075956,-0.1800947867298578,0.38657437638761916,21.270985337688114,,,,PRICE ONLY,,,,,アウンコンサルティング,"AUN CONSULTING,Inc.",スタンダード,,サービス業,情報通信・サービスその他,False,True,21.5014164305949,35.0,31.37697799829748,BASE,False
3944,2026-10-07,3100.0,1037400.0,73,-0.04173106646058733,0.3025210084033614,-0.049079754601227044,0.2564102564102564,17.14589382481102,,,,PRICE ONLY,,,,,古林紙工,"Furubayashi Shiko Co.,Ltd.",スタンダード,,パルプ・紙,素材・化学,False,True,2.181303116147309,35.0,31.303246320040877,BASE,False
4335,2026-10-08,1059.0,2859250.0,74,-0.02754820936639113,-0.03551912568306015,-0.11528822055137844,0.4914933837429111,7.831701834736508,,,,PRICE ONLY,,,,,ＩＰＳホールディングス,"IPS HOLDINGS CO.,LTD.",スタンダード,,情報･通信業,情報通信・サービスその他,False,True,10.453257790368271,35.0,31.292131497591875,BASE,False
6778,2026-10-08,614.0,7605335.0,74,-0.08902077151335308,-0.08429039709638952,-0.1432891089778402,0.5716652858326429,29.77044638480067,,,,PRICE ONLY,,,,,アルチザネットワークス,"Artiza Networks,Inc.",スタンダード,,電気機器,電機・精密,False,True,23.03116147308782,35.0,31.267821230311846,BASE,False
3985,2026-10-08,184.0,2140180.0,74,-0.04663212435233166,0.022222222222222143,-0.07999999999999996,0.4058226731363035,17.55263729351331,,,,PRICE ONLY,,,,,テモナ,TEMONA.inc.,スタンダード,,情報･通信業,情報通信・サービスその他,False,True,7.8470254957507075,35.0,31.263446549927345,BASE,False
4260,2026-10-08,209.0,4762665.0,74,-0.02336448598130836,-0.12184873949579833,-0.1606425702811245,0.48451653676005896,22.58099861551571,,,,PRICE ONLY,,,,,ハイブリッドテクノロジーズ,"Hybrid Technologies Co.,Ltd.",グロース,,情報･通信業,情報通信・サービスその他,False,True,16.940509915014164,35.0,31.259007500935716,BASE,False
7425,2026-10-08,1105.0,1557850.0,74,-0.01690391459074736,-0.10016286644951145,-0.14274631497284718,0.7357859531772575,10.164796443056149,,,,PRICE ONLY,,,,,初穂商事,"HATSUHO SHOUJI CO.,LTD.",スタンダード,,卸売業,商社・卸売,False,True,4.957507082152975,35.0,31.237446891216774,BASE,False
5951,2026-10-08,1089.0,8985595.0,74,-0.08410428931875524,-0.036283185840708,-0.1903345724907063,0.7151515151515152,23.950351940272895,,,,PRICE ONLY,,,,,ダイニチ工業,"Dainichi Co.,Ltd.",スタンダード,,金属製品,建設・資材,False,True,24.872521246458923,35.0,31.232255586758512,BASE,False
7048,2026-10-08,138.0,23206745.0,74,-0.13207547169811318,-0.15337423312883436,-0.29949238578680204,1.131405207949328,26.689993703549614,,,,PRICE ONLY,,,,,ベルトラ,VELTRA Corporation,グロース,,サービス業,情報通信・サービスその他,False,True,36.77053824362606,35.0,31.194528419714356,BASE,False
9565,2026-10-08,643.0,1137555.0,74,-0.0213089802130898,-0.05856515373352855,-0.07879656160458448,0.39215686274509803,12.935643295695352,,,,PRICE ONLY,,,,,ＧＬＯＥ,GLOE Inc.,グロース,,サービス業,情報通信・サービスその他,False,True,2.8045325779036827,35.0,31.16228179898295,BASE,False
3494,2026-10-08,413.0,3944911.4820861816,74,-0.07430482147041884,-0.03600023250221385,-0.0942982456140351,0.2594594594594595,30.61228387375921,,,,PRICE ONLY,,,,,マリオン,"Mullion Co.,Ltd.",スタンダード,,不動産業,不動産,False,True,14.390934844192635,35.0,31.15875725025374,BASE,False
3224,2026-10-08,655.0,3161775.0,74,-0.05619596541786742,-0.06960227272727271,-0.09903713892709765,0.5063291139240507,14.194464859450257,,,,PRICE ONLY,,,,,ゼネラル・オイスター,"General Oyster,Inc.",グロース,,小売業,小売,False,True,11.756373937677052,35.0,31.140900193762,BASE,False
2139,2026-10-08,484.0,3144060.0,74,-0.07101727447216888,-0.05653021442495132,-0.09193245778611636,0.55,14.907245870585712,,,,PRICE ONLY,,,,,中広,"CHUCO CO.,LTD.",スタンダード,,サービス業,情報通信・サービスその他,False,True,11.671388101983004,35.0,31.137785236635363,BASE,False
4428,2026-10-08,692.0,779580.0,74,-0.015647226173541973,0.010218978102189746,-0.07486631016042777,0.07936507936507936,16.329352654765785,,,,PRICE ONLY,,,,,シノプス,sinops Inc.,グロース,,情報･通信業,情報通信・サービスその他,False,True,1.048158640226629,35.0,31.132857464738557,BASE,False
6342,2026-10-07,2832.0,1262860.8068847656,73,-0.035896544241076356,0.01940117605041669,-0.06944413915814251,0.22988505747126436,16.694216510450804,,,,PRICE ONLY,,,,,太平製作所,"Taihei Machinery Works,Limited",スタンダード,,機械,機械,False,True,3.5410764872521248,35.0,31.11339925797389,BASE,False
6824,2026-10-08,3810.0,45873525.0,74,-0.10141509433962259,-0.2944444444444444,-0.34196891191709844,0.9098862642169728,21.386242372249395,,,,PRICE ONLY,,,,,新コスモス電機,"NEW COSMOS ELECTRIC CO.,LTD.",スタンダード,,電気機器,電機・精密,False,True,45.35410764872521,35.0,31.105175181289244,BASE,False
1758,2026-10-08,2307.0,5480980.0,74,-0.09882812500000004,-0.04944375772558718,-0.09882812500000004,0.3063457330415755,34.745549886199825,,,,PRICE ONLY,,,,,太洋基礎工業,"Taiyo Kisokogyo Co.,Ltd.",スタンダード,,建設業,建設・資材,False,True,18.8385269121813,35.0,31.060255605650546,BASE,False
9171,2026-10-08,1496.0,3832140.0,74,-0.0006680026720107257,-0.17165005537098565,-0.1730237700386954,0.19120458891013384,18.422486358701164,,,,PRICE ONLY,,,,,栗林商船,"Kuribayashi Steamship Co.,Ltd.",スタンダード,,海運業,運輸・物流,False,True,14.022662889518415,35.0,31.05121424574857,BASE,False
2762,2026-10-08,68.0,12532685.0,74,-0.02857142857142858,-0.2093023255813954,-0.26881720430107525,0.6431670281995662,36.649639386405454,,,,PRICE ONLY,,,,,ＳＡＮＫＯ　ＭＡＲＫＥＴＩＮＧ　ＦＯＯＤＳ,"SANKO MARKETING FOODS CO.,LTD.",スタンダード,,小売業,小売,False,True,29.376770538243623,35.0,31.006507128650004,BASE,False
5616,2026-10-08,624.0,1797965.0,74,-0.06165413533834585,0.01298701298701288,-0.06165413533834585,0.49122807017543857,14.07934827189642,,,,PRICE ONLY,,,,,雨風太陽,"Ame Kaze Taiyo,Inc.",グロース,,情報･通信業,情報通信・サービスその他,False,True,6.118980169971672,35.0,30.99903770961195,BASE,False
9439,2026-10-08,218.0,3696500.0,74,-0.04385964912280704,-0.08786610878661083,-0.128,0.24217365623154163,8.9259180601595,,,,PRICE ONLY,,,,,エム・エイチ・グループ,M・H・GROUP LTD.,スタンダード,,サービス業,情報通信・サービスその他,False,True,13.626062322946176,35.0,30.954310208950133,BASE,False
9428,2026-10-07,1384.0,1566190.0,73,-0.06612685560053977,0.05167173252279644,-0.085261070720423,0.6635071090047393,16.113213729279966,,,,PRICE ONLY,,,,,クロップス,CROPS CORPORATION,スタンダード,,情報･通信業,情報通信・サービスその他,False,True,5.042492917847025,35.0,30.95321184364494,BASE,False
6696,2026-10-08,290.0,8978015.0,74,-0.11585365853658536,-0.08805031446540879,-0.12121212121212122,0.40556796700464,57.59344129216185,,,,PRICE ONLY,,,,,トラース・オン・プロダクト,TRaaS On Product Inc.,グロース,,電気機器,電機・精密,False,True,24.84419263456091,35.0,30.95017629483532,BASE,False
6047,2026-10-08,360.0,28635215.0,74,-0.09547738693467334,-0.21225382932166303,-0.23404255319148937,0.4387855044074437,25.1629254269998,,,,PRICE ONLY,,,,,Ｇｕｎｏｓｙ,Gunosy Inc.,スタンダード,,サービス業,情報通信・サービスその他,False,True,39.60339943342776,35.0,30.933643641630493,BASE,False
3998,2026-10-08,268.0,1849530.0,74,-0.0821917808219178,-0.1298701298701299,-0.18292682926829273,1.1764705882352942,14.500918645242386,,,,PRICE ONLY,,,,,すららネット,"SuRaLa Net Co.,Ltd.",グロース,,情報･通信業,情報通信・サービスその他,False,True,6.458923512747876,35.0,30.93131990186151,BASE,False
9331,2026-10-08,698.0,719195.0,74,-0.03324099722991691,-0.0196629213483146,-0.2510729613733905,1.4213197969543148,25.44981288773709,,,,PRICE ONLY,,,,,キャスター,Caster Co.Ltd.,グロース,,サービス業,情報通信・サービスその他,False,True,0.9348441926345609,35.0,30.922395382847146,BASE,False
6307,2026-10-08,445.0,3114870.0,74,-0.101010101010101,0.05700712589073631,-0.11530815109343939,0.7796101949025487,22.720142288336937,,,,PRICE ONLY,,,,,サンセイ,"SANSEI CO.,LTD.",スタンダード,,機械,機械,False,True,11.558073654390935,35.0,30.857821466012076,BASE,False
4017,2026-10-08,205.0,1469415.0,74,-0.04205607476635509,0.0,-0.07657657657657657,0.36262203626220363,14.92267972129753,,,,PRICE ONLY,,,,,クリーマ,CREEMA LTD.,グロース,,情報･通信業,情報通信・サービスその他,False,True,4.475920679886686,35.0,30.857379976677855,BASE,False
4487,2026-10-08,212.0,2064590.0,74,-0.09012875536480691,-0.05777777777777782,-0.11297071129707115,0.8270676691729323,16.651017883279774,,,,PRICE ONLY,,,,,スペースマーケット,"Spacemarket,Inc.",グロース,,情報･通信業,情報通信・サービスその他,False,True,7.563739376770538,35.0,30.82437927351118,BASE,False
3598,2026-10-08,155.0,2698535.0,74,-0.07738095238095233,-0.049079754601227044,-0.07738095238095233,0.5085252766975771,16.2319258756662,,,,PRICE ONLY,,,,,山喜,"YAMAKI CO.,LTD.",スタンダード,,繊維製品,素材・化学,False,True,9.80169971671388,35.0,30.74209008731302,BASE,False
7041,2026-10-08,319.0,3265595.3482055664,74,-0.07675197333045047,-0.08703889446116131,-0.10204644741968083,0.5487804878048781,21.550232709165993,,,,PRICE ONLY,,,,,ＣＲＧホールディングス,"CRG HOLDINGS CO.,LTD.",グロース,,サービス業,情報通信・サービスその他,False,True,11.954674220963172,35.0,30.660989469470085,BASE,False
2152,2026-10-07,1481.0,1185520.0,73,-0.03139306736429037,0.02279005524861888,-0.08580246913580247,0.0,15.409867817078254,,,,PRICE ONLY,,,,,幼児活動研究会,Youji Corporation,スタンダード,,サービス業,情報通信・サービスその他,False,True,3.002832861189802,35.0,30.62850972997728,BASE,False
4890,2026-10-08,256.0,12256950.0,74,-0.12627986348122866,0.049180327868852514,-0.1551155115511551,0.5406538139145013,44.896677672992055,,,,PRICE ONLY,,,,,坪田ラボ,Tsubota Laboratory Incorporated,グロース,,医薬品,医薬品,False,True,29.036827195467424,35.0,30.60039856327835,BASE,False
7983,2026-10-08,1172.0,2993675.0,74,-0.04792851340373683,0.1345595353339788,-0.11879699248120301,0.4452690166975881,17.660266716407463,,,,PRICE ONLY,,,,,ミロク,Miroku Corporation,スタンダード,,その他製品,情報通信・サービスその他,False,True,10.963172804532578,35.0,30.581326131425012,BASE,False
9959,2026-10-08,904.0,6681100.432434082,74,-0.048995878313683794,0.017574450713394807,-0.1815755115230413,0.4226312201772324,9.543082882000206,,,,PRICE ONLY,,,,,アシードホールディングス,"ASEED HOLDINGS CO.,LTD.",スタンダード,,小売業,小売,False,True,21.3314447592068,35.0,30.578083285159074,BASE,False
4351,2026-10-08,842.0,2098465.0,74,-0.02771362586605086,-0.02995391705069128,-0.1220020855057351,0.35714285714285715,9.68270007863607,,,,PRICE ONLY,,,,,山田再生系債権回収総合事務所,YAMADA SERVICER SYNTHETIC OFFICE,スタンダード,,その他金融業,金融（除く銀行）,False,True,7.64872521246459,35.0,30.50735294814907,BASE,False
8118,2026-10-08,1139.0,1764245.0,74,-0.03474576271186436,-0.09025559105431313,-0.10314960629921255,0.12944983818770225,22.613050313526166,,,,PRICE ONLY,,,,,キング,"KING Co.,Ltd.",スタンダード,,繊維製品,素材・化学,False,True,5.779036827195467,35.0,30.505019010593625,BASE,False
4576,2026-10-08,71.0,28056030.0,74,-0.202247191011236,-0.11250000000000004,-0.202247191011236,0.5658191263161916,80.50587496395416,,,,PRICE ONLY,,,,,デ・ウエスタン・セラピテクス研究所,"D.Western Therapeutics Institute, Inc.",グロース,,医薬品,医薬品,False,True,39.29178470254958,35.0,30.474117408086023,BASE,False
4582,2026-10-08,55.0,38887600.0,74,-0.08333333333333337,-0.2028985507246377,-0.2857142857142857,0.2776162996781466,34.70866616013619,,,,PRICE ONLY,,,,,シンバイオ製薬,SymBio Pharmaceuticals Limited,グロース,,医薬品,医薬品,False,True,43.31444759206799,35.0,30.4128895184136,BASE,False
6046,2026-10-08,141.0,5726955.0,74,-0.0903225806451613,0.15573770491803285,-0.1705882352941176,0.683805298186089,29.867015361747086,,,,PRICE ONLY,,,,,リンクバル,LINKBAL INC.,スタンダード,,サービス業,情報通信・サービスその他,False,True,19.54674220963173,35.0,30.38668239875021,BASE,False
9237,2026-10-08,831.0,21779045.0,74,-0.15975733063700703,0.050568900126422234,-0.16983016983016985,0.09815469179426776,59.41522387081128,,,,PRICE ONLY,,,,,笑美面,"Emimen Co.,Ltd.",グロース,,サービス業,情報通信・サービスその他,False,True,35.77903682719546,35.0,30.38632684595857,BASE,False
5380,2026-10-08,1170.0,9352175.0,74,-0.04878048780487809,0.09243697478991586,-0.27329192546583847,0.782808902532617,95.30081848034429,,,,PRICE ONLY,,,,,新東,SHINTO COMPANY LIMITED,スタンダード,,ガラス･土石製品,建設・資材,False,True,25.552407932011334,35.0,30.33426996757462,BASE,False
9704,2026-10-08,27.0,10461165.0,74,-0.0357142857142857,-0.18181818181818177,-0.2702702702702703,0.6511447508013826,43.296362406695565,,,,PRICE ONLY,,,,,アゴーラ　ホスピタリティー　グループ,"Agora Hospitality Group Co.,Ltd.",スタンダード,,サービス業,情報通信・サービスその他,False,True,27.053824362606232,35.0,30.30298010768546,BASE,False
9854,2026-10-08,262.0,10158730.0,74,-0.108843537414966,-0.07746478873239437,-0.17610062893081757,0.5561397359504615,25.259039079385992,,,,PRICE ONLY,,,,,愛眼,"AIGAN CO.,LTD.",スタンダード,,小売業,小売,False,True,26.68555240793201,35.0,30.149183664872407,BASE,False
9625,2026-10-08,901.0,4117665.0,74,-0.05157894736842106,-0.16186046511627905,-0.17490842490842495,0.6040268456375839,12.127043015812964,,,,PRICE ONLY,,,,,セレスポ,"CERESPO CO.,LTD.",スタンダード,,サービス業,情報通信・サービスその他,False,True,14.957507082152974,35.0,30.12492600138291,BASE,False
7810,2026-10-08,146.0,28640505.0,74,-0.15116279069767447,-0.07217820218197135,-0.20218579234972678,0.36904518503373546,30.052132418084,,,,PRICE ONLY,,,,,クロスフォー,"Crossfor Co.,Ltd.",スタンダード,,その他製品,情報通信・サービスその他,False,True,39.63172804532578,35.0,30.105307357699036,BASE,False
7360,2026-10-08,610.0,823430.0,74,-0.043887147335423204,-0.1029411764705882,-0.13229018492176392,0.7633587786259542,17.006095043842773,,,,PRICE ONLY,,,,,オンデック,"ONDECK Co.,Ltd.",グロース,,サービス業,情報通信・サービスその他,False,True,1.3031161473087818,35.0,30.1050723588439,BASE,False
4445,2026-10-08,1711.0,9069980.0,74,-0.1261491317671093,0.011229314420803771,-0.13976872800402207,0.21653543307086615,64.06655368397843,,,,PRICE ONLY,,,,,リビン・テクノロジーズ,Living Technologies Inc.,グロース,,情報･通信業,情報通信・サービスその他,False,True,25.01416430594901,35.0,30.028093254758193,BASE,False
2901,2026-10-08,126.0,17180235.0,74,-0.16000000000000003,-0.31601727729097784,-0.3404452316734431,1.3593962008141112,43.792257430126554,,,,PRICE ONLY,,,,,ウェルディッシュ,Wel-Dish.Incorporated,スタンダード,,食料品,食品,False,True,33.03116147308781,35.0,30.021070270658072,BASE,False
5250,2026-10-08,1015.0,2576565.0,74,-0.024038461538461564,-0.059314179796107536,-0.15416666666666667,0.46709129511677283,41.61847891549218,,,,PRICE ONLY,,,,,ＧＭＯプライム・ストラテジー,"GMO PRIME STRATEGY CO.,LTD.",スタンダード,,情報･通信業,情報通信・サービスその他,False,True,9.461756373937677,35.0,29.950615926802186,BASE,False
8836,2026-10-08,26.0,1379465.0,74,-0.0714285714285714,-0.03703703703703709,-0.0714285714285714,0.4591543906638607,25.70471714158004,,,,PRICE ONLY,,,,,ＲＩＳＥ,RISE Inc.,スタンダード,,不動産業,不動産,False,True,4.079320113314448,35.0,29.93831300225473,BASE,False
7865,2026-10-08,328.0,1219760.0,74,-0.02670623145400597,-0.02670623145400597,-0.11351351351351346,0.4087193460490463,10.819586262483286,,,,PRICE ONLY,,,,,ピープル,"People Co.,Ltd.",スタンダード,,その他製品,情報通信・サービスその他,False,True,3.229461756373938,35.0,29.93391808366254,BASE,False
2345,2026-10-08,84.0,9082410.0,74,-0.2149532710280374,-0.22935779816513757,-0.33333333333333337,1.5490030890199382,50.59237010490006,,,,PRICE ONLY,,,,,ＨＯＤＬ１,"HODL1,inc.",スタンダード,,情報･通信業,情報通信・サービスその他,False,True,25.07082152974504,35.0,29.924184899415266,BASE,False
9345,2026-10-08,584.0,629765.0,74,-0.026666666666666616,-0.025041736227045086,-0.10153846153846158,0.27906976744186046,10.594416325073055,,,,PRICE ONLY,,,,,ビズメイツ,"Bizmates,Inc.",グロース,,サービス業,情報通信・サービスその他,False,True,0.7365439093484419,35.0,29.825880210441113,BASE,False
9417,2026-10-08,332.0,1998960.0,74,-0.0292397660818714,0.02786377708978338,-0.15306122448979587,0.5509181969949917,19.954702308364,,,,PRICE ONLY,,,,,スマートバリュー,"Smartvalue Co.,Ltd.",スタンダード,,情報･通信業,情報通信・サービスその他,False,True,7.195467422096318,35.0,29.69440921232716,BASE,False
4069,2026-10-08,516.0,5628015.0,74,-0.2833333333333333,-0.2618025751072961,-0.39860139860139865,4.053198226725776,33.96895171728711,,,,PRICE ONLY,,,,,ＢｌｕｅＭｅｍｅ,BlueMeme Inc.,グロース,,情報･通信業,情報通信・サービスその他,False,True,19.23512747875354,35.0,29.64248004120525,BASE,False
2338,2026-10-08,102.0,45697105.0,74,-0.19047619047619047,-0.11304347826086958,-0.26086956521739135,0.5467304972255468,48.37700971396613,,,,PRICE ONLY,,,,,クオンタムソリューションズ,"Quantum Solutions Co.,Ltd.",スタンダード,,情報･通信業,情報通信・サービスその他,False,True,45.26912181303116,35.0,29.637100141211327,BASE,False
6634,2026-10-08,66.0,9826035.0,74,-0.08333333333333337,-0.13157894736842102,-0.20481927710843373,0.36710251231352536,26.676503621271742,,,,PRICE ONLY,,,,,ＪＮグループ,JN Group Inc.,スタンダード,,電気機器,電機・精密,False,True,26.14730878186969,35.0,29.608549536064125,BASE,False
4437,2026-10-08,724.0,2503060.0,74,-0.008219178082191747,-0.18006795016987542,-0.18006795016987542,0.08645533141210375,29.026259464343042,,,,PRICE ONLY,,,,,ｇｏｏｄｄａｙｓホールディングス,"gooddays holdings,Inc.",グロース,,情報･通信業,情報通信・サービスその他,False,True,9.178470254957508,35.0,29.594542421938264,BASE,False
2961,2026-10-07,1452.0,1370618.84765625,73,-0.022791672407202368,-0.059667493336324706,-0.1332587026013422,0.21164021164021163,34.21808366516597,,,,PRICE ONLY,,,,,日本調理機,NITCHO CORPORATION,スタンダード,,金属製品,建設・資材,False,True,3.9943342776203967,35.0,29.57938739559066,BASE,False
3841,2026-10-08,1285.0,1252415.0,74,-0.07220216606498198,0.07441471571906355,-0.08082975679542204,0.5128205128205128,22.794836872364552,,,,PRICE ONLY,,,,,ジーダット,Jedat Inc.,スタンダード,,情報･通信業,情報通信・サービスその他,False,True,3.4560906515580734,35.0,29.567075426273963,BASE,False
7578,2026-10-08,67.0,5059090.0,74,-0.18292682926829273,-0.10666666666666669,-0.18292682926829273,0.9747899159663865,30.46930759319764,,,,PRICE ONLY,,,,,ニチリョク,"NICHIRYOKU CO.,LTD.",スタンダード,,小売業,小売,False,True,17.592067988668557,35.0,29.488557752956776,BASE,False
3895,2026-10-08,419.0,9174940.0,74,-0.14314928425357876,0.03456790123456788,-0.26362038664323373,1.097293343087052,21.40226514640771,,,,PRICE ONLY,,,,,ハビックス,HAVIX CORPORATION,スタンダード,,パルプ・紙,素材・化学,False,True,25.21246458923513,35.0,29.441667655256722,BASE,False
9087,2026-10-07,2050.0,1523480.0,73,-0.05486399262332875,0.02499999999999991,-0.10869565217391308,0.0,34.249022304438235,,,,PRICE ONLY,,,,,タカセ,TAKASE CORPORATION,スタンダード,,陸運業,運輸・物流,False,True,4.787535410764873,35.0,29.43670435370096,BASE,False
3987,2026-10-08,616.0,5706680.0,74,-0.0680786686838124,0.06206896551724128,-0.18626155878467632,0.33622007131940906,25.369200431969546,,,,PRICE ONLY,,,,,エコモット,Ecomott Inc.,グロース,,情報･通信業,情報通信・サービスその他,False,True,19.518413597733712,35.0,29.408913418456912,BASE,False
4422,2026-10-08,482.0,38760540.0,74,-0.19397993311036787,-0.13464991023339323,-0.24687499999999996,0.37716352363730304,56.54274507832865,,,,PRICE ONLY,,,,,ＶＡＬＵＥＮＥＸ,VALUENEX Japan Inc.,グロース,,情報･通信業,情報通信・サービスその他,False,True,43.22946175637394,35.0,29.37245485127479,BASE,False
4014,2026-10-08,438.0,24683925.0,74,-0.17669172932330823,-0.15280464216634426,-0.21364452423698388,0.12413014858002633,52.63651126584749,,,,PRICE ONLY,,,,,カラダノート,"KARADANOTE,INC.",グロース,,情報･通信業,情報通信・サービスその他,False,True,37.507082152974505,35.0,29.307969392892925,BASE,False
9562,2026-10-08,586.0,6027218.6599731445,74,-0.09582047094630097,0.20075036392300083,-0.16614557771219784,0.14720314033366044,62.981165519862984,,,,PRICE ONLY,,,,,ビジネスコーチ,Business Coach Inc.,グロース,,サービス業,情報通信・サービスその他,False,True,20.283286118980172,35.0,29.264509801419283,BASE,False
5341,2026-10-08,125.0,4294335.0,74,-0.1496598639455783,-0.2897727272727273,-0.3351063829787234,1.7308009909165978,20.84397915027138,,,,PRICE ONLY,,,,,ＡＳＡＨＩ　ＥＩＴＯホールディングス,"ASAHI EITO HOLDINGS CO.,LTD.",スタンダード,,ガラス･土石製品,建設・資材,False,True,15.524079320113316,35.0,29.18086016423831,BASE,False
9229,2026-10-08,110.0,15518325.0,74,-0.03508771929824561,-0.2715231788079471,-0.32515337423312884,0.6058900109074276,25.641695549796843,,,,PRICE ONLY,,,,,サンウェルズ,"SUNWELS Co.,Ltd.",プライム,,サービス業,情報通信・サービスその他,False,True,31.728045325779036,35.0,29.17390743268879,BASE,False
6181,2026-10-08,81.0,5682440.0,74,-0.13829787234042556,-0.012195121951219523,-0.18999999999999995,0.8412358519424901,17.465075342774274,,,,PRICE ONLY,,,,,タメニー,Tameny Inc.,グロース,,サービス業,情報通信・サービスその他,False,True,19.405099150141645,35.0,29.13214131511606,BASE,False
6380,2026-10-08,3545.0,37798059.07836914,74,-0.16063147793815868,-0.18188134746356133,-0.2539924907675899,0.01662510390689942,26.89939204494889,,,,PRICE ONLY,,,,,オリエンタルチエン工業,"ORIENTAL CHAIN MFG. CO.,LTD.",スタンダード,,機械,機械,False,True,42.861189801699716,35.0,29.067482010393274,BASE,False
7699,2026-10-08,654.0,1424610.0,74,-0.05079825834542817,-0.11621621621621625,-0.12096774193548387,0.28368794326241137,28.693417635355694,,,,PRICE ONLY,,,,,オムニ・プラス・システム・リミテッド,OMNI-PLUS SYSTEM LIMITED,グロース,,卸売業,商社・卸売,False,True,4.192634560906516,35.0,29.05827787029197,BASE,False
9240,2026-10-08,367.0,10135410.0,74,-0.11566265060240966,-0.06852791878172593,-0.1916299559471366,0.18224117875145404,49.24404002533739,,,,PRICE ONLY,,,,,デリバリーコンサルティング,Delivery Consulting Inc.,グロース,,サービス業,情報通信・サービスその他,False,True,26.657223796033996,35.0,29.030751741699387,BASE,False
3566,2026-10-08,695.0,5243770.0,74,-0.037396121883656486,-0.2102272727272727,-0.2269187986651835,0.4880817253121453,28.682574521208014,,,,PRICE ONLY,,,,,ユニフォームネクスト,"UNIFORM NEXT CO.,LTD.",グロース,,小売業,小売,False,True,18.186968838526912,35.0,28.87323720364727,BASE,False
3111,2026-10-08,170.0,1469475.0,74,-0.06077348066298338,0.042944785276073594,-0.11917098445595853,0.39215686274509803,22.285793149986986,,,,PRICE ONLY,,,,,オーミケンシ,"OMIKENSHI CO.,LTD.",スタンダード,,繊維製品,素材・化学,False,True,4.504249291784703,35.0,28.836987812236003,BASE,False
6495,2026-10-08,100.0,34243880.0,74,-0.1071428571428571,-0.24242424242424243,-0.30069930069930073,0.5036638253327351,19.749380185549185,,,,PRICE ONLY,,,,,宮入バルブ製作所,"MIYAIRI VALVE MFG.CO.,LTD.",スタンダード,,機械,機械,False,True,41.5014164305949,35.0,28.771369270711986,BASE,False
5216,2026-10-08,129.0,15229130.0,74,-0.16233766233766234,-0.1103448275862069,-0.29891304347826086,1.0061742510862108,32.43339773939865,,,,PRICE ONLY,,,,,倉元製作所,"KURAMOTO CO.,LTD.",スタンダード,,ガラス･土石製品,建設・資材,False,True,31.52974504249292,35.0,28.715770102696514,BASE,False
3184,2026-10-07,4095.0,820200.0,73,-0.025000000000000022,-0.0859375,-0.1406086044071354,0.5,9.501213622223334,,,,PRICE ONLY,,,,,ＩＣＤＡホールディングス,"International Conglomerate of Distribution for Automobile Holdings Co.,Ltd.",スタンダード,,小売業,小売,False,True,1.246458923512748,35.0,28.715226427184934,BASE,False
6897,2026-10-08,530.0,39243425.0,74,-0.21597633136094674,-0.21486053510338843,-0.2707882396934992,0.19962293445713652,34.565769499771214,,,,PRICE ONLY,,,,,ツインバード,TWINBIRD CORPORATION,スタンダード,,電気機器,電機・精密,False,True,43.48441926345609,35.0,28.646266062652494,BASE,False
7090,2026-10-08,877.0,1650815.0,74,-0.07489451476793252,0.140442132639792,-0.11592741935483875,0.22598870056497175,25.04104062915447,,,,PRICE ONLY,,,,,リグア,Ligua Inc.,グロース,,サービス業,情報通信・サービスその他,False,True,5.4390934844192635,35.0,28.645222775808193,BASE,False
6772,2026-10-08,1000.0,2233880.0,74,-0.06542056074766356,-0.09090909090909094,-0.14383561643835618,0.0847457627118644,27.5240205017388,,,,PRICE ONLY,,,,,東京コスモス電機,"Tokyo Cosmos Electric Co.,Ltd.",スタンダード,,電気機器,電機・精密,False,True,8.21529745042493,35.0,28.61826844448995,BASE,False
7501,2026-10-07,1403.0,338075.0,73,-0.03573883161512026,-0.032413793103448274,-0.1291123525760397,0.40816326530612246,24.957570077505682,,,,PRICE ONLY,,,,,ティムコ,TIEMCO LTD.,スタンダード,,卸売業,商社・卸売,False,True,0.254957507082153,35.0,28.522365815891018,BASE,False
5695,2026-10-07,2765.0,928258.203125,73,-0.04693035557415526,-0.044988606924824204,-0.13194179108287074,0.0,18.557877722795844,,,,PRICE ONLY,,,,,パウダーテック,"Powdertech Co.,Ltd.",スタンダード,,鉄鋼,鉄鋼・非鉄,False,True,1.7847025495750706,35.0,28.35264868003639,BASE,False
8938,2026-10-08,316.0,2680615.0,74,-0.059523809523809534,-0.0971428571428572,-0.16842105263157892,0.4436229205175601,35.98886921244317,,,,PRICE ONLY,,,,,グローム・ホールディングス,"GLOME Holdings,Inc.",グロース,,不動産業,不動産,False,True,9.745042492917847,35.0,28.327365104383784,BASE,False
3796,2026-10-08,284.0,9828790.0,74,-0.1597633136094675,0.055762081784386686,-0.17441860465116277,0.36964688204357626,34.988873475539165,,,,PRICE ONLY,,,,,いい生活,"e-Seikatsu Co.,Ltd.",スタンダード,,情報･通信業,情報通信・サービスその他,False,True,26.175637393767705,35.0,28.316522827590752,BASE,False
9241,2026-10-08,1230.0,1461430.0,74,-0.047250193648334604,-0.1151079136690647,-0.20542635658914732,0.759493670886076,19.639933641510222,,,,PRICE ONLY,,,,,フューチャーリンクネットワーク,"Future Link Network Co.,Ltd.",グロース,,サービス業,情報通信・サービスその他,False,True,4.419263456090651,35.0,28.210304411463685,BASE,False
9610,2026-10-08,104.0,21668390.0,74,-0.14049586776859502,-0.04587155963302747,-0.24637681159420288,0.26756625615194435,31.20872001123964,,,,PRICE ONLY,,,,,ウィルソン・ラーニング　ワールドワイド,WILSON LEARNING WORLDWIDE INC.,スタンダード,,サービス業,情報通信・サービスその他,False,True,35.69405099150141,35.0,28.20741978370829,BASE,False
9539,2026-10-08,1284.0,2647595.0,74,-0.06413994169096215,-0.11631108052305572,-0.16731517509727623,0.2857142857142857,15.497199845747666,,,,PRICE ONLY,,,,,京葉瓦斯,"KEIYO GAS CO.,LTD.",スタンダード,,電気･ガス業,電気・ガス,False,True,9.660056657223796,35.0,28.188041568521722,BASE,False
3726,2026-10-08,336.0,9997890.0,74,-0.16417910447761197,-0.07438016528925617,-0.18048780487804883,0.48467046080411236,29.898586486101475,,,,PRICE ONLY,,,,,フォーシーズＨＤ,"4Cs HD Co.,Ltd.",スタンダード,,小売業,小売,False,True,26.430594900849858,35.0,28.170265321633387,BASE,False
7135,2026-10-08,170.0,5301435.0,74,-0.05555555555555558,-0.22374429223744297,-0.23076923076923073,0.4682706281285322,13.795806554342906,,,,PRICE ONLY,,,,,ジャパンクラフトホールディングス,"JAPAN CRAFT HOLDINGS CO.,LTD.",スタンダード,,小売業,小売,False,True,18.38526912181303,35.0,28.165149062457843,BASE,False
7140,2026-10-08,797.0,795495.0,74,-0.0025031289111389077,-0.009937888198757738,-0.18172484599589322,0.4694835680751174,6.156203635961481,,,,PRICE ONLY,,,,,ペットゴー,Petgo Corporation,グロース,,小売業,小売,False,True,1.13314447592068,35.0,28.12760698050713,BASE,False
4424,2026-10-08,301.0,14978335.0,74,-0.10946745562130178,-0.04746835443037978,-0.26405867970660146,0.30914826498422715,37.3268126461271,,,,PRICE ONLY,,,,,Ａｍａｚｉａ,"Amazia,inc.",グロース,,情報･通信業,情報通信・サービスその他,False,True,31.189801699716714,35.0,27.795740485319875,BASE,False
2693,2026-10-08,274.0,10760120.0,74,-0.02491103202846978,-0.24931506849315066,-0.3317073170731707,0.48711703627740033,18.497789261584998,,,,PRICE ONLY,,,,,ＹＫＴ,YKT CORPORATION,スタンダード,,卸売業,商社・卸売,False,True,27.47875354107649,35.0,27.754027519504003,BASE,False
1382,2026-10-08,830.0,3120390.0,74,-0.05251141552511418,-0.2433910665451231,-0.4211159160174679,1.4480874316939891,64.79776739543347,,,,PRICE ONLY,,,,,ホーブ,"HOB Co.,Ltd.",スタンダード,,水産・農林業,食品,False,True,11.614730878186968,35.0,27.73599480702198,BASE,False
4074,2026-10-08,800.0,2022390.0,74,0.0012515644555695093,0.020408163265306145,-0.23809523809523814,0.17667844522968199,21.997081289925095,,,,PRICE ONLY,,,,,ラキール,"LaKeel,Inc.",グロース,,情報･通信業,情報通信・サービスその他,False,True,7.365439093484419,35.0,27.6707605047926,BASE,False
3189,2026-10-08,82.0,29472050.0,74,-0.2678571428571429,-0.2038834951456311,-0.49693251533742333,1.071782997022825,66.57545501146541,,,,PRICE ONLY,,,,,ＡＮＡＰホールディングス,ANAP HOLDINGS INC.,スタンダード,,小売業,小売,False,True,39.94334277620396,35.0,27.550555202059627,BASE,False
6620,2026-10-08,618.0,29440400.0,74,-0.13323983169705467,-0.15573770491803274,-0.38811881188118813,0.9283704825795283,18.688731102401846,,,,PRICE ONLY,,,,,宮越ホールディングス,"Miyakoshi Holdings,Inc.",プライム,,不動産業,不動産,False,True,39.91501416430595,35.0,27.5495790057347,BASE,False
9235,2026-10-08,389.0,25434810.0,74,-0.19958847736625518,-0.22199999999999998,-0.27425373134328357,0.29577579867636244,42.42507919731727,,,,PRICE ONLY,,,,,売れるネット広告社グループ,"Ureru Net Advertising Group Co.,Ltd.",グロース,,サービス業,情報通信・サービスその他,False,True,38.15864022662889,35.0,27.468481776669066,BASE,False
3712,2026-10-08,916.0,5368882.344055176,74,-0.15172979872343562,-0.04515000715131734,-0.1601817279555695,0.32,23.73165773229326,,,,PRICE ONLY,,,,,情報企画,"Information Planning CO.,LTD.",スタンダード,,情報･通信業,情報通信・サービスその他,False,True,18.58356940509915,35.0,27.260807722463824,BASE,False
5240,2026-10-08,169.0,20604940.0,74,-0.1633663366336634,0.30000000000000004,-0.32399999999999995,0.7950028392958546,32.26524110747515,,,,PRICE ONLY,,,,,ｍｏｎｏＡＩ　ｔｅｃｈｎｏｌｏｇｙ,"monoAI technology Co.,Ltd.",グロース,,情報･通信業,情報通信・サービスその他,False,True,35.01416430594901,35.0,27.189518456495502,BASE,False
9679,2026-10-08,2040.0,2209941.6040039062,74,-0.11348425184319444,-0.11157364415099968,-0.13759449899432263,0.46511627906976744,22.736043326467772,,,,PRICE ONLY,,,,,ホウライ,"HORAI Co.,Ltd.",スタンダード,,サービス業,情報通信・サービスその他,False,True,8.045325779036826,35.0,27.13921244672521,BASE,False
9327,2026-10-08,179.0,2347430.0,74,-0.0478723404255319,-0.09595959595959591,-0.21145374449339205,0.3662420382165605,22.037045348014733,,,,PRICE ONLY,,,,,イー・ロジット,"e-LogiT co.,ltd.",スタンダード,,倉庫･運輸関連業,運輸・物流,False,True,8.696883852691219,35.0,27.11864983134191,BASE,False
5242,2026-10-08,1982.0,16380915.0,74,-0.2134920634920635,1.2446206115515288,-0.2683647102251754,0.5778003041054233,69.2357364883308,,,,PRICE ONLY,,,,,アイズ,"EYEZ,INC.",グロース,,情報･通信業,情報通信・サービスその他,False,True,32.40793201133145,35.0,27.028402013984245,BASE,False
1773,2026-10-08,83.0,1793617.921447754,74,-0.07714136293092877,0.07866594537311866,-0.1694272195921246,0.18561484918793503,41.55201229609716,,,,PRICE ONLY,,,,,ワイ・ティー・エル・コーポレーション・バーハッド,YTL Corporation Berhad,プライム,,建設業,建設・資材,False,True,6.062322946175637,35.0,26.954090366287808,BASE,False
6656,2026-10-08,796.0,27592065.0,74,-0.053507728894173656,-0.3421487603305785,-0.4168498168498168,0.4629374483328741,31.311969647474935,,,,PRICE ONLY,,,,,インスペック,inspec Inc.,スタンダード,,電気機器,電機・精密,False,True,39.036827195467424,35.0,26.86567187700753,BASE,False
9051,2026-10-08,1140.0,2510621.6064453125,74,-0.1279093058847688,-0.12458072792999253,-0.15800353662893973,0.5607476635514018,19.40843278602403,,,,PRICE ONLY,,,,,センコン物流,"SENKON LOGISTICS CO.,LTD",スタンダード,,陸運業,運輸・物流,False,True,9.23512747875354,35.0,26.624290205794104,BASE,False
7112,2026-10-08,541.0,7303345.0,74,-0.22492836676217765,-0.23153409090909094,-0.24861111111111112,0.7113316790736146,34.76281298055831,,,,PRICE ONLY,,,,,キューブ,"CUBE CO.,LTD.",グロース,,小売業,小売,False,True,22.46458923512748,35.0,26.57193459640515,BASE,False
4378,2026-10-08,456.0,7416330.0,74,-0.15555555555555556,-0.12138728323699421,-0.20695652173913048,0.32608695652173914,35.320049110577216,,,,PRICE ONLY,,,,,ＣＩＮＣ,CINC Corp.,グロース,,情報･通信業,情報通信・サービスその他,False,True,22.6628895184136,35.0,26.55649094716098,BASE,False
9258,2026-10-08,295.0,617270.0,74,-0.05144694533762062,0.03508771929824572,-0.17827298050139273,0.045351473922902494,25.798206054633926,,,,PRICE ONLY,,,,,ＣＳ−Ｃ,"CS-C.Co.,Ltd.",グロース,,サービス業,情報通信・サービスその他,False,True,0.6515580736543909,35.0,26.465401622574337,BASE,False
9342,2026-10-08,865.0,1855215.0,74,-0.1306532663316583,0.0535931790499391,-0.1306532663316583,0.04926108374384237,30.322613842069686,,,,PRICE ONLY,,,,,スマサポ,Sumasapo Inc.,グロース,,サービス業,情報通信・サービスその他,False,True,6.4872521246458925,35.0,26.464535852064856,BASE,False
7946,2026-09-30,322.0,8494085.0,68,-0.0720461095100865,-0.07999999999999996,-0.303030303030303,0.0847457627118644,116.52826370595066,,,,PRICE ONLY,,,,,光陽社,KOYOSHA INC.,スタンダード,,その他製品,情報通信・サービスその他,False,True,24.362606232294617,35.0,26.44674121477111,BASE,False
3930,2026-10-08,757.0,7928850.0,74,-0.02699228791773778,-0.33008849557522124,-0.3474137931034482,0.36329762459245457,17.367975394258533,,,,PRICE ONLY,,,,,はてな,"Hatena Co.,Ltd.",グロース,,情報･通信業,情報通信・サービスその他,False,True,23.512747875354105,35.0,26.3790085706006,BASE,False
6573,2026-10-08,23.0,9587495.0,74,-0.1785714285714286,0.0,-0.25806451612903225,0.599975742220665,42.37164919987988,,,,PRICE ONLY,,,,,ＣＲＡＶＩＡ,CRAVIA Inc.,グロース,,サービス業,情報通信・サービスその他,False,True,25.892351274787533,35.0,26.207878428901726,BASE,False
9941,2026-10-08,1043.0,27432300.0,74,-0.1520325203252032,-0.25393419170243203,-0.3601226993865031,0.6826070188970305,37.584635014019405,,,,PRICE ONLY,,,,,太洋物産,"TAIYO BUSSAN KAISHA,LTD.",スタンダード,,卸売業,商社・卸売,False,True,39.008498583569406,35.0,26.065092112632733,BASE,False
4265,2026-10-08,248.0,9718165.0,74,-0.12676056338028174,-0.3591731266149871,-0.45614035087719296,1.1159037150410462,30.566158115562974,,,,PRICE ONLY,,,,,Ｉｎｓｔｉｔｕｔｉｏｎ　ｆｏｒ　ａ　Ｇｌｏｂａｌ　Ｓｏｃｉｅｔｙ,Institution for a Global Society Corporation,グロース,,情報･通信業,情報通信・サービスその他,False,True,26.033994334277622,35.0,25.85960431790046,BASE,False
9244,2026-10-08,1080.0,22838130.0,74,-0.2447552447552448,-0.1462450592885376,-0.38108882521489973,0.7981492192018508,102.11158583876087,,,,PRICE ONLY,,,,,デジタリフト,DIGITALIFT Inc.,グロース,,サービス業,情報通信・サービスその他,False,True,36.45892351274787,35.0,25.644059344411005,BASE,False
3409,2026-10-08,74.0,5103090.0,74,-0.1777777777777778,-0.22916666666666663,-0.2525252525252525,0.7174484052532834,31.624089908204482,,,,PRICE ONLY,,,,,北紡,"KITABO CO.,LTD",スタンダード,,繊維製品,素材・化学,False,True,17.790368271954673,35.0,25.550658982342117,BASE,False
3174,2026-10-08,335.0,9783020.0,74,-0.16040100250626566,-0.178921568627451,-0.26211453744493396,0.1880759826970096,16.689891069841924,,,,PRICE ONLY,,,,,ハピネス・アンド・ディ,"Happiness and D Co.,Ltd.",スタンダード,,小売業,小売,False,True,26.11898016997167,35.0,25.455073567033978,BASE,False
7565,2026-10-07,7190.0,2826050.0,73,-0.15906432748538013,0.13406940063091488,-0.16685979142526075,0.2777777777777778,30.17935753218722,,,,PRICE ONLY,,,,,萬世電機,MANSEI CORPORATION,スタンダード,,卸売業,商社・卸売,False,True,10.36827195467422,35.0,25.40071116961387,BASE,False
8894,2026-10-08,14.0,16608235.0,74,-0.33333333333333337,-0.46153846153846156,-0.5,0.968454113915983,92.04106001997008,,,,PRICE ONLY,,,,,ＲＥＶＯＬＵＴＩＯＮ,"REVOLUTION CO.,LTD.",スタンダード,,不動産業,不動産,False,True,32.577903682719544,35.0,25.388608162650463,BASE,False
9256,2026-10-08,962.0,19016670.0,74,-0.07677543186180424,-0.7706793802145411,-0.822181146025878,0.4892661008487269,28.14638258192134,,,,PRICE ONLY,,,,,サクシード,"Succeed co.,ltd.",グロース,,サービス業,情報通信・サービスその他,False,True,34.13597733711048,35.0,25.087752089303095,BASE,False
5129,2026-10-08,242.0,20053390.0,74,-0.1387900355871886,-0.09701492537313428,-0.42654028436018954,0.7729239523442594,29.282326422504873,,,,PRICE ONLY,,,,,ＦＩＸＥＲ,FIXER Inc.,グロース,,情報･通信業,情報通信・サービスその他,False,True,34.759206798866856,35.0,24.905676012412442,BASE,False
7603,2026-10-08,32.0,21431905.0,74,-0.19999999999999996,-0.4576271186440678,-0.4576271186440678,0.7727033948387944,53.14518061612268,,,,PRICE ONLY,,,,,ジーイエット,"Gyet Co.,Ltd.",スタンダード,,小売業,小売,False,True,35.552407932011334,35.0,24.678504218660894,BASE,False
7886,2026-10-08,562.0,1258600.0,74,-0.05387205387205385,-0.22052704576976423,-0.2506666666666667,0.25806451612903225,35.79885180182453,,,,PRICE ONLY,,,,,ヤマト　モビリティ　＆　Ｍｆｇ．,"YAMATO Mobility & Mfg. Co.,Ltd.",スタンダード,,化学,素材・化学,False,True,3.5127478753541075,35.0,24.60169820421945,BASE,False
6198,2026-10-08,192.0,789420.0,74,-0.08133971291866027,-0.16157205240174677,-0.2098765432098766,0.15765765765765766,14.599368409706539,,,,PRICE ONLY,,,,,キャリア,"CAREER CO.,LTD.",グロース,,サービス業,情報通信・サービスその他,False,True,1.076487252124646,35.0,24.498376781749876,BASE,False
6577,2026-10-08,1250.0,24181890.0,74,-0.3628950050968399,-0.4594805164368069,-0.47011445527766005,0.6852248394004282,75.35168444467043,,,,PRICE ONLY,,,,,ベストワンドットコム,"Bestone.Com Co.,Ltd",グロース,,サービス業,情報通信・サービスその他,False,True,37.195467422096314,35.0,24.423925747088784,BASE,False
9238,2026-10-08,358.0,1482000.0,74,-0.07012987012987015,-0.0843989769820972,-0.2510460251046025,0.34146341463414637,14.859575230573654,,,,PRICE ONLY,,,,,バリュークリエーション,"VALUE CREATION CO.,LTD.",グロース,,サービス業,情報通信・サービスその他,False,True,4.5609065155807365,35.0,24.24158993990673,BASE,False
4170,2026-10-08,109.0,34965930.0,74,-0.15503875968992253,-0.08403361344537819,-0.5281385281385281,0.3487512000125903,34.46230437616463,,,,PRICE ONLY,,,,,Ｋａｉｚｅｎ　Ｐｌａｔｆｏｒｍ,"Kaizen Platform,Inc.",グロース,,情報･通信業,情報通信・サービスその他,False,True,41.8413597733711,35.0,24.11827195467422,BASE,False
7878,2026-10-08,1010.0,17120975.0,74,-0.32666666666666666,-0.36317780580075665,-0.4376391982182628,0.7591344448385953,70.74492500238144,,,,PRICE ONLY,,,,,光・彩,"Kohsai Co.,Ltd.",スタンダード,,その他製品,情報通信・サービスその他,False,True,32.946175637393765,35.0,24.066798093069387,BASE,False
3195,2026-10-08,439.0,32850685.0,74,-0.3834269662921348,-0.13412228796844183,-0.39780521262002744,0.2336550322908352,78.16112740574289,,,,PRICE ONLY,,,,,ジェネレーションパス,"GENERATION PASS CO.,LTD.",スタンダード,,小売業,小売,False,True,41.04815864022663,35.0,24.030962317894435,BASE,False
2721,2026-10-08,100.0,4643940.0,74,-0.06542056074766356,-0.2063492063492064,-0.3421052631578947,0.43577235772357725,19.198360475938927,,,,PRICE ONLY,,,,,ジェイホールディングス,J-Holdings Corp.,スタンダード,,卸売業,商社・卸売,False,True,16.628895184135978,35.0,23.857224472847157,BASE,False
8783,2026-10-08,44.0,24273395.0,74,-0.13725490196078427,-0.46341463414634143,-0.5319148936170213,0.4435704350328553,40.64605237270065,,,,PRICE ONLY,,,,,ａｂｃ,"abc Co.,Ltd.",スタンダード,,その他金融業,金融（除く銀行）,False,True,37.25212464589235,35.0,23.63739971909444,BASE,False
2164,2026-10-08,100.0,5547825.0,74,-0.15966386554621848,-0.37106918238993714,-0.4350282485875706,1.0623512613041408,23.22753369312464,,,,PRICE ONLY,,,,,地域新聞社,"CHIIKISHINBUNSHA CO.,LTD.",スタンダード,,サービス業,情報通信・サービスその他,False,True,19.15014164305949,35.0,23.329036737306172,BASE,False
4760,2026-10-08,1212.0,5005250.0,74,-0.2145171743357096,-0.24019110195854254,-0.275084686709553,0.24906600249066002,48.098797266113515,,,,PRICE ONLY,,,,,アルファ,"ALPHA CO.,LTD.",スタンダード,,サービス業,情報通信・サービスその他,False,True,17.507082152974505,35.0,23.311164112534428,BASE,False
4881,2026-10-08,45.0,7897420.0,74,-0.11764705882352944,-0.34782608695652173,-0.4,0.7231046133442799,28.11260663095172,,,,PRICE ONLY,,,,,ファンペップ,FunPep Company Limited,グロース,,医薬品,医薬品,False,True,23.39943342776204,35.0,23.026494471993264,BASE,False
3192,2026-10-08,216.0,18514570.0,74,-0.22580645161290325,-0.3915492957746479,-0.4033149171270718,0.5456827640879963,70.53667863042897,,,,PRICE ONLY,,,,,白鳩,"Shirohato Co.,Ltd.",スタンダード,,小売業,小売,False,True,33.85269121813031,35.0,22.825090004212704,BASE,False
9257,2026-10-07,499.0,963935.0,73,-0.03481624758220503,-0.22635658914728685,-0.35022096386086066,0.0,29.226042367713884,,,,PRICE ONLY,,,,,ＹＣＰホールディングス（グローバル）リミテッド,YCP Holdings (Global) Limited,グロース,,サービス業,情報通信・サービスその他,False,True,1.8696883852691217,35.0,21.690913577328825,BASE,False
7815,2026-10-08,326.0,1241810.0,74,-0.07386363636363635,-0.20873786407766992,-0.3360488798370672,0.23136246786632392,31.00259623159682,,,,PRICE ONLY,,,,,東京ボード工業,"TOKYO BOARD INDUSTRIES CO.,LTD.",スタンダード,,その他製品,情報通信・サービスその他,False,True,3.342776203966006,35.0,21.107356256478127,BASE,False
